uid,formula,reduced_formula,gap_pbe_2d,gap_hse_2d,ehull,dyn_stab,gap_pbe_bulk_mean,gap_pbe_bulk_min,gap_pbe_bulk_max,gap_hse_bulk_mean,n_bulk_matches,material_ids,delta_gap_pbe,delta_gap_hse
1AgCrP2S6-1,Cr1 Ag1 P2 S6,CrAg(PS3)2,1.009853264090903,2.0120057332509953,0.008316508723440563,Yes,0.9260000000000002,0.9260000000000002,0.9260000000000002,2.246493,1,mp-557592,0.08385326409090288,-0.23448726674900477
2AgCrP2S6-1,Cr2 Ag2 P4 S12,CrAg(PS3)2,0.9970750904765358,2.715331098741717,0.0,Yes,0.9260000000000002,0.9260000000000002,0.9260000000000002,2.246493,1,mp-557592,0.0710750904765356,0.4688380987417169
1AgGaP2Se6-1,Ga1 Ag1 P2 Se6,GaAg(PSe3)2,0.9098135444974016,1.6935745501713457,0.0012600539809008993,Yes,1.08175,0.6647999999999996,1.4987000000000001,1.326466,2,mp-654129|mp-7008,-0.1719364555025984,0.3671085501713458
1AgScP2Se6-1,Sc1 Ag1 P2 Se6,ScAg(PSe3)2,1.6339637031428778,2.7754717110836995,0.0,Yes,1.6451,1.6451,1.6451,2.57941,1,mp-13383,-0.011136296857122252,0.1960617110836993
4AsLiS2-1,Li4 As4 S8,LiAsS2,1.2504697042311885,1.8733839578027418,0.018158329043929666,Yes,1.0664000000000002,1.0664000000000002,1.0664000000000002,2.1020440000000002,1,mp-555874,0.1840697042311883,-0.22866004219725844
4AsLiS2-2,Li4 As4 S8,LiAsS2,1.2537498717246565,1.8825641176269554,0.019523303366874356,Yes,1.0664000000000002,1.0664000000000002,1.0664000000000002,2.1020440000000002,1,mp-555874,0.18734987172465623,-0.21947988237304483
1OVBr2-1,V1 Br2 O1,VBr2O,0.7695812656720582,3.019085807490825,0.0,Yes,,,,0.949158,1,mp-32450,,2.069927807490825
2BrCuTe2-1,Cu2 Te4 Br2,CuTe2Br,0.8727809729858376,2.2990977805411936,0.01197177271227412,Yes,0.7393000000000001,0.7393000000000001,0.7393000000000001,1.556149,1,mp-31036,0.1334809729858375,0.7429487805411936
4AsNaO2-2,Na4 As4 O8,NaAsO2,4.333075900687465,5.612714802451468,0.0002311434729449502,Yes,3.6826,3.6341,3.7311,4.8345655,2,mp-556145|mp-3468,0.6504759006874652,0.7781493024514683
4AsNaO2-1,Na4 As4 O8,NaAsO2,4.359538407596785,5.635495958121257,0.0,Yes,3.6826,3.6341,3.7311,4.8345655,2,mp-556145|mp-3468,0.6769384075967855,0.8009304581212566
4LiSbO2-1,Li4 Sb4 O8,LiSbO2,3.248130110070308,4.431806733853256,0.0,Yes,2.0381,2.0381,2.0381,2.9014100000000003,1,mp-755703,1.2100301100703081,1.530396733853256
4LiSbO2-2,Li4 Sb4 O8,LiSbO2,3.2966808970047214,4.4696488437103215,0.0031856742320321985,Yes,2.0381,2.0381,2.0381,2.9014100000000003,1,mp-755703,1.2585808970047214,1.5682388437103212
2INbO2-1,Nb2 I2 O4,NbIO2,1.1880844616578965,2.29497312387122,0.0,Yes,1.0522,1.0522,1.0522,1.8817320000000002,1,mp-557685,0.13588446165789647,0.4132411238712199
4LiSbS2-2,Li4 Sb4 S8,LiSbS2,1.706600816736903,2.5345441098079795,0.017296467335554233,Yes,0.39476666666666677,0.0,1.1843000000000004,0.0,3,mp-34121|mp-14591|mp-756784,1.3118341500702362,2.5345441098079795
4LiSbS2-1,Li4 Sb4 S8,LiSbS2,1.8547375431718325,2.746226472615874,0.011068777579917644,Yes,0.39476666666666677,0.0,1.1843000000000004,0.0,3,mp-34121|mp-14591|mp-756784,1.4599708765051658,2.746226472615874
4KSbO2-1,K4 Sb4 O8,KSbO2,3.5691601779043043,4.853458747735943,0.001454702811809483,Yes,2.0081999999999995,2.0081999999999995,2.0081999999999995,3.5677119999999998,1,mp-10417,1.5609601779043047,1.2857467477359434
2AuITe2-1,Te4 Au2 I2,Te2AuI,0.710996156240628,1.3508191508441465,0.06361720572957051,Yes,0.0,0.0,0.0,0.0,1,mp-27527,0.710996156240628,1.3508191508441465
2CNNaS-1,Na2 C2 S2 N2,NaCSN,4.120610116565436,5.136968561316429,0.10160772714642863,Yes,4.10635,4.0366,4.1761,5.0162070000000005,2,mp-6633|mp-556012,0.014260116565435688,0.12076156131642879
2CKNS-1,K2 C2 S2 N2,KCSN,4.187765283568392,5.187544404701348,0.0658803848794296,Yes,4.076033333333333,3.8733,4.2439,5.240511,3,mp-975336|mp-6511|mp-601401,0.11173195023505844,-0.052966595298651775
1ZrH2P2O6-1,Zr1 P2 H2 O6,ZrP2(HO3)2,4.2804850310600795,6.395484663595209,0.0,Yes,4.1126,4.1126,4.1126,5.876344,1,mp-24030,0.1678850310600799,0.5191406635952092
1SBi2Te2-1,Bi2 Te2 S1,Bi2Te2S,0.1580506163183651,0.5843565656096961,0.0029916665157784907,Yes,0.24134999999999995,0.04590000000000005,0.43679999999999986,0.9879720000000001,2,mp-632485|mp-27910,-0.08329938368163486,-0.403615434390304
2NbBr2Se2-1,Nb2 Se4 Br4,Nb(SeBr)2,1.0961364170632693,1.866026782652541,0.0,Yes,0.9801500000000001,0.9702000000000002,0.9901,1.907244,2,mp-541667|mp-569623,0.11598641706326918,-0.04121721734745898
1NiH2O2-1,Ni1 H2 O2,Ni(HO)2,1.0783213608447477,3.271934327387261,0.03828775563118505,Yes,1.401633333333333,0.5337999999999998,1.8699999999999999,4.322168,4,mp-625072|mp-32403|mp-626794|mp-626843,-0.32331197248858534,-1.0502336726127384
2WBr2O2-1,W2 Br4 O4,W(BrO)2,1.1487080649315975,2.348259870038741,0.0,Yes,0.8926999999999999,0.8926999999999999,0.8926999999999999,1.082128,1,mp-774146,0.25600806493159756,1.2661318700387412
1SeSb2Te2-1,Sb2 Te2 Se1,Sb2Te2Se,0.3996818925608663,0.7761599050563233,0.0057557162280062356,Yes,0.1266999999999996,0.1266999999999996,0.1266999999999996,0.41189600000000004,1,mp-3525,0.2729818925608667,0.3642639050563232
1MgCl2-1,Mg1 Cl2,MgCl2,5.94118234136039,7.294068617459455,2.9605947323337506e-16,Yes,4.81625,3.379,5.6168,7.04159473,6,mp-570782|mp-570259|mp-569626|mp-571387|mp-23210|mp-570922,1.12493234136039,0.2524738874594554
1MgCl2-3,Mg1 Cl2,MgCl2,4.761514145990555,6.062543426890128,0.19015048034516754,No,4.81625,3.379,5.6168,7.04159473,6,mp-570782|mp-570259|mp-569626|mp-571387|mp-23210|mp-570922,-0.05473585400944536,-0.9790513031098715
1MgCl2-2,Mg1 Cl2,MgCl2,5.292984488993644,6.65335431032235,0.07895950953478614,Yes,4.81625,3.379,5.6168,7.04159473,6,mp-570782|mp-570259|mp-569626|mp-571387|mp-23210|mp-570922,0.47673448899364423,-0.38824041967764966
2RuS2-1,Ru2 S4,RuS2,0.7254675520557208,1.5833182530472873,0.1669996264350624,Yes,0.6675999999999993,0.6675999999999993,0.6675999999999993,1.643238,1,mp-2030,0.05786755205572147,-0.05991974695271263
1MoSe2-1,Mo1 Se2,MoSe2,1.3214381859138422,1.804162297991274,0.0,Yes,1.312442857142857,1.1384,1.4317,1.8472659999999999,7,mp-1027692|mp-1025799|mp-1023940|mp-1018807|mp-1634|mp-7581|mp-1023934,0.00899532877098519,-0.04310370200872593
1SiS2-2,Si1 S2,SiS2,1.3827338811558196,2.2164711320578667,0.11075547689431293,Yes,3.1794000000000002,3.0676,3.2912,3.985316,2,mp-1602|mp-7583,-1.7966661188441806,-1.7688448679421334
1SiS2-1,Si1 S2,SiS2,1.6946451507720621,2.7917583907001955,0.08632792880767563,Yes,3.1794000000000002,3.0676,3.2912,3.985316,2,mp-1602|mp-7583,-1.484754849227938,-1.1935576092998046
1MgI2-1,Mg1 I2,MgI2,3.2728220824909773,4.200995867411706,0.0012461386178583094,Yes,3.6162000000000005,3.6162000000000005,3.6162000000000005,4.77486231,1,mp-23205,-0.34337791750902324,-0.5738664425882938
1MgI2-3,Mg1 I2,MgI2,2.565920488369329,3.4479388759681475,0.16015347106091463,No,3.6162000000000005,3.6162000000000005,3.6162000000000005,4.77486231,1,mp-23205,-1.0502795116306713,-1.326923434031852
1MgI2-2,Mg1 I2,MgI2,3.4561932032195894,4.438057623690798,0.03953939326748657,Yes,3.6162000000000005,3.6162000000000005,3.6162000000000005,4.77486231,1,mp-23205,-0.16000679678041108,-0.33680468630920135
2SnI2-1,Sn2 I4,SnI2,1.5267630134561974,2.1778097294612913,0.053403852598266965,Yes,1.45545,1.2047999999999996,1.7061000000000002,1.7848950000000001,2,mp-27194|mp-978846,0.07131301345619745,0.39291472946129113
2FeS2-1,Fe2 S4,FeS2,0.6541283608277073,1.3309970499420556,0.14764705732488537,Yes,0.4444000000000005,0.0,0.8770000000000007,2.023654,3,mp-226|mp-1522|mp-615366,0.2097283608277068,-0.6926569500579445
2MgCl2-1,Mg2 Cl4,MgCl2,4.50389946664683,5.908026099104898,0.13933321759298986,Yes,4.81625,3.379,5.6168,7.04159473,6,mp-570782|mp-570259|mp-569626|mp-571387|mp-23210|mp-570922,-0.31235053335317,-1.1335686308951018
2WSe2-1,W2 Se4,WSe2,0.0318612736948361,0.11766957125874766,0.09169690959264543,Yes,1.3875199999999999,1.1997000000000002,1.5384,1.917704,5,mp-1025572|mp-1023933|mp-1821|mp-1028698|mp-1023936,-1.3556587263051638,-1.8000344287412524
4ReSe2-1,Re4 Se8,ReSe2,1.1153457374213598,1.6209443017397733,0.0,Yes,1.1434000000000002,1.1434000000000002,1.1434000000000002,1.679338,1,mp-541582,-0.02805426257864041,-0.05839369826022667
1SnO2-1,Sn1 O2,SnO2,2.682843652111906,4.204344282699862,0.1509950331367366,Yes,0.8930636363636366,0.0,2.0890000000000004,1.687905,12,mp-1047381|mp-1041984|mp-755071|mp-12978|mp-550172|mp-856|mp-12979|mvc-11686|mp-697|mp-560417|mp-555487|mp-562610,1.7897800157482693,2.516439282699862
2RuTe2-1,Te4 Ru2,Te2Ru,0.6417526977208197,1.0714100934225907,0.11747959250699817,Yes,0.19714999999999971,0.11129999999999995,0.2829999999999995,0.933229,2,mp-1848|mp-267,0.44460269772081995,0.13818109342259077
4SiS2-1,Si4 S8,SiS2,3.427869302244632,4.553298867080243,0.009779869074110437,Yes,3.1794000000000002,3.0676,3.2912,3.985316,2,mp-1602|mp-7583,0.2484693022446316,0.5679828670802429
1BaBr2-2,Ba1 Br2,BaBr2,4.157127248758916,5.327696974309628,0.16706268783939096,Yes,4.3731,4.3731,4.3731,5.4549710000000005,1,mp-27456,-0.21597275124108428,-0.12727402569037238
1BaBr2-1,Ba1 Br2,BaBr2,4.902112602626158,6.030512225994435,0.056444759765483354,Yes,4.3731,4.3731,4.3731,5.4549710000000005,1,mp-27456,0.5290126026261577,0.5755412259944341
1HfTe2-2,Hf1 Te2,HfTe2,0.1316330719686828,0.6648010372491499,0.1333685658145677,Yes,,,,0.12364051000000001,1,mp-32887,,0.5411605272491499
1BaI2-1,Ba1 I2,BaI2,3.8728610404507675,4.873623187282922,0.02119508395719431,Yes,3.2512000000000003,3.0499,3.4525000000000006,4.619377999999999,2,mp-568536|mp-23260,0.6216610404507672,0.25424518728292256
1BaI2-2,Ba1 I2,BaI2,3.3323879224827637,4.273588336806361,0.1051030507962653,Yes,3.2512000000000003,3.0499,3.4525000000000006,4.619377999999999,2,mp-568536|mp-23260,0.08118792248276341,-0.3457896631936386
1GeI2-1,Ge1 I2,GeI2,1.9539583637002689,2.6677781234157325,0.0026261131971487086,Yes,1.9903,1.9586,2.022,2.810701,2,mp-27922|mp-567677,-0.036341636299731084,-0.1429228765842674
1GeI2-3,Ge1 I2,GeI2,1.0124442093320551,1.592628637840922,0.15317912719126933,No,1.9903,1.9586,2.022,2.810701,2,mp-27922|mp-567677,-0.9778557906679448,-1.2180723621590779
1TiO2-1,Ti1 O2,TiO2,2.700828614489272,5.218116611537117,0.13546633337948025,No,2.3426714285714287,1.0564999999999998,3.4299,3.858826635,22,mp-390|mp-777129|mp-430|mp-1840|mp-25433|mp-1008677|mp-25262|mp-34688|mp-2657|mp-1439|mp-572822|mp-1044853|mp-756655|mp-775938|mp-636827|mp-9173|mp-554278|mp-849533|mp-553432|mp-756587|mp-754769|mp-754672,0.3581571859178432,1.3592899765371174
1HgF2-2,Hg1 F2,HgF2,2.088617019967936,3.874867141219684,0.16184249215828336,No,0.6850500000000002,0.40170000000000017,0.9684,1.8814829999999998,2,mp-8177|mp-974603,1.4035670199679358,1.9933841412196842
1HgF2-1,Hg1 F2,HgF2,1.7281218969599035,3.4305103462807276,0.03226711931028051,Yes,0.6850500000000002,0.40170000000000017,0.9684,1.8814829999999998,2,mp-8177|mp-974603,1.0430718969599033,1.5490273462807278
1PdO2-1,Pd1 O2,PdO2,1.3789335506001916,2.87549230071145,0.0,Yes,0.0,0.0,0.0,0.0,2,mp-752735|mp-1018886,1.3789335506001916,2.87549230071145
1HgBr2-3,Hg1 Br2,HgBr2,1.9816689705898143,2.927897983164752,0.03814702165014753,No,2.1116,1.682,2.5412,3.607982,2,mp-23292|mp-571558,-0.12993102941018586,-0.6800840168352478
1HgBr2-2,Hg1 Br2,HgBr2,2.007113530949182,3.061738018109891,0.019136429719642873,Yes,2.1116,1.682,2.5412,3.607982,2,mp-23292|mp-571558,-0.10448646905081826,-0.5462439818901088
1HgBr2-4,Hg1 Br2,HgBr2,1.5731883272755778,2.458718900666394,0.13820614486548286,No,2.1116,1.682,2.5412,3.607982,2,mp-23292|mp-571558,-0.5384116727244224,-1.1492630993336057
1HgBr2-1,Hg1 Br2,HgBr2,2.791439144194647,3.928346396544052,0.0,Yes,2.1116,1.682,2.5412,3.607982,2,mp-23292|mp-571558,0.6798391441946467,0.32036439654405235
2RuSe2-1,Ru2 Se4,RuSe2,0.778794279676339,1.5952369559102693,0.07558242835628448,Yes,0.3113999999999999,0.3113999999999999,0.3113999999999999,1.142039,1,mp-1922,0.46739427967633906,0.45319795591026923
2CrF2-1,Cr2 F4,CrF2,1.396367589055298,4.279998908163588,0.11661621862987677,Yes,,,,3.240871,1,mp-554340,,1.039127908163588
3CrSe2-1,Cr3 Se6,CrSe2,0.4782576155027002,1.1581828168142558,0.05385369810735183,Yes,0.0,0.0,0.0,0.0,1,mp-1009581,0.4782576155027002,1.1581828168142558
2MoS2-1,Mo2 S4,MoS2,0.05102847991953441,0.06948461062999045,0.18014169385649956,Yes,1.1593555555555555,0.0,1.6582,1.870464525,9,mp-1042086|mp-558544|mp-1027525|mp-1018809|mp-1023939|mp-1025874|mp-1434|mp-2815|mp-1023924,-1.108327075636021,-1.8009799143700096
4RhSe2-1,Rh4 Se8,RhSe2,0.5825120467774565,1.04627650186108,0.03368193762578472,Yes,0.0,0.0,0.0,0.0,1,mp-983,0.5825120467774565,1.04627650186108
2OsSe2-1,Os2 Se4,OsSe2,0.5672753644166775,1.389307349052195,0.0,Yes,0.0,0.0,0.0,0.40780099999999997,1,mp-2480,0.5672753644166775,0.981506349052195
2PdSe2-1,Pd2 Se4,PdSe2,1.3131703410322992,2.048419971583404,0.003589265294892341,Yes,0.5105,0.5105,0.5105,1.274697,1,mp-2418,0.8026703410322993,0.773722971583404
2PdSe2-2,Pd2 Se4,PdSe2,0.6349639746449671,1.2336115975552109,0.04376301110705335,Yes,0.5105,0.5105,0.5105,1.274697,1,mp-2418,0.12446397464496717,-0.04108540244478909
2CuF2-1,Cu2 F4,CuF2,0.8252403198535525,4.027508565401927,0.011148038970539767,Yes,0.0,0.0,0.0,0.0,1,mp-1229,0.8252403198535525,4.027508565401927
1MnS2-1,Mn1 S2,MnS2,0.0,1.1341761700303234,0.0,Yes,0.0,0.0,0.0,1.1266530000000001,2,mp-1018804|mp-1455,0.0,0.007523170030323323
4SeO2-1,Se4 O8,SeO2,2.8223588589586908,3.9801777129186364,0.023076970318814578,Yes,3.3719333333333332,3.2709,3.4255,4.768394000000001,3,mp-560882|mp-726|mp-559545,-0.5495744743746425,-0.7882162870813643
2SCu2-1,Cu4 S2,Cu2S,0.163857352622931,1.4422528373819596,0.012236364937837233,Yes,0.03222500000000017,0.0,0.12890000000000068,0.23747649999999998,4,mp-618991|mp-553942|mp-12087|mp-674831,0.13163235262293083,1.2047763373819596
2PbBr2-1,Pb2 Br4,PbBr2,1.9381053820934957,2.8516702624321644,0.036864242894576314,Yes,2.5709,2.5709,2.5709,3.599968,2,mp-28077|mp-862868,-0.6327946179065043,-0.7482977375678357
4AgF2-2,Ag4 F8,AgF2,0.3248656156453178,1.6373186247040907,0.017468986627938204,Yes,0.0,0.0,0.0,0.0,2,mp-2284|mp-7715,0.3248656156453178,1.6373186247040907
1SnBr2-3,Sn1 Br2,SnBr2,1.270106624996425,1.8921494768252014,0.13621589001761944,No,2.5388,2.5388,2.5388,2.1122639999999997,2,mp-978985|mp-29862,-1.2686933750035752,-0.2201145231747983
1SnBr2-2,Sn1 Br2,SnBr2,2.4994153724433605,3.2201061244933804,0.08578095982883556,No,2.5388,2.5388,2.5388,2.1122639999999997,2,mp-978985|mp-29862,-0.03938462755663963,1.1078421244933807
1SnBr2-1,Sn1 Br2,SnBr2,2.0968721473050804,2.8670738141172745,1.4802973661668753e-16,No,2.5388,2.5388,2.5388,2.1122639999999997,2,mp-978985|mp-29862,-0.44192785269491974,0.7548098141172748
4IrTe2-1,Te8 Ir4,Te2Ir,0.551174657428284,0.8975221472140754,0.06567739009389266,Yes,0.0,0.0,0.0,0.0,6,mp-10845|mp-1551|mp-2285|mp-10844|mp-569388|mp-569322,0.551174657428284,0.8975221472140754
1GeS2-1,Ge1 S2,GeS2,1.3444942134779445,2.4339923336279483,0.04867197092959626,Yes,2.305425,2.1396,2.5744,3.1536860000000004,4,mp-572892|mp-7582|mp-542613|mp-622213,-0.9609307865220555,-0.7196936663720521
1GeS2-2,Ge1 S2,GeS2,0.7290217340043323,1.4046715687206248,0.12265027167945242,Yes,2.305425,2.1396,2.5744,3.1536860000000004,4,mp-572892|mp-7582|mp-542613|mp-622213,-1.5764032659956677,-1.7490144312793756
1MnO2-1,Mn1 O2,MnO2,1.1321890142198083,4.136989447015512,0.018068721956711425,Yes,0.8135166666666667,0.0,1.5915000000000001,2.451439092857143,12,mp-1041066|mp-19326|mp-25558|mp-19395|mp-510408|mp-644514|mp-705430|mp-25547|mp-25545|mp-543057|mp-772598|mp-773240,0.31867234755314167,1.6855503541583694
1PbBr2-1,Pb1 Br2,PbBr2,2.0041395188281097,2.925616985757542,0.0,Yes,2.5709,2.5709,2.5709,3.599968,2,mp-28077|mp-862868,-0.5667604811718903,-0.674351014242458
1PbBr2-3,Pb1 Br2,PbBr2,1.6608232029364642,2.418454406077463,0.13567330270406805,No,2.5709,2.5709,2.5709,3.599968,2,mp-28077|mp-862868,-0.9100767970635357,-1.1815135939225372
1PbBr2-2,Pb1 Br2,PbBr2,2.2748645531750835,3.2478686587403254,0.08162487183255725,Yes,2.5709,2.5709,2.5709,3.599968,2,mp-28077|mp-862868,-0.29603544682491645,-0.3520993412596747
2CdI2-1,Cd2 I4,CdI2,2.239007155731164,3.1718806653220297,0.0,Yes,2.3669086206896552,2.3195,2.4482,3.336462,116,mp-571136|mp-569964|mp-680111|mp-571635|mp-569722|mp-573588|mp-571197|mp-647489|mp-680092|mp-573608|mp-569994|mp-582084|mp-571539|mp-571568|mp-570695|mp-570882|mp-567483|mp-570671|mp-627557|mp-571519|mp-669358|mp-627401|mp-571579|mp-570437|mp-568289|mp-570054|mp-669340|mp-669360|mp-571578|mp-567534|mp-571559|mp-567567|mp-570559|mp-571607|mp-570082|mp-571592|mp-669357|mp-570448|mp-571583|mp-571660|mp-571646|mp-568233|mp-570492|mp-571668|mp-571605|mp-571616|mp-28248|mp-571593|mp-571654|mp-570472|mp-570610|mp-570410|mp-569666|mp-570314|mp-571538|mp-570089|mp-569468|mp-571569|mp-570781|mp-571567|mp-571613|mp-569611|mp-571535|mp-570165|mp-570552|mp-574663|mp-571595|mp-571603|mp-669326|mp-570019|mp-582042|mp-570939|mp-669334|mp-570127|mp-571514|mp-571225|mp-570511|mp-680133|mp-571667|mp-571615|mp-680144|mp-567442|mp-680055|mp-567359|mp-680153|mp-680145|mp-680119|mp-567259|mp-624406|mp-680115|mp-680118|mp-567296|mp-680152|mp-567402|mp-624399|mp-571037|mp-680148|mp-684029|mp-680116|mp-680094|mp-569510|mp-680172|mp-680146|mp-680047|mp-624400|mp-624417|mp-567336|mp-680112|mp-680095|mp-680120|mp-624418|mp-680113|mp-571091|mp-680046|mp-680114|mp-680093,-0.1279014649584913,-0.16458133467797031
2PtI2-1,Pt2 I4,PtI2,0.7835646736438819,1.7418243471971437,0.04104035128011082,Yes,1.2250999999999999,1.2250999999999999,1.2250999999999999,2.309022,1,mp-28319,-0.4415353263561179,-0.5671976528028564
1PtSe2-1,Pt1 Se2,PtSe2,1.1666545013209406,1.6358330263444107,7.401486830834377e-17,Yes,0.8273999999999999,0.8273999999999999,0.8273999999999999,1.120346,1,mp-1115,0.3392545013209407,0.5154870263444107
6SCu2-1,Cu12 S6,Cu2S,0.6269118800897522,1.5974927987060024,0.06804200271281086,Yes,0.03222500000000017,0.0,0.12890000000000068,0.23747649999999998,4,mp-618991|mp-553942|mp-12087|mp-674831,0.594686880089752,1.3600162987060025
4CdCl2-1,Cd4 Cl8,CdCl2,3.3588456320817204,4.606369458873189,0.03797391578175121,Yes,3.5179,3.5144,3.5214,4.6494824,2,mp-22881|mp-695850,-0.15905436791827965,-0.043112941126810966
4CdCl2-2,Cd4 Cl8,CdCl2,3.473709138350041,4.827472191844619,0.03894977923671158,Yes,3.5179,3.5144,3.5214,4.6494824,2,mp-22881|mp-695850,-0.04419086164995889,0.1779897918446185
2PbF2-1,Pb2 F4,PbF2,4.397013724173844,5.805723742553335,0.07000992480741886,Yes,4.3827,4.3707,4.395099999999999,5.57314154,3,mp-2511|mp-315|mp-685150,0.014313724173844022,0.23258220255333484
1MgF2-1,Mg1 F2,MgF2,7.534444494178011,9.796043658608728,0.07071396287776939,Yes,6.609933333333333,6.2865,6.824,8.646061666666666,3,mp-1249|mp-1746|mp-560236,0.9245111608446779,1.1499819919420613
2RuO2-1,Ru2 O4,RuO2,0.04535948969079717,0.6932405137718671,0.1633954260879674,Yes,0.20249999999999999,0.0,0.6074999999999999,0.0,3,mp-8909|mp-1008785|mp-825,-0.1571405103092028,0.6932405137718671
1FeCl2-2,Fe1 Cl2,FeCl2,0.0,1.843415626877007,0.037396404064127996,Yes,0.32325000000000004,0.03569999999999984,0.6108000000000002,1.501238,2,mp-571096|mp-23229,-0.32325000000000004,0.3421776268770069
1FeCl2-3,Fe1 Cl2,FeCl2,0.3509700852153994,0.07095808909646162,0.06702106620731103,Yes,0.32325000000000004,0.03569999999999984,0.6108000000000002,1.501238,2,mp-571096|mp-23229,0.02772008521539937,-1.4302799109035385
2AgF2-1,Ag2 F4,AgF2,0.004376930886414776,1.0283652360546158,0.02432570085540438,Yes,0.0,0.0,0.0,0.0,2,mp-2284|mp-7715,0.004376930886414776,1.0283652360546158
1MoS2-1,Mo1 S2,MoS2,1.580389439677671,2.0874393506372604,0.0,Yes,1.1593555555555555,0.0,1.6582,1.870464525,9,mp-1042086|mp-558544|mp-1027525|mp-1018809|mp-1023939|mp-1025874|mp-1434|mp-2815|mp-1023924,0.4210338841221155,0.21697482563726034
4PtI2-1,Pt4 I8,PtI2,1.2248896505889335,2.212097415686374,0.0,Yes,1.2250999999999999,1.2250999999999999,1.2250999999999999,2.309022,1,mp-28319,-0.0002103494110663462,-0.09692458431362594
2PtSe2-1,Pt2 Se4,PtSe2,1.4413985524309434,2.2970478969934147,0.10315506853557295,Yes,0.8273999999999999,0.8273999999999999,0.8273999999999999,1.120346,1,mp-1115,0.6139985524309435,1.1767018969934147
4PdI2-1,Pd4 I8,PdI2,1.069250322077301,2.0172619833021317,0.0,Yes,0.90335,0.8733000000000002,0.9333999999999998,1.868509,2,mp-27747|mp-569017,0.1659003220773011,0.1487529833021317
1WS2-1,W1 S2,WS2,1.5336240776237322,2.0549285900066074,0.0,Yes,1.4721,0.0,1.8407999999999998,1.94745445,7,mp-1028441|mp-1023925|mp-1025571|mp-9813|mp-224|mp-1042100|mp-1023937,0.06152407762373224,0.10747414000660749
1SnSe2-1,Sn1 Se2,SnSe2,0.762167625766442,1.3334170782580537,0.0,Yes,0.7018,0.7018,0.7018,1.150305,1,mp-665,0.06036762576644206,0.18311207825805376
1SnSe2-2,Sn1 Se2,SnSe2,0.8601478860222869,1.7522810776184155,0.05603390973997927,Yes,0.7018,0.7018,0.7018,1.150305,1,mp-665,0.1583478860222869,0.6019760776184155
1SnI2-3,Sn1 I2,SnI2,1.0940909394897314,1.631407622860987,0.15718655976162013,No,1.45545,1.2047999999999996,1.7061000000000002,1.7848950000000001,2,mp-27194|mp-978846,-0.36135906051026856,-0.15348737713901306
1SnI2-1,Sn1 I2,SnI2,1.8366183797033782,2.490076345989749,0.0,Yes,1.45545,1.2047999999999996,1.7061000000000002,1.7848950000000001,2,mp-27194|mp-978846,0.38116837970337825,0.7051813459897489
1SnI2-2,Sn1 I2,SnI2,1.9258382175304294,2.5044769419217303,0.0849615386229831,Yes,1.45545,1.2047999999999996,1.7061000000000002,1.7848950000000001,2,mp-27194|mp-978846,0.4703882175304295,0.7195819419217302
1PtO2-1,Pt1 O2,PtO2,1.673977171451198,3.149976562263642,0.005568644534975038,Yes,0.94125,0.0,1.5987,1.65202262,4,mp-1285|mp-7868|mp-617|mp-20119,0.7327271714511979,1.4979539422636419
4CuF2-1,Cu4 F8,CuF2,0.3828783424979969,2.68226793064,0.0,Yes,0.0,0.0,0.0,0.0,1,mp-1229,0.3828783424979969,2.68226793064
4SAg2-1,Ag8 S4,Ag2S,2.0276455577178805,2.9729601068485216,0.001755042483072992,Yes,0.79415,0.121,1.3608000000000002,1.7818997142857143,9,mp-32868|mp-32884|mp-31053|mp-556225|mp-560025|mp-36216|mp-610517|mp-38511|mp-32669,1.2334955577178803,1.1910603925628074
1GeO2-2,Ge1 O2,GeO2,3.0064733589773707,4.862937273723688,0.15224786814692357,Yes,1.8415833333333333,0.7843,3.2779,2.5241219999999998,6,mp-7812|mp-20893|mp-470|mp-2633|mp-10913|mp-223,1.1648900256440373,2.338815273723688
1GeO2-1,Ge1 O2,GeO2,3.641316492039854,5.355296396300146,0.07845125804849218,Yes,1.8415833333333333,0.7843,3.2779,2.5241219999999998,6,mp-7812|mp-20893|mp-470|mp-2633|mp-10913|mp-223,1.7997331587065206,2.831174396300146
1PdSe2-1,Pd1 Se2,PdSe2,0.5579655400006607,0.9063029400623621,0.025946697146483972,Yes,0.5105,0.5105,0.5105,1.274697,1,mp-2418,0.04746554000066072,-0.36839405993763785
4RhBi2-1,Bi8 Rh4,Bi2Rh,0.013688002047352654,0.010032830186146535,0.023288916713349057,Yes,0.0,0.0,0.0,0.0,1,mp-23217,0.013688002047352654,0.010032830186146535
2MoSe2-1,Mo2 Se4,MoSe2,0.04109179138608565,0.10810643439738388,0.10942414771310283,Yes,1.312442857142857,1.1384,1.4317,1.8472659999999999,7,mp-1027692|mp-1025799|mp-1023940|mp-1018807|mp-1634|mp-7581|mp-1023934,-1.2713510657567713,-1.739159565602616
1PbO2-1,Pb1 O2,PbO2,1.3463092055202286,2.3408532240987285,0.09435902876056564,Yes,0.005166666666666764,0.0,0.015500000000000291,0.0,3,mp-20158|mp-20725|mp-20633,1.3411425388535618,2.3408532240987285
2SAg2-2,Ag4 S2,Ag2S,1.9990583153338455,2.9064802001327337,0.03404070728843032,Yes,0.79415,0.121,1.3608000000000002,1.7818997142857143,9,mp-32868|mp-32884|mp-31053|mp-556225|mp-560025|mp-36216|mp-610517|mp-38511|mp-32669,1.2049083153338453,1.1245804858470194
2SAg2-1,Ag4 S2,Ag2S,1.686160144414556,2.6191243122360603,5.551115123125783e-17,Yes,0.79415,0.121,1.3608000000000002,1.7818997142857143,9,mp-32868|mp-32884|mp-31053|mp-556225|mp-560025|mp-36216|mp-610517|mp-38511|mp-32669,0.892010144414556,0.8372245979503461
1TiS2-2,Ti1 S2,TiS2,0.734252059847778,2.014731286659609,0.14464032229737475,No,0.27526666666666666,0.0,1.6381999999999999,0.5020505550000001,6,mp-1008682|mp-1008676|mp-2156|mp-1042098|mp-558110|mp-9027,0.4589853931811113,1.5126807316596091
1TiS2-1,Ti1 S2,TiS2,0.022400914834475483,1.1841466309428985,0.0,No,0.27526666666666666,0.0,1.6381999999999999,0.5020505550000001,6,mp-1008682|mp-1008676|mp-2156|mp-1042098|mp-558110|mp-9027,-0.2528657518321912,0.6820960759428984
1OTl2-1,Tl2 O1,Tl2O,0.9952623533101983,1.5054793339378678,0.0290294116695069,Yes,0.5714000000000001,0.5714000000000001,0.5714000000000001,1.0709170000000001,2,mp-551470|mp-27484,0.42386235331019817,0.4345623339378677
2OTl2-1,Tl4 O2,Tl2O,0.8188895224341429,1.4685675012117465,0.0,Yes,0.5714000000000001,0.5714000000000001,0.5714000000000001,1.0709170000000001,2,mp-551470|mp-27484,0.2474895224341428,0.3976505012117464
2OK2-2,K4 O2,K2O,0.6078201131784876,1.9173772006913334,0.09532085427269325,Yes,1.1959125,0.5071,1.8499999999999999,2.4143736966666665,8,mp-776016|mp-776081|mp-971|mp-998914|mp-998929|mp-998915|mp-684904|mp-776104,-0.5880923868215123,-0.496996495975333
2OK2-1,K4 O2,K2O,0.5253096646251039,1.8342979026326423,0.0575631195173821,Yes,1.1959125,0.5071,1.8499999999999999,2.4143736966666665,8,mp-776016|mp-776081|mp-971|mp-998914|mp-998929|mp-998915|mp-684904|mp-776104,-0.6706028353748961,-0.5800757940340242
2PtTe2-1,Te4 Pt2,Te2Pt,1.309126196492565,2.0008763803936542,0.14404325964192152,Yes,0.0,0.0,0.0,0.0,1,mp-399,1.309126196492565,2.0008763803936542
4HgI2-1,Hg4 I8,HgI2,1.6639636631658328,2.489792444664536,0.0,Yes,1.5663,1.3282999999999998,2.3184,2.785945,5,mp-23192|mp-23173|mp-567471|mp-583213|mp-568742,0.09766366316583275,-0.29615255533546403
1MoTe2-1,Te2 Mo1,Te2Mo,0.9318333397619183,1.369604108877922,7.401486830834377e-17,Yes,0.7159,0.0,1.0703,0.0,6,mp-1025576|mp-1023938|mp-602|mp-7459|mp-1030319|mp-1023935,0.2159333397619183,1.369604108877922
4ReO2-1,Re4 O8,ReO2,1.3039689530119523,2.097518784118744,0.09190760524393582,Yes,0.0,0.0,0.0,0.0,2,mp-7228|mp-12875,1.3039689530119523,2.097518784118744
2ORb2-1,Rb4 O2,Rb2O,0.3376764088072125,1.5983016082805515,0.0,Yes,0.8092,0.19210000000000005,1.6455,1.88148375,6,mp-1394|mp-755738|mp-776890|mp-753746|mp-776922|mp-755459,-0.47152359119278753,-0.28318214171944844
1VSe2-1,V1 Se2,VSe2,0.24760987188465622,0.9774962167908336,0.0,Yes,0.0,0.0,0.0,0.0,1,mp-694,0.24760987188465622,0.9774962167908336
1MoO2-1,Mo1 O2,MoO2,0.9123966902883982,1.6514393423740092,0.0280620116981171,Yes,0.39202000000000004,0.0,1.2937000000000003,0.0,6,mp-1041993|mp-510536|mp-1047075|mp-1047621|mvc-15431|mp-715550,0.5203766902883982,1.6514393423740092
2ZrS2-2,Zr2 S4,ZrS2,1.1279807126114034,2.154200467057194,0.1836490688849454,Yes,1.0478000000000003,1.0478000000000003,1.0478000000000003,1.97934,1,mp-1186,0.08018071261140314,0.17486046705719405
2ZrS2-1,Zr2 S4,ZrS2,0.702455499943561,1.719311305816075,0.0659242830894442,Yes,1.0478000000000003,1.0478000000000003,1.0478000000000003,1.97934,1,mp-1186,-0.34534450005643924,-0.26002869418392516
1ZnF2-2,Zn1 F2,ZnF2,4.424517187411544,6.911133958319651,0.11176624088838061,Yes,3.5202,3.48,3.5604,5.7574060000000005,2,mp-1873|mp-7709,0.9043171874115439,1.1537279583196502
1ZnF2-1,Zn1 F2,ZnF2,4.505831697772569,7.04070118337718,0.03886102297916535,Yes,3.5202,3.48,3.5604,5.7574060000000005,2,mp-1873|mp-7709,0.9856316977725692,1.28329518337718
2SCs2-1,Cs4 S2,Cs2S,1.2694008107682395,2.0885938848469348,0.0630889077597369,Yes,2.0957,2.0957,2.0957,2.956943,1,mp-540703,-0.8262991892317604,-0.8683491151530651
2BaI2-1,Ba2 I4,BaI2,3.633438612016804,4.606966312957807,0.04282822973579196,Yes,3.2512000000000003,3.0499,3.4525000000000006,4.619377999999999,2,mp-568536|mp-23260,0.38223861201680354,-0.012411687042192199
2PdI2-1,Pd2 I4,PdI2,0.5953535329697772,1.4717084709995498,0.03609623022548192,Yes,0.90335,0.8733000000000002,0.9333999999999998,1.868509,2,mp-27747|mp-569017,-0.30799646703022276,-0.39680052900045015
1HgI2-4,Hg1 I2,HgI2,0.7042529613151802,1.3696303013725286,0.18887672842878947,No,1.5663,1.3282999999999998,2.3184,2.785945,5,mp-23192|mp-23173|mp-567471|mp-583213|mp-568742,-0.8620470386848198,-1.4163146986274713
1HgI2-1,Hg1 I2,HgI2,1.540469691446846,2.3970432404775206,0.005735874795356939,Yes,1.5663,1.3282999999999998,2.3184,2.785945,5,mp-23192|mp-23173|mp-567471|mp-583213|mp-568742,-0.025830308553153936,-0.3889017595224793
1HgI2-3,Hg1 I2,HgI2,1.1991790911882427,1.9192581601279368,0.07663389567305323,No,1.5663,1.3282999999999998,2.3184,2.785945,5,mp-23192|mp-23173|mp-567471|mp-583213|mp-568742,-0.3671209088117573,-0.8666868398720631
1HgI2-2,Hg1 I2,HgI2,2.2238037960331125,3.18461910907266,0.026526576450399613,Yes,1.5663,1.3282999999999998,2.3184,2.785945,5,mp-23192|mp-23173|mp-567471|mp-583213|mp-568742,0.6575037960331125,0.39867410907266
1CrSe2-1,Cr1 Se2,CrSe2,0.6852428509563413,1.1284344191608056,0.0,Yes,0.0,0.0,0.0,0.0,1,mp-1009581,0.6852428509563413,1.1284344191608056
1CrO2-2,Cr1 O2,CrO2,0.4157070981881432,1.1440773459972675,0.16837984535271863,Yes,0.11734444444444442,0.0,0.3676,0.2439796666666667,10,mp-1040967|mp-1041961|mp-25499|mp-714929|mp-19177|mp-1044871|mp-1047121|mp-1009555|mp-1047643|mp-715488,0.2983626537436988,0.9000976793306008
1PtTe2-1,Te2 Pt1,Te2Pt,0.30257441273799957,0.5994879239060904,0.027408197527063177,Yes,0.0,0.0,0.0,0.0,1,mp-399,0.30257441273799957,0.5994879239060904
4SiTe2-1,Si4 Te8,SiTe2,1.2927574698482611,1.9402450516955878,0.0,Yes,0.0,0.0,0.0,0.0,1,mp-2755,1.2927574698482611,1.9402450516955878
2TiO2-1,Ti2 O4,TiO2,2.8548578251823153,5.342124276048439,0.12204203739251736,Yes,2.3426714285714287,1.0564999999999998,3.4299,3.858826635,22,mp-390|mp-777129|mp-430|mp-1840|mp-25433|mp-1008677|mp-25262|mp-34688|mp-2657|mp-1439|mp-572822|mp-1044853|mp-756655|mp-775938|mp-636827|mp-9173|mp-554278|mp-849533|mp-553432|mp-756587|mp-754769|mp-754672,0.5121863966108866,1.4832976410484395
2SAu2-1,Au4 S2,Au2S,0.6589141099375349,1.1389806874353803,0.07455458420640682,Yes,1.9021000000000001,1.9021000000000001,1.9021000000000001,3.0030520000000003,1,mp-947,-1.2431858900624653,-1.86407131256462
1ZrS2-2,Zr1 S2,ZrS2,0.9645436450701379,2.0227028863463703,0.18980588428956344,No,1.0478000000000003,1.0478000000000003,1.0478000000000003,1.97934,1,mp-1186,-0.08325635492986239,0.0433628863463702
1ZrS2-1,Zr1 S2,ZrS2,1.1591954974296987,2.1674626829675745,0.0,Yes,1.0478000000000003,1.0478000000000003,1.0478000000000003,1.97934,1,mp-1186,0.11139549742969845,0.1881226829675744
1WSe2-1,W1 Se2,WSe2,1.237876337239032,1.7304371317062133,0.0,Yes,1.3875199999999999,1.1997000000000002,1.5384,1.917704,5,mp-1025572|mp-1023933|mp-1821|mp-1028698|mp-1023936,-0.14964366276096785,-0.1872668682937868
1SrCl2-1,Sr1 Cl2,SrCl2,5.738033298715962,7.047010997614251,0.046028953042991226,Yes,5.2286,5.2286,5.2286,6.483313890000001,1,mp-23209,0.5094332987159618,0.5636971076142503
1SrCl2-2,Sr1 Cl2,SrCl2,4.9444653101938325,6.202427264782143,0.1943194367780491,Yes,5.2286,5.2286,5.2286,6.483313890000001,1,mp-23209,-0.28413468980616763,-0.2808866252178577
2SeAg2-1,Ag4 Se2,Ag2Se,1.250561441453233,2.070314074134185,0.0,Yes,0.3687333333333333,0.0,0.9678,0.5738669999999999,3,mp-568889|mp-754954|mp-568971,0.8818281081198995,1.4964470741341849
1GeSe2-1,Ge1 Se2,GeSe2,0.5641520177770518,1.448137338962411,0.051074282850726384,No,1.47845,1.4381000000000002,1.5188000000000001,1.9839820000000001,2,mp-540625|mp-10074,-0.9142979822229482,-0.5358446610375891
1GeSe2-2,Ge1 Se2,GeSe2,0.0,0.37827737639380143,0.12880825448982888,Yes,1.47845,1.4381000000000002,1.5188000000000001,1.9839820000000001,2,mp-540625|mp-10074,-1.47845,-1.6057046236061987
1CdCl2-1,Cd1 Cl2,CdCl2,3.8682847684144472,5.176434245379272,0.0,Yes,3.5179,3.5144,3.5214,4.6494824,2,mp-22881|mp-695850,0.3503847684144472,0.5269518453792719
1CdCl2-3,Cd1 Cl2,CdCl2,3.0976983811405514,4.344091830424737,0.1298086081433271,No,3.5179,3.5144,3.5214,4.6494824,2,mp-22881|mp-695850,-0.4202016188594486,-0.30539056957526345
1CdCl2-2,Cd1 Cl2,CdCl2,3.6158279284194177,4.984492468622904,0.0430701711278374,Yes,3.5179,3.5144,3.5214,4.6494824,2,mp-22881|mp-695850,0.09792792841941766,0.3350100686229043
2TeAg2-1,Ag4 Te2,Ag2Te,0.7864593433261888,1.440601833965506,0.0,Yes,0.0,0.0,0.0,0.0,4,mp-1592|mp-32811|mp-684798|mp-685048,0.7864593433261888,1.440601833965506
2SiTe2-1,Si2 Te4,SiTe2,0.5155316082942907,1.0882860988311407,0.05516384792079639,Yes,0.0,0.0,0.0,0.0,1,mp-2755,0.5155316082942907,1.0882860988311407
1PdS2-2,Pd1 S2,PdS2,1.1709399864419376,1.6808733331839538,0.10090480926394936,Yes,0.6036000000000001,0.6036000000000001,0.6036000000000001,1.5512009999999998,1,mp-13682,0.5673399864419375,0.129672333183954
1PdS2-1,Pd1 S2,PdS2,1.095415858329858,1.791017948528686,0.0622033616356917,Yes,0.6036000000000001,0.6036000000000001,0.6036000000000001,1.5512009999999998,1,mp-13682,0.49181585832985797,0.23981694852868607
4TeO2-1,Te4 O8,TeO2,2.6674607144308053,3.812044681286415,0.0,Yes,2.02135,0.0,3.0604,3.293537,6,mp-2237|mp-2739|mp-557|mp-2125|mp-8377|mp-561224,0.6461107144308054,0.5185076812864149
2MgI2-1,Mg2 I4,MgI2,2.6385354198822393,3.5933901553956313,0.08920306849496562,Yes,3.6162000000000005,3.6162000000000005,3.6162000000000005,4.77486231,1,mp-23205,-0.9776645801177613,-1.1814721546043683
2BaBr2-1,Ba2 Br4,BaBr2,4.677797672734289,5.7866027215220015,0.07502065859721914,Yes,4.3731,4.3731,4.3731,5.4549710000000005,1,mp-27456,0.3046976727342887,0.33163172152200104
2PdS2-1,Pd2 S4,PdS2,1.1198988050409382,2.014844453906189,0.0024108158765449397,Yes,0.6036000000000001,0.6036000000000001,0.6036000000000001,1.5512009999999998,1,mp-13682,0.5162988050409381,0.46364345390618933
1SnS2-2,Sn1 S2,SnS2,1.4381358188283782,2.5093624328680004,0.08240961676625365,Yes,1.6363666666666665,1.4855,1.865,2.25563044,3,mp-1170|mp-1002063|mp-9984,-0.19823084783828837,0.2537319928680004
1SnS2-1,Sn1 S2,SnS2,1.5874637779702907,2.3606727440800466,0.0,Yes,1.6363666666666665,1.4855,1.865,2.25563044,3,mp-1170|mp-1002063|mp-9984,-0.048902888696375824,0.10504230408004656
4MgCl2-1,Mg4 Cl8,MgCl2,5.338600262936167,6.7530308678349,0.06579511772403664,Yes,4.81625,3.379,5.6168,7.04159473,6,mp-570782|mp-570259|mp-569626|mp-571387|mp-23210|mp-570922,0.5223502629361665,-0.2885638621651001
1CdI2-3,Cd1 I2,CdI2,1.4900869929679814,2.2947577099620884,0.158745425304217,No,2.3669086206896552,2.3195,2.4482,3.336462,116,mp-571136|mp-569964|mp-680111|mp-571635|mp-569722|mp-573588|mp-571197|mp-647489|mp-680092|mp-573608|mp-569994|mp-582084|mp-571539|mp-571568|mp-570695|mp-570882|mp-567483|mp-570671|mp-627557|mp-571519|mp-669358|mp-627401|mp-571579|mp-570437|mp-568289|mp-570054|mp-669340|mp-669360|mp-571578|mp-567534|mp-571559|mp-567567|mp-570559|mp-571607|mp-570082|mp-571592|mp-669357|mp-570448|mp-571583|mp-571660|mp-571646|mp-568233|mp-570492|mp-571668|mp-571605|mp-571616|mp-28248|mp-571593|mp-571654|mp-570472|mp-570610|mp-570410|mp-569666|mp-570314|mp-571538|mp-570089|mp-569468|mp-571569|mp-570781|mp-571567|mp-571613|mp-569611|mp-571535|mp-570165|mp-570552|mp-574663|mp-571595|mp-571603|mp-669326|mp-570019|mp-582042|mp-570939|mp-669334|mp-570127|mp-571514|mp-571225|mp-570511|mp-680133|mp-571667|mp-571615|mp-680144|mp-567442|mp-680055|mp-567359|mp-680153|mp-680145|mp-680119|mp-567259|mp-624406|mp-680115|mp-680118|mp-567296|mp-680152|mp-567402|mp-624399|mp-571037|mp-680148|mp-684029|mp-680116|mp-680094|mp-569510|mp-680172|mp-680146|mp-680047|mp-624400|mp-624417|mp-567336|mp-680112|mp-680095|mp-680120|mp-624418|mp-680113|mp-571091|mp-680046|mp-680114|mp-680093,-0.8768216277216738,-1.0417042900379117
1CdI2-2,Cd1 I2,CdI2,2.135734719012448,2.9922793134602523,0.03020909311933817,Yes,2.3669086206896552,2.3195,2.4482,3.336462,116,mp-571136|mp-569964|mp-680111|mp-571635|mp-569722|mp-573588|mp-571197|mp-647489|mp-680092|mp-573608|mp-569994|mp-582084|mp-571539|mp-571568|mp-570695|mp-570882|mp-567483|mp-570671|mp-627557|mp-571519|mp-669358|mp-627401|mp-571579|mp-570437|mp-568289|mp-570054|mp-669340|mp-669360|mp-571578|mp-567534|mp-571559|mp-567567|mp-570559|mp-571607|mp-570082|mp-571592|mp-669357|mp-570448|mp-571583|mp-571660|mp-571646|mp-568233|mp-570492|mp-571668|mp-571605|mp-571616|mp-28248|mp-571593|mp-571654|mp-570472|mp-570610|mp-570410|mp-569666|mp-570314|mp-571538|mp-570089|mp-569468|mp-571569|mp-570781|mp-571567|mp-571613|mp-569611|mp-571535|mp-570165|mp-570552|mp-574663|mp-571595|mp-571603|mp-669326|mp-570019|mp-582042|mp-570939|mp-669334|mp-570127|mp-571514|mp-571225|mp-570511|mp-680133|mp-571667|mp-571615|mp-680144|mp-567442|mp-680055|mp-567359|mp-680153|mp-680145|mp-680119|mp-567259|mp-624406|mp-680115|mp-680118|mp-567296|mp-680152|mp-567402|mp-624399|mp-571037|mp-680148|mp-684029|mp-680116|mp-680094|mp-569510|mp-680172|mp-680146|mp-680047|mp-624400|mp-624417|mp-567336|mp-680112|mp-680095|mp-680120|mp-624418|mp-680113|mp-571091|mp-680046|mp-680114|mp-680093,-0.2311739016772072,-0.3441826865397477
1CdI2-1,Cd1 I2,CdI2,2.335345414146648,3.2895499878926833,0.003129156922625498,Yes,2.3669086206896552,2.3195,2.4482,3.336462,116,mp-571136|mp-569964|mp-680111|mp-571635|mp-569722|mp-573588|mp-571197|mp-647489|mp-680092|mp-573608|mp-569994|mp-582084|mp-571539|mp-571568|mp-570695|mp-570882|mp-567483|mp-570671|mp-627557|mp-571519|mp-669358|mp-627401|mp-571579|mp-570437|mp-568289|mp-570054|mp-669340|mp-669360|mp-571578|mp-567534|mp-571559|mp-567567|mp-570559|mp-571607|mp-570082|mp-571592|mp-669357|mp-570448|mp-571583|mp-571660|mp-571646|mp-568233|mp-570492|mp-571668|mp-571605|mp-571616|mp-28248|mp-571593|mp-571654|mp-570472|mp-570610|mp-570410|mp-569666|mp-570314|mp-571538|mp-570089|mp-569468|mp-571569|mp-570781|mp-571567|mp-571613|mp-569611|mp-571535|mp-570165|mp-570552|mp-574663|mp-571595|mp-571603|mp-669326|mp-570019|mp-582042|mp-570939|mp-669334|mp-570127|mp-571514|mp-571225|mp-570511|mp-680133|mp-571667|mp-571615|mp-680144|mp-567442|mp-680055|mp-567359|mp-680153|mp-680145|mp-680119|mp-567259|mp-624406|mp-680115|mp-680118|mp-567296|mp-680152|mp-567402|mp-624399|mp-571037|mp-680148|mp-684029|mp-680116|mp-680094|mp-569510|mp-680172|mp-680146|mp-680047|mp-624400|mp-624417|mp-567336|mp-680112|mp-680095|mp-680120|mp-624418|mp-680113|mp-571091|mp-680046|mp-680114|mp-680093,-0.03156320654300737,-0.04691201210731677
1TiTe2-2,Ti1 Te2,TiTe2,0.0355895671395432,0.7216392517898784,0.10890216641111176,Yes,0.0,0.0,0.0,0.0,1,mp-1907,0.0355895671395432,0.7216392517898784
2SrCl2-1,Sr2 Cl4,SrCl2,5.478305609809846,6.767393295127839,0.07877380216026471,Yes,5.2286,5.2286,5.2286,6.483313890000001,1,mp-23209,0.2497056098098458,0.28407940512783814
4VO2-1,V4 O8,VO2,0.3043577292641606,1.5521383552032275,0.08263578762543489,Yes,0.7480176470588236,0.0,1.3786999999999998,1.7838545555555554,23,mp-25615|mp-25145|mp-714960|mp-1040910|mp-19094|mp-25622|mp-776137|mvc-11624|mp-1021522|mp-714880|mp-634430|mp-849511|mp-1047618|mp-561637|mp-25792|mp-566801|mp-715035|mp-777469|mp-636921|mp-714931|mp-777479|mp-714944|mp-777858,-0.44365991779466296,-0.23171620035232787
2FeSeO4-1,Fe2 Se2 O8,FeSeO4,0.39964735331154166,2.32319518862812,0.07270990136499093,Yes,1.6350999999999998,1.6350999999999998,1.6350999999999998,1.676363,1,mp-769869,-1.2354526466884581,0.6468321886281199
2PSbO4-1,Sb2 P2 O8,SbPO4,4.374086019050267,5.769998647690189,0.004841107190361645,Yes,2.827366666666667,1.1438000000000001,3.9963,5.088551,3,mp-1044617|mp-3439|mp-770401,1.5467193523836005,0.681447647690189
2WZnO4-1,Zn2 W2 O8,ZnWO4,3.3697384319349157,5.335343849999174,0.020580944679933804,Yes,2.6984000000000004,2.1359,3.2609000000000004,4.29239,2,mp-18918|mp-645124,0.6713384319349154,1.042953849999174
2TiZrTe4-1,Zr2 Ti2 Te8,ZrTiTe4,0.11721764169717797,0.7439839246275826,0.11838539569210067,Yes,0.0,0.0,0.0,0.0,1,mp-8677,0.11721764169717797,0.7439839246275826
2CrPS4-1,Cr2 P2 S8,CrPS4,0.8192017285673383,2.403926064435742,7.401486830834377e-17,Yes,0.6760000000000002,0.6760000000000002,0.6760000000000002,2.0794300000000003,1,mp-542096,0.14320172856733815,0.3244960644357415
2BrKF4-1,K2 Br2 F8,KBrF4,3.3834923151235587,5.160503542441187,0.06320680420435565,Yes,2.03375,0.8666,3.2009,2.556552,2,mp-23550|mp-556565,1.3497423151235588,2.6039515424411874
2AsSbO3-1,Sb2 As2 O6,SbAsO3,3.9740287717708873,5.103340051266794,0.0,Yes,3.5024999999999995,3.5024999999999995,3.5024999999999995,4.657482,1,mp-28109,0.4715287717708878,0.4458580512667938
2MgPSe3-1,Mg2 P2 Se6,MgPSe3,2.048689255752951,2.9640621401433123,3.6853186409047114e-05,Yes,2.0382,2.0382,2.0382,2.963191,1,mp-30943,0.01048925575295101,0.0008711401433121324
2NRbO3-1,Rb2 N2 O6,RbNO3,3.1988736300457825,5.286226532964832,0.0,Yes,3.0883399999999996,2.9593,3.2401,5.0034703333333335,5,mp-13658|mp-5073|mp-752446|mp-614951|mp-38220,0.11053363004578287,0.2827561996314989
2BiSbO3-1,Bi2 Sb2 O6,BiSbO3,2.730307374672094,3.9201864689657446,0.0,Yes,2.1015999999999995,2.1015999999999995,2.1015999999999995,3.176084,1,mp-755382,0.6287073746720946,0.7441024689657447
4SeSrO3-1,Sr4 Se4 O12,SrSeO3,4.547200683982531,6.000825201016186,0.029256648216799873,Yes,3.78695,3.6958,3.8781,4.9951430000000006,2,mp-3395|mp-555098,0.7602506839825312,1.0056822010161852
2CdPS3-1,Cd2 P2 S6,CdPS3,1.88666479741874,2.9206658452523673,0.0,Yes,1.7588999999999997,1.7450999999999999,1.7726999999999997,2.700702,2,mp-9330|mp-5328,0.12776479741874036,0.21996384525236712
2AlSiTe3-1,Al2 Si2 Te6,AlSiTe3,1.1145255929465998,1.6725993338562848,0.0020650889082233447,Yes,1.2504,1.2504,1.2504,1.998409,1,mp-31220,-0.13587440705340015,-0.3258096661437153
2CrSiTe3-1,Cr2 Si2 Te6,CrSiTe3,0.2715553738877152,1.020866127942083,0.002117705406396908,Yes,0.5279999999999996,0.5279999999999996,0.5279999999999996,0.94245,1,mp-3779,-0.25644462611228436,0.07841612794208297
2HgPS3-1,Hg2 P2 S6,HgPS3,1.019542107053433,1.894027100957088,0.0200308858041069,No,1.7549,1.7549,1.7549,2.630099,1,mp-27178,-0.735357892946567,-0.736071899042912
2KNO3-1,K2 N2 O6,KNO3,3.166400739179675,5.260665088156969,0.008267535100522139,Yes,3.0352333333333337,2.8988,3.2872,4.971414,6,mp-6920|mp-1020193|mp-5158|mp-9475|mp-36903|mp-672644,0.13116740584634146,0.289251088156969
2CrGeTe3-1,Cr2 Ge2 Te6,CrGeTe3,0.1251176616710028,0.8740388203538423,0.0019828470455586,Yes,0.0,0.0,0.0,0.822417,1,mp-541449,0.1251176616710028,0.05162182035384233
2PdTeO3-2,Te2 Pd2 O6,TePdO3,1.001393121299964,2.5088126695585835,0.08011827322128137,Yes,0.0,0.0,0.0,0.0,1,mp-979272,1.001393121299964,2.5088126695585835
2PdTeO3-1,Te2 Pd2 O6,TePdO3,0.3688921392146507,1.8002479254755812,0.079863630503157,Yes,0.0,0.0,0.0,0.0,1,mp-979272,0.3688921392146507,1.8002479254755812
2AlInO3-1,Al2 In2 O6,AlInO3,2.837893987307134,4.391966049821173,0.09571031510143727,Yes,2.1581,2.1581,2.1581,3.4979,1,mp-754157,0.6797939873071339,0.894066049821173
2INTi-1,Ti2 I2 N2,TiIN,0.06227451677329088,0.07760751302684266,0.0017441849995165626,Yes,0.0,0.0,0.0,0.627661,1,mp-27848,0.06227451677329088,-0.5500534869731574
2HNaO-2,Na2 H2 O2,NaHO,3.503657422151256,5.180520156502341,0.00044363769261224206,Yes,3.0361,2.7883999999999998,3.3548999999999998,4.455425,6,mp-625996|mp-626778|mp-626506|mp-625051|mp-23940|mp-23891,0.4675574221512564,0.7250951565023414
2HNaO-1,Na2 H2 O2,NaHO,2.80219479300819,4.458174478957227,0.0,Yes,3.0361,2.7883999999999998,3.3548999999999998,4.455425,6,mp-625996|mp-626778|mp-626506|mp-625051|mp-23940|mp-23891,-0.23390520699180994,0.002749478957227325
1BiIS-2,Bi1 S1 I1,BiSI,0.4010529065042301,1.1782377123254222,0.1396479356390993,Yes,1.8668999999999998,1.8668999999999998,1.8668999999999998,2.417652,1,mp-23514,-1.4658470934957697,-1.2394142876745777
1BiIS-1,Bi1 S1 I1,BiSI,0.7774808004290814,1.4739739789524404,0.014378675234495356,Yes,1.8668999999999998,1.8668999999999998,1.8668999999999998,2.417652,1,mp-23514,-1.0894191995709184,-0.9436780210475595
2CuKSe-1,K2 Cu2 Se2,KCuSe,1.5737881863051704,2.9572580636510732,0.027114240129398226,Yes,0.17819999999999991,0.17819999999999991,0.17819999999999991,1.23708,1,mp-7435,1.3955881863051705,1.7201780636510733
2HLiO-1,Li2 H2 O2,LiHO,3.935352440756461,5.6121973418083115,0.0,Yes,4.0057,4.0057,4.0057,5.722016,1,mp-23856,-0.07034755924353897,-0.10981865819168846
2CuKS-1,K2 Cu2 S2,KCuS,1.6225323632548199,3.1299970589566772,0.07606427194667376,Yes,1.8615000000000002,1.8615000000000002,1.8615000000000002,2.99704,1,mp-28270,-0.2389676367451803,0.1329570589566771
4PPdSe-1,P4 Pd4 Se4,PPdSe,1.1030545647612664,1.9628098912174876,0.001886658891696295,Yes,0.9677000000000002,0.9677000000000002,0.9677000000000002,1.83934,1,mp-3123,0.13535456476126617,0.12346989121748764
2FInO-1,In2 O2 F2,InOF,2.235979578929647,3.6851550785777416,0.056814790490564704,Yes,,,,2.443556,1,mp-27175,,1.2415990785777415
2BiIS-1,Bi2 S2 I2,BiSI,0.8372955476064072,1.3890570041859387,0.0,No,1.8668999999999998,1.8668999999999998,1.8668999999999998,2.417652,1,mp-23514,-1.0296044523935926,-1.0285949958140612
2AsBeNa-1,Na2 Be2 As2,NaBeAs,0.5054392892391746,0.9488203117010651,0.07272613531841128,Yes,1.2793,1.2793,1.2793,1.9820540000000002,1,mp-9573,-0.7738607107608255,-1.0332336882989352
1BaBrCl-1,Ba1 Br1 Cl1,BaBrCl,5.090557575736565,6.257067660276618,0.08433058119849068,Yes,4.70655,4.4843,4.9288,4.787629,2,mp-28049|mp-1012551,0.38400757573656463,1.4694386602766185
2BaBrH-1,Ba2 H2 Br2,BaHBr,3.6771868083345223,4.779525643337518,0.040754988734800435,Yes,3.2114,3.2114,3.2114,4.217978,1,mp-24424,0.46578680833452246,0.5615476433375184
2BrHSr-1,Sr2 H2 Br2,SrHBr,4.354041321700215,5.479165700056493,0.0,Yes,3.8289,3.8289,3.8289,4.937221,1,mp-24423,0.5251413217002154,0.5419447000564928
2FOSc-1,Sc2 O2 F2,ScOF,4.619597570808152,6.9857666520924075,0.04293708398124233,Yes,4.468266666666667,4.3361,4.5928,6.4070035,3,mp-4661|mp-4662|mp-989178,0.15133090414148498,0.5787631520924075
4CuKTe-1,K4 Cu4 Te4,KCuTe,1.412086604168242,2.5852446995885288,0.06378074479606137,Yes,0.6037000000000003,0.6037000000000003,0.6037000000000003,1.690629,1,mp-7436,0.8083866041682417,0.8946156995885288
2AsCaRb-1,Rb2 Ca2 As2,RbCaAs,0.9857158912898201,1.5176709747761779,0.08495301272050604,Yes,1.3010000000000002,1.3010000000000002,1.3010000000000002,1.842503,1,mp-9845,-0.3152841087101801,-0.32483202522382215
2KORb-1,K2 Rb2 O2,KRbO,0.46127571052670935,1.7183878973956561,0.02815482313088354,Yes,0.62225,0.0,1.2445,2.414682,2,mp-755480|mp-756889,-0.16097428947329062,-0.6962941026043439
2KORb-2,K2 Rb2 O2,KRbO,0.49532008860635457,1.772006736304328,0.0697401670414844,Yes,0.62225,0.0,1.2445,2.414682,2,mp-755480|mp-756889,-0.1269299113936454,-0.6426752636956721
2HNaS-1,Na2 H2 S2,NaHS,3.55980965003105,4.587538000712706,0.004231488390554243,Yes,3.15245,3.1472,3.1576999999999997,4.271255699999999,2,mp-36582|mp-634657,0.4073596500310499,0.31628230071270647
2LiRbS-1,Rb2 Li2 S2,RbLiS,1.26535112717059,2.0876430761776774,0.03573055458055722,Yes,2.745,2.745,2.745,3.703698,1,mp-8751,-1.4796488728294102,-1.6160549238223227
1ISSb-1,Sb1 S1 I1,SbSI,1.219102971949605,1.7824491412878976,0.05829166327424732,Yes,1.2739666666666667,0.6814,1.6354000000000002,1.9978559999999999,3,mp-23007|mp-23041|mp-973217,-0.05486369471706176,-0.2154068587121023
4AgLiTe-1,Li4 Ag4 Te4,LiAgTe,1.0895507837778202,1.8312522717486264,0.048061883391913605,Yes,,,,0.297095,1,mp-962069,,1.5341572717486263
2CaClF-1,Ca2 Cl2 F2,CaClF,6.020166734741515,7.586685082888464,0.012101454898505892,Yes,5.6701999999999995,5.6701999999999995,5.6701999999999995,6.016457,1,mp-27546,0.34996673474151585,1.5702280828884643
1BiBrS-2,Bi1 S1 Br1,BiSBr,1.1878769971197558,1.9804019187336452,0.12441697057923722,Yes,2.0287,2.0287,2.0287,2.5839090000000002,1,mp-23324,-0.8408230028802444,-0.603507081266355
1BiBrS-1,Bi1 S1 Br1,BiSBr,0.8907047103145818,1.600144484093482,0.008652783429290286,Yes,2.0287,2.0287,2.0287,2.5839090000000002,1,mp-23324,-1.1379952896854184,-0.9837645159065183
2AuRbS-1,Rb2 Au2 S2,RbAuS,1.210810376394556,1.777940610342215,0.09635414706759526,Yes,1.9868,1.9868,1.9868,2.904912,1,mp-9010,-0.775989623605444,-1.1269713896577849
2CrFO-1,Cr2 O2 F2,CrOF,0.8842344915815028,3.5024141220214213,0.0,Yes,1.8358999999999999,1.4245999999999999,2.3137999999999996,3.019356,4,mp-764359|mp-768039|mp-766803|mp-764219,-0.9516655084184971,0.4830581220214212
2AsBeLi-1,Li2 Be2 As2,LiBeAs,1.291334237436522,1.9196575240937626,0.0828494234320362,Yes,1.0077000000000003,1.0077000000000003,1.0077000000000003,1.6029430000000002,1,mp-9562,0.2836342374365217,0.31671452409376233
2BiBrS-1,Bi2 S2 Br2,BiSBr,0.9689056275620511,1.6210853973793533,0.010319772420903206,No,2.0287,2.0287,2.0287,2.5839090000000002,1,mp-23324,-1.059794372437949,-0.9628236026206469
2LiRbSe-1,Rb2 Li2 Se2,RbLiSe,1.2678166519963532,2.010397651310723,0.04161510379680955,Yes,2.3089,2.3089,2.3089,3.133701,1,mp-9250,-1.0410833480036468,-1.123303348689277
2BrOSc-1,Sc2 Br2 O2,ScBrO,3.210201931910875,5.237291553640096,0.0,Yes,3.2937000000000003,3.236,3.3514000000000004,4.712542,2,mp-989190|mp-546279,-0.08349806808912508,0.5247495536400963
2FOY-1,Y2 O2 F2,YOF,5.17330748846039,6.726879214939499,0.0,Yes,5.169633333333333,4.9285,5.6328,6.727291999999999,3,mp-38194|mp-3637|mp-10219,0.003674155127057155,-0.0004127850605000205
4PPdS-1,P4 Pd4 S4,PPdS,1.1949967879016565,2.0904344386127454,0.0,Yes,1.0934,1.0934,1.0934,1.996309,1,mp-7280,0.1015967879016566,0.09412543861274547
2FSY-1,Y2 S2 F2,YSF,2.6926183159908117,3.8001775973098946,0.07042195309529238,Yes,1.9362499999999998,1.3132000000000001,2.5592999999999995,2.302263,2,mp-10086|mp-3632,0.7563683159908119,1.4979145973098946
4AuITe-1,Te4 Au4 I4,TeAuI,1.0711838555476998,1.671611246063363,0.0,Yes,1.1164,1.1164,1.1164,1.5896050000000002,1,mp-27741,-0.045216144452300266,0.08200624606336282
4AsPdS-1,As4 Pd4 S4,AsPdS,0.8877018987290852,1.5013790224627739,0.0378542943143767,Yes,0.0,0.0,0.0,0.0,1,mp-10848,0.8877018987290852,1.5013790224627739
4AsPdSe-1,As4 Pd4 Se4,AsPdSe,0.7389742513553128,1.28253200766925,0.045281283686091335,Yes,0.0,0.0,0.0,0.0,1,mp-10849,0.7389742513553128,1.28253200766925
2IOY-1,Y2 I2 O2,YIO,1.8161562820185695,2.8342099673596675,0.06087980089403544,Yes,2.8154000000000003,2.2197000000000005,3.4111000000000002,3.286065,2,mp-754038|mp-753712,-0.9992437179814309,-0.45185503264033233
1BiBrTe-1,Bi1 Te1 Br1,BiTeBr,0.5910806856682358,1.1593582897846306,0.0,Yes,1.2233,1.2233,1.2233,2.31804992,1,mp-33723,-0.6322193143317643,-1.1586916302153694
1BiBrTe-2,Bi1 Te1 Br1,BiTeBr,0.5286776325877693,1.1616007476813623,0.1166433965128082,Yes,1.2233,1.2233,1.2233,2.31804992,1,mp-33723,-0.6946223674122307,-1.1564491723186376
2FSeY-1,Y2 Se2 F2,YSeF,1.4016162950423865,2.4298763476565908,0.06117118215566938,Yes,1.8590499999999999,1.5591999999999997,2.1589,2.481089,2,mp-696195|mp-556111,-0.4574337049576134,-0.051212652343409104
2AgKSe-1,K2 Ag2 Se2,KAgSe,0.46575397777568384,1.2996564077530097,0.04510525597978088,Yes,0.4838,0.4838,0.4838,1.2973590000000002,1,mp-16236,-0.01804602222431617,0.0022974077530095727
2BaHI-1,Ba2 H2 I2,BaHI,3.2459388531231053,4.218619347645864,0.01624428014738477,Yes,2.8161,2.8161,2.8161,3.9205669999999997,1,mp-23862,0.4298388531231052,0.29805234764586475
2BrNZr-2,Zr2 Br2 N2,ZrBrN,1.8162218454811796,3.111181392233688,0.011426815343069071,Yes,1.5690499999999998,1.4423,1.6957999999999998,2.366482,2,mp-541912|mp-570157,0.24717184548117976,0.744699392233688
2BrNZr-1,Zr2 Br2 N2,ZrBrN,1.6180290775462298,2.7587314781907537,0.0,Yes,1.5690499999999998,1.4423,1.6957999999999998,2.366482,2,mp-541912|mp-570157,0.04897907754622999,0.39224947819075373
2BrNZr-3,Zr2 Br2 N2,ZrBrN,1.4581003248051647,2.833173798801095,0.09405500140346135,Yes,1.5690499999999998,1.4423,1.6957999999999998,2.366482,2,mp-541912|mp-570157,-0.11094967519483512,0.466691798801095
2CoFO-1,Co2 O2 F2,CoOF,0.10076939134294394,1.3899900543041452,0.0,Yes,0.0,0.0,0.0,0.0,12,mp-764080|mp-777605|mp-779089|mp-763938|mp-763326|mp-778833|mp-850935|mp-773742|mp-775620|mp-763931|mp-853161|mp-765680,0.10076939134294394,1.3899900543041452
1MoAg2O4-1,Ag2 Mo1 O4,Ag2MoO4,2.0845028770772873,3.572212962825251,0.14518877209625053,No,1.8720999999999999,1.8720999999999999,1.8720999999999999,3.4149890000000003,1,mp-19318,0.21240287707728744,0.15722396282525075
1ZnIn2S4-1,Zn1 In2 S4,Zn(InS2)2,0.019232057387222223,0.870444780620566,0.06999916719327752,Yes,0.49715000000000015,0.07669999999999977,1.4023999999999996,0.7357549999999999,6,mp-616900|mp-541937|mp-560262|mp-22253|mp-22052|mp-674328,-0.4779179426127779,0.13468978062056602
1CdIn2S4-1,Cd1 In2 S4,Cd(InS2)2,0.5972054309183816,1.4998828760693768,0.05134109078686525,Yes,1.0509,1.0509,1.0509,1.739959,1,mp-559200,-0.4536945690816183,-0.24007612393062328
1MgAl2Se4-1,Mg1 Al2 Se4,Mg(AlSe2)2,1.064331903932948,1.983518886245092,0.011230601804619258,Yes,1.053,1.053,1.053,1.896588,1,mp-9479,0.011331903932948029,0.08693088624509215
2WHg2O4-1,Hg4 W2 O8,Hg2WO4,2.5058174653082097,3.866543921118935,0.011455894780728013,Yes,1.9017,1.9017,1.9017,2.681165,1,mp-32542,0.6041174653082098,1.185378921118935
1MgIn2Te4-1,Mg1 In2 Te4,Mg(InTe2)2,0.2324944745389026,0.8617195738422734,0.0,Yes,0.6792000000000002,0.6792000000000002,0.6792000000000002,1.317059,1,mp-35777,-0.44670552546109765,-0.4553394261577266
4FSbSrSe2-1,Sr4 Sb4 Se8 F4,SrSbSe2F,0.8777749632937417,1.2488087016857556,5.7393335001520994e-05,Yes,0.12010000000000032,0.12010000000000032,0.12010000000000032,0.150504,1,mp-556194,0.7576749632937414,1.0983047016857557
1BN-1,B1 N1,BN,4.666851527655782,5.6754492898906905,0.0,Yes,4.145361538461538,1.5764,5.7747,6.475715375,13,mp-13151|mp-13150|mp-629015|mp-2653|mp-604884|mp-1599|mp-7991|mp-984|mp-569655|mp-1639|mp-644751|mp-344|mp-685145,0.5214899891942437,-0.8002660851093095
6OPb-1,Pb6 O6,PbO,2.6336806241634934,3.8077619537815997,0.026401998580048176,Yes,1.2086666666666663,0.0,2.1565,3.050318,4,mp-19921|mp-20878|mp-677074|mp-550714,1.425013957496827,0.7574439537815998
6BrLi-2,Li6 Br6,LiBr,4.842165259646521,5.928555004782295,0.05204925768889742,Yes,4.9292,4.9234,4.9350000000000005,6.09059829,2,mp-23259|mp-976280,-0.08703474035347902,-0.16204328521770517
6BrLi-1,Li6 Br6,LiBr,4.720568450929546,5.803499154251513,0.03421096132690179,Yes,4.9292,4.9234,4.9350000000000005,6.09059829,2,mp-23259|mp-976280,-0.20863154907045356,-0.28709913574848667
6INa-1,Na6 I6,NaI,3.450948325913317,4.338775146733397,0.03188683751175736,Yes,3.5255,3.5255,3.5255,4.63839611,1,mp-23268,-0.07455167408668295,-0.29962096326660337
3HgSe-1,Hg3 Se3,HgSe,0.6722243244748904,1.2479459844030114,0.07657038020379921,Yes,0.5161,0.0,1.0322,1.219277,2,mp-1018722|mp-820,0.15612432447489044,0.028668984403011466
2AsTe-1,Te2 As2,TeAs,0.9338499007824226,1.496138577144052,0.06055017543067972,Yes,0.0,0.0,0.0,0.0,1,mp-10051,0.9338499007824226,1.496138577144052
2SSn-1,Sn2 S2,SnS,1.4140275314202837,1.9865449305244196,0.04264539963228842,Yes,0.870514285714286,0.08940000000000037,1.8201,1.8291717966666667,7,mp-10013|mp-1876|mp-1379|mp-2231|mp-559676|mp-554134|mp-8781,0.5435132457059977,0.15737313385775287
2SSn-2,Sn2 S2,SnS,1.8344928446677293,2.519914355696004,0.06163096503898213,Yes,0.870514285714286,0.08940000000000037,1.8201,1.8291717966666667,7,mp-10013|mp-1876|mp-1379|mp-2231|mp-559676|mp-554134|mp-8781,0.9639785589534433,0.6907425590293375
2PbS-1,Pb2 S2,PbS,1.162375560125644,1.8062432572321732,0.05400716573533959,Yes,1.1367125,0.0,2.0909000000000004,2.492292,8,mp-21039|mp-1009551|mp-21276|mp-557719|mp-1018115|mp-561320|mp-1012435|mp-20526,0.02566306012564401,-0.6860487427678268
2HgTe-1,Hg2 Te2,HgTe,0.08359904287430253,0.12701605955122086,0.10773098331884512,No,0.09523999999999999,0.0,0.47619999999999996,0.21132840000000003,5,mp-13141|mp-1507|mp-2730|mp-358|mp-1811,-0.01164095712569746,-0.08431234044877917
2HgTe-2,Hg2 Te2,HgTe,0.025646632349249687,0.28785265301558605,0.15821447859416526,No,0.09523999999999999,0.0,0.47619999999999996,0.21132840000000003,5,mp-13141|mp-1507|mp-2730|mp-358|mp-1811,-0.0695933676507503,0.07652425301558602
6OSn-1,Sn6 O6,SnO,1.9522246435927202,2.706862609365823,0.035577976413957955,Yes,0.2048000000000001,0.0,0.4096000000000002,1.053307,3,mp-999142|mp-545820|mp-2097,1.74742464359272,1.6535556093658228
2CuO-1,Cu2 O2,CuO,0.0010088311265823435,1.0132514063754643,0.07912089885554519,Yes,0.03193999999999999,0.0,0.14659999999999984,1.000896,6,mp-1692|mp-25229|mp-510752|mp-704645|mp-14549|mp-510751,-0.030931168873417646,0.012355406375464284
1SeSn-1,Sn1 Se1,SnSe,2.176639794741175,2.7880554455028292,0.09833069070445521,Yes,0.5321,0.1189,0.8548999999999999,1.2325348649999999,5,mp-2693|mp-691|mp-2168|mp-8936|mp-628773,1.6445397947411748,1.5555205805028294
6FK-1,K6 F6,KF,5.179073062643626,7.205368494023155,0.03639345035187643,Yes,6.17465,5.9956,6.3537,7.9053511,2,mp-8454|mp-463,-0.9955769373563736,-0.699982605976845
2AgSe-1,Ag2 Se2,AgSe,0.7502400189894041,1.1786742925781897,0.08947540752851998,Yes,0.0,0.0,0.0,0.0,1,mp-379,0.7502400189894041,1.1786742925781897
6PbTe-1,Te6 Pb6,TePb,0.27949307315450744,0.5911401558768328,0.08005633052974186,Yes,0.5092666666666666,0.0,0.8071999999999999,1.1264639900000002,3,mp-20943|mp-19717|mp-685022,-0.2297735935121592,-0.5353238341231674
2ITl-1,Tl2 I2,TlI,2.399076530149377,3.135808643754661,0.07563223125204477,Yes,2.0555333333333334,1.8128000000000002,2.2085999999999997,2.5525961,3,mp-22858|mp-571102|mp-23197,0.3435431968160434,0.5832125437546609
2ITl-3,Tl2 I2,TlI,2.063430629749047,2.7615155660006354,0.1149044393074492,No,2.0555333333333334,1.8128000000000002,2.2085999999999997,2.5525961,3,mp-22858|mp-571102|mp-23197,0.007897296415713573,0.20891946600063527
2InS-1,In2 S2,InS,1.6751470544013318,2.4308252492074818,0.0,Yes,1.3508000000000004,1.3508000000000004,1.3508000000000004,2.076489,1,mp-19795,0.3243470544013314,0.35433624920748175
2InS-2,In2 S2,InS,1.6042708260070087,2.354057785165126,0.0036381567408017013,Yes,1.3508000000000004,1.3508000000000004,1.3508000000000004,2.076489,1,mp-19795,0.2534708260070082,0.27756878516512584
2InS-3,In2 S2,InS,1.972871091753746,2.6640344934072404,0.03566301999337673,Yes,1.3508000000000004,1.3508000000000004,1.3508000000000004,2.076489,1,mp-19795,0.6220710917537455,0.5875454934072404
4MgSe-1,Mg4 Se4,MgSe,3.0894182702750173,3.9858598866760344,0.0821051440196432,Yes,2.2993333333333332,1.7649000000000004,2.5854999999999997,3.01672366,3,mp-10760|mp-1018040|mp-13031,0.790084936941684,0.9691362266760346
2SnTe-1,Sn2 Te2,SnTe,0.6027654706041641,0.8974141157497812,0.0629416605702886,Yes,0.021399999999999864,0.0,0.04279999999999973,0.22964761,3,mp-16364|mp-1883|mp-1481,0.5813654706041642,0.6677665057497812
2SnTe-2,Sn2 Te2,SnTe,1.251901035262428,1.6738870706917064,0.10389999202330946,Yes,0.021399999999999864,0.0,0.04279999999999973,0.22964761,3,mp-16364|mp-1883|mp-1481,1.2305010352624282,1.4442394606917064
2STl-2,Tl2 S2,TlS,0.6732803088353903,1.159331694068046,0.11891256071551137,Yes,0.5045333333333334,0.0,0.8102,0.6780625,3,mp-10632|mp-561066|mp-322,0.16874697550205686,0.481269194068046
2STl-3,Tl2 S2,TlS,0.628340617770555,1.1063081820837957,0.1204165104733349,Yes,0.5045333333333334,0.0,0.8102,0.6780625,3,mp-10632|mp-561066|mp-322,0.12380728443722167,0.42824568208379565
2GaTe-2,Ga2 Te2,GaTe,1.2693666930958636,1.8364742891137533,0.005824670797448583,Yes,0.8935000000000002,0.7804000000000002,1.0066000000000002,1.37827886,2,mp-10009|mp-542812,0.3758666930958634,0.4581954291137533
2GaTe-1,Ga2 Te2,GaTe,1.2966556208609772,1.861535360406339,0.0022034272881524264,Yes,0.8935000000000002,0.7804000000000002,1.0066000000000002,1.37827886,2,mp-10009|mp-542812,0.403155620860977,0.48325650040633894
2GaTe-3,Ga2 Te2,GaTe,0.9459804335042952,1.41200798357865,0.05291843479959618,Yes,0.8935000000000002,0.7804000000000002,1.0066000000000002,1.37827886,2,mp-10009|mp-542812,0.05248043350429499,0.0337291235786501
4HgTe-1,Hg4 Te4,HgTe,0.37259408390261617,0.8990030425799269,0.04388447104732052,Yes,0.09523999999999999,0.0,0.47619999999999996,0.21132840000000003,5,mp-13141|mp-1507|mp-2730|mp-358|mp-1811,0.2773540839026162,0.6876746425799269
2HgSe-1,Hg2 Se2,HgSe,0.08439902528130316,0.28871739923054784,0.10666971648396162,No,0.5161,0.0,1.0322,1.219277,2,mp-1018722|mp-820,-0.43170097471869684,-0.9305596007694521
2MgTe-1,Mg2 Te2,MgTe,2.7026927663851654,3.4978181434322977,0.08260266978450037,Yes,1.4800999999999997,0.43430000000000035,2.3611999999999997,2.5743001166666666,4,mp-13033|mp-1017510|mp-1008786|mp-1039,1.2225927663851657,0.9235180267656311
3HgTe-1,Hg3 Te3,HgTe,0.6722872397341506,1.1739950689458003,0.07308802673923494,Yes,0.09523999999999999,0.0,0.47619999999999996,0.21132840000000003,5,mp-13141|mp-1507|mp-2730|mp-358|mp-1811,0.5770472397341506,0.9626666689458003
6PbS-1,Pb6 S6,PbS,0.47277970521534196,1.0167030332849112,0.07402580914673755,Yes,1.1367125,0.0,2.0909000000000004,2.492292,8,mp-21039|mp-1009551|mp-21276|mp-557719|mp-1018115|mp-561320|mp-1012435|mp-20526,-0.663932794784658,-1.4755889667150888
4FLi-1,Li4 F4,LiF,6.795881199347166,8.826324065442112,0.05024719750405726,Yes,8.1377,7.5592999999999995,8.7161,10.463977125,2,mp-1138|mp-1009009,-1.3418188006528347,-1.6376530595578878
2BrK-1,K2 Br2,KBr,4.374141644811175,5.4696213452375275,0.14436653674519828,Yes,4.0939,3.8776,4.3102,5.5075692599999995,2,mp-23251|mp-570891,0.2802416448111753,-0.037947914762471946
3FNa-1,Na3 F3,NaF,5.67699618276303,7.781608612287117,0.05098457115082233,Yes,6.0943,6.0943,6.0943,8.299371279999999,1,mp-682,-0.4173038172369692,-0.5177626677128817
2TeZn-1,Zn2 Te2,ZnTe,0.5445857993032709,1.2938448405431962,0.09373334812987794,Yes,0.5809833333333334,0.0,1.1007000000000002,0.143912,6,mp-541441|mp-8884|mp-948|mp-9281|mp-2176|mp-571195,-0.03639753403006252,1.149932840543196
6FRb-1,Rb6 F6,RbF,4.8326126125346835,6.8074719963798564,0.028202446023970634,Yes,5.714449999999999,5.5244,5.9045,7.28002463,2,mp-2064|mp-11718,-0.8818373874653158,-0.4725526336201433
3BrLi-1,Li3 Br3,LiBr,4.8187013934676965,5.8982357701355514,0.025088685398471238,Yes,4.9292,4.9234,4.9350000000000005,6.09059829,2,mp-23259|mp-976280,-0.11049860653230326,-0.19236251986444852
4BeTe-1,Be4 Te4,BeTe,1.8158687491868477,2.5051705512622977,0.09788241015221955,Yes,2.0172999999999996,2.0172999999999996,2.0172999999999996,2.98439052,1,mp-252,-0.20143125081315194,-0.4792199687377021
2GeTe-1,Ge2 Te2,GeTe,0.815331286945854,1.1031650847689054,0.05417996503246014,Yes,0.19883333333333356,0.0,0.5965000000000007,0.586418,4,mp-938|mp-672698|mp-2612|mp-628781,0.6164979536125205,0.5167470847689054
2GeTe-2,Ge2 Te2,GeTe,1.0645997003851568,1.4829196832878175,0.08988162597058658,Yes,0.19883333333333356,0.0,0.5965000000000007,0.586418,4,mp-938|mp-672698|mp-2612|mp-628781,0.8657663670518233,0.8965016832878175
1GeTe-1,Ge1 Te1,GeTe,1.473578448873159,1.9941093585389857,0.08727032568880677,Yes,0.19883333333333356,0.0,0.5965000000000007,0.586418,4,mp-938|mp-672698|mp-2612|mp-628781,1.2747451155398253,1.4076913585389859
2CdSe-1,Cd2 Se2,CdSe,1.4023876086837297,2.197360631023562,0.10955293934923382,Yes,1.379966666666667,0.0,3.5799000000000003,0.0,3,mp-1055|mp-2691|mp-1070,0.022420942017062684,2.197360631023562
2IRb-1,Rb2 I2,RbI,3.713828303788546,4.612563320157292,0.1367765928892335,Yes,3.5612500000000002,3.3455,3.777,4.33302429,2,mp-22903|mp-23302,0.15257830378854553,0.2795390301572924
2OSn-2,Sn2 O2,SnO,2.4932408230298173,3.259099976319736,0.04713552771874596,Yes,0.2048000000000001,0.0,0.4096000000000002,1.053307,3,mp-999142|mp-545820|mp-2097,2.288440823029817,2.205792976319736
1HgSe-1,Hg1 Se1,HgSe,0.11708727180683365,0.4233383782147899,0.15687943029192875,Yes,0.5161,0.0,1.0322,1.219277,2,mp-1018722|mp-820,-0.39901272819316635,-0.79593862178521
3ITl-1,Tl3 I3,TlI,1.7371653419387056,2.380888439173786,0.02408016608592245,Yes,2.0555333333333334,1.8128000000000002,2.2085999999999997,2.5525961,3,mp-22858|mp-571102|mp-23197,-0.3183679913946278,-0.17170766082621425
4HgSe-1,Hg4 Se4,HgSe,0.36562526184133715,0.9369855214442866,0.04048011398885265,Yes,0.5161,0.0,1.0322,1.219277,2,mp-1018722|mp-820,-0.15047473815866286,-0.28229147855571335
2SeZn-1,Zn2 Se2,ZnSe,1.6214941234238558,2.6335309052897666,0.10815043295041038,Yes,1.4446,1.1663,1.9671,2.15766965,3,mp-1190|mp-569679|mp-380,0.1768941234238557,0.47586125528976675
2SeZn-2,Zn2 Se2,ZnSe,2.0415314669042957,3.0537453271106134,0.15710608426703887,Yes,1.4446,1.1663,1.9671,2.15766965,3,mp-1190|mp-569679|mp-380,0.5969314669042955,0.8960756771106135
2AgBr-1,Ag2 Br2,AgBr,1.7238042684096084,2.9623770335906077,0.009141666923021818,Yes,0.8671666666666668,0.7,1.1709,2.02991683,3,mp-866291|mp-23231|mp-570301,0.8566376017429417,0.9324602035906078
2AgBr-3,Ag2 Br2,AgBr,1.8342612892247436,3.0915123928650945,0.016682714559221046,Yes,0.8671666666666668,0.7,1.1709,2.02991683,3,mp-866291|mp-23231|mp-570301,0.9670946225580769,1.0615955628650946
2AgBr-2,Ag2 Br2,AgBr,2.443795497814329,3.6168684042618606,0.010122649385717664,Yes,0.8671666666666668,0.7,1.1709,2.02991683,3,mp-866291|mp-23231|mp-570301,1.5766288311476622,1.5869515742618607
1SSn-1,Sn1 S1,SnS,2.2886290308319213,2.9777847514966638,0.11758074804436447,Yes,0.870514285714286,0.08940000000000037,1.8201,1.8291717966666667,7,mp-10013|mp-1876|mp-1379|mp-2231|mp-559676|mp-554134|mp-8781,1.4181147451176352,1.148612954829997
6ClRb-1,Rb6 Cl6,RbCl,4.690534622382894,5.935966092269205,0.04397207588804145,Yes,4.80935,4.7794,4.8393,6.05934832,2,mp-23295|mp-23299,-0.11881537761710614,-0.12338222773079455
2SeSn-1,Sn2 Se2,SnSe,0.9225352561217924,1.3454340184755553,0.04291684954166897,Yes,0.5321,0.1189,0.8548999999999999,1.2325348649999999,5,mp-2693|mp-691|mp-2168|mp-8936|mp-628773,0.3904352561217924,0.11289915347555546
2SeSn-2,Sn2 Se2,SnSe,1.5895129483586574,2.221719185623071,0.0708486545084348,Yes,0.5321,0.1189,0.8548999999999999,1.2325348649999999,5,mp-2693|mp-691|mp-2168|mp-8936|mp-628773,1.0574129483586574,0.989184320623071
2SZn-1,Zn2 S2,ZnS,2.5570100290180697,3.7713145457679995,0.13723873159341515,Yes,1.9801104166666665,0.0,2.0715000000000003,3.0867830000000005,48,mp-556775|mp-560725|mp-557058|mp-557009|mp-561118|mp-10281|mp-9946|mp-13456|mp-556005|mp-554820|mp-555664|mp-555594|mp-554405|mp-557308|mp-555311|mp-561196|mp-555079|mp-556576|mp-553880|mp-555543|mp-554115|mp-554681|mp-581425|mp-555779|mp-556468|mp-553916|mp-10695|mp-554889|mp-555858|mp-555763|mp-557175|mp-555280|mp-555410|mp-557151|mp-555151|mp-556392|mp-556161|mp-554503|mp-555214|mp-556989|mp-561286|mp-556950|mp-680087|mp-18377|mp-543011|mp-561258|mp-557346|mp-680085,0.5768996123514032,0.684531545767999
2GeSe-1,Ge2 Se2,GeSe,1.1211421895230416,1.559182098831073,0.024886527032165873,Yes,0.47855000000000003,0.05830000000000002,0.8988,1.338205,2,mp-10759|mp-700,0.6425921895230415,0.22097709883107286
2GeSe-2,Ge2 Se2,GeSe,1.7435158762553535,2.4362977125782117,0.045723015618422735,Yes,0.47855000000000003,0.05830000000000002,0.8988,1.338205,2,mp-10759|mp-700,1.2649658762553535,1.0980927125782116
2BrRb-2,Rb2 Br2,RbBr,4.180139977785377,5.268172177145077,0.1418471193957207,Yes,4.05735,3.9219999999999997,4.1927,5.0246993799999995,2,mp-22867|mp-23303,0.12278997778537715,0.24347279714507764
2BrRb-1,Rb2 Br2,RbBr,4.111938334189684,5.19419694449829,0.06427624231511464,Yes,4.05735,3.9219999999999997,4.1927,5.0246993799999995,2,mp-22867|mp-23303,0.05458833418968467,0.16949756449829056
2CsF-1,Cs2 F2,CsF,4.151116844666914,6.0586074735185305,0.12060760044514174,No,5.596550000000001,5.2602,5.9329,6.983200249999999,2,mp-1784|mp-8455,-1.4454331553330864,-0.924592776481469
2CuI-1,Cu2 I2,CuI,1.786890780618711,3.359049485087538,0.0,Yes,1.1621375,0.0,1.6338,1.5789305,8,mp-1007922|mp-22863|mp-22895|mp-570081|mp-570136|mp-32750|mp-569346|mp-23306,0.624753280618711,1.7801189850875379
2CuI-2,Cu2 I2,CuI,1.86503334441587,3.5517361607400177,0.008306815201718276,No,1.1621375,0.0,1.6338,1.5789305,8,mp-1007922|mp-22863|mp-22895|mp-570081|mp-570136|mp-32750|mp-569346|mp-23306,0.7028958444158699,1.9728056607400177
2OPb-1,Pb2 O2,PbO,2.4058008109802316,3.4630942477284368,0.0,Yes,1.2086666666666663,0.0,2.1565,3.050318,4,mp-19921|mp-20878|mp-677074|mp-550714,1.1971341443135652,0.4127762477284369
4AsTl-1,Tl4 As4,TlAs,0.04034693143671257,0.15834700787076683,0.055420272146619265,Yes,0.0,0.0,0.0,0.0,1,mp-1007770,0.04034693143671257,0.15834700787076683
8AgBr-1,Ag8 Br8,AgBr,2.006259429053183,3.167055673630217,0.024347808108346636,Yes,0.8671666666666668,0.7,1.1709,2.02991683,3,mp-866291|mp-23231|mp-570301,1.1390927623865164,1.137138843630217
4BeSe-1,Be4 Se4,BeSe,2.9054188291265026,3.7836904060288132,0.09206571376949135,Yes,1.0375666666666665,0.0,2.6702,2.1255606350000003,3,mp-1008524|mp-1541|mp-11335,1.867852162459836,1.658129771028813
2GaSe-1,Ga2 Se2,GaSe,1.7646068281960714,2.5056893830580482,0.0,Yes,0.98148,0.0,1.2405999999999997,1.775927,5,mp-1572|mp-1943|mp-11342|mp-568128|mp-568263,0.7831268281960714,0.7297623830580482
2GaSe-2,Ga2 Se2,GaSe,1.6438489454686864,2.3708151322962996,0.0036204321325423727,Yes,0.98148,0.0,1.2405999999999997,1.775927,5,mp-1572|mp-1943|mp-11342|mp-568128|mp-568263,0.6623689454686864,0.5948881322962996
2GaSe-3,Ga2 Se2,GaSe,1.6090940802801192,2.259203623403881,0.04708834260883865,Yes,0.98148,0.0,1.2405999999999997,1.775927,5,mp-1572|mp-1943|mp-11342|mp-568128|mp-568263,0.6276140802801192,0.4832766234038808
2FRb-1,Rb2 F2,RbF,4.556590937560668,6.552578158599866,0.1347757524860831,No,5.714449999999999,5.5244,5.9045,7.28002463,2,mp-2064|mp-11718,-1.1578590624393312,-0.7274464714001336
2RhSe-3,Rh2 Se2,RhSe,0.10114770276374124,0.3374408042430755,0.16406317971285572,No,0.0,0.0,0.0,0.0,1,mp-900,0.10114770276374124,0.3374408042430755
6AuI-1,Au6 I6,AuI,1.0792959237041442,1.7034054648996437,0.02884973710064065,Yes,2.0853,2.0853,2.0853,3.101495,1,mp-27725,-1.006004076295856,-1.3980895351003562
6AuI-2,Au6 I6,AuI,1.5072535839635552,2.232212691205107,0.07247951693037342,Yes,2.0853,2.0853,2.0853,3.101495,1,mp-27725,-0.5780464160364449,-0.8692823087948929
1GeSe-1,Ge1 Se1,GeSe,2.2175112051577077,2.9145192404726146,0.0398665982389943,Yes,0.47855000000000003,0.05830000000000002,0.8988,1.338205,2,mp-10759|mp-700,1.7389612051577077,1.5763142404726145
3BrK-1,K3 Br3,KBr,4.224061183717379,5.310594358298797,0.046574713933109045,Yes,4.0939,3.8776,4.3102,5.5075692599999995,2,mp-23251|mp-570891,0.13016118371737928,-0.19697490170120258
4CuI-1,Cu4 I4,CuI,1.5657686258623003,3.2100263703912564,0.031176858785185946,Yes,1.1621375,0.0,1.6338,1.5789305,8,mp-1007922|mp-22863|mp-22895|mp-570081|mp-570136|mp-32750|mp-569346|mp-23306,0.4036311258623002,1.6310958703912564
2CdTe-1,Cd2 Te2,CdTe,0.632554622704864,1.3305995781073516,0.0939433251676971,Yes,0.20491666666666675,0.0,0.6198000000000001,0.6549156414285715,7,mp-2388|mp-1008471|mp-1492|mp-12779|mp-12581|mp-685146|mp-406,0.4276379560381972,0.6756839366787801
5OPb-1,Pb5 O5,PbO,1.8860738206599166,2.9567852327551636,0.05646261342115011,Yes,1.2086666666666663,0.0,2.1565,3.050318,4,mp-19921|mp-20878|mp-677074|mp-550714,0.6774071539932502,-0.09353276724483628
4NiS-1,Ni4 S4,NiS,0.6347580089837972,0.8880980963990379,0.09601511109070354,Yes,0.0,0.0,0.0,0.0,2,mp-1547|mp-594,0.6347580089837972,0.8880980963990379
6CsF-1,Cs6 F6,CsF,4.449872691327514,6.325795334475228,0.028004044392815786,Yes,5.596550000000001,5.2602,5.9329,6.983200249999999,2,mp-1784|mp-8455,-1.1466773086724862,-0.6574049155247712
2FTl-1,Tl2 F2,TlF,3.9632658098791094,4.992022051355151,0.0,Yes,2.795733333333333,2.1967999999999996,3.2045,3.991033,4,mp-558134|mp-2175|mp-720|mp-557835,1.1675324765457762,1.000989051355151
2InTe-2,In2 Te2,InTe,1.1450366549343185,1.7078203535615026,0.0033772296965386417,Yes,0.0,0.0,0.0,0.0,3,mp-20320|mp-2597|mp-2819,1.1450366549343185,1.7078203535615026
2InTe-1,In2 Te2,InTe,1.2326469781332072,1.8116609058408257,0.0,Yes,0.0,0.0,0.0,0.0,3,mp-20320|mp-2597|mp-2819,1.2326469781332072,1.8116609058408257
2InTe-3,In2 Te2,InTe,1.072289760550928,1.5720776256327587,0.039154961303837776,Yes,0.0,0.0,0.0,0.0,3,mp-20320|mp-2597|mp-2819,1.072289760550928,1.5720776256327587
2FNa-1,Na2 F2,NaF,5.589937102425832,7.694500527868119,0.07637928068678779,Yes,6.0943,6.0943,6.0943,8.299371279999999,1,mp-682,-0.5043628975741674,-0.6048707521318804
2CuSe-4,Cu2 Se2,CuSe,0.44711084243526233,1.1163487227355335,0.1009240174204491,Yes,0.0,0.0,0.0,0.0,3,mp-488|mp-582060|mp-568998,0.44711084243526233,1.1163487227355335
2AuI-3,Au2 I2,AuI,0.7814843880461474,1.5915963578351833,0.16348668902630648,No,2.0853,2.0853,2.0853,3.101495,1,mp-27725,-1.3038156119538526,-1.5098986421648166
2AuI-2,Au2 I2,AuI,0.8287802849483253,1.6277261599102892,0.14787912533732506,No,2.0853,2.0853,2.0853,3.101495,1,mp-27725,-1.2565197150516747,-1.4737688400897107
2AuI-1,Au2 I2,AuI,1.8080290134811015,2.5854584993526384,0.0,Yes,2.0853,2.0853,2.0853,3.101495,1,mp-27725,-0.2772709865188987,-0.5160365006473615
2FK-1,K2 F2,KF,4.964089527280328,7.021843569419415,0.14695954729393002,No,6.17465,5.9956,6.3537,7.9053511,2,mp-8454|mp-463,-1.2105604727196715,-0.8835075305805846
1SnTe-1,Sn1 Te1,SnTe,1.5823012023247234,2.0888037019408907,0.11907890902321716,Yes,0.021399999999999864,0.0,0.04279999999999973,0.22964761,3,mp-16364|mp-1883|mp-1481,1.5609012023247235,1.8591560919408907
2SeTl-3,Tl2 Se2,TlSe,0.4487182620612251,0.8335913573682951,0.07770119234873407,Yes,0.09899999999999998,0.0,0.19799999999999995,0.3563675,2,mp-10647|mp-1836,0.34971826206122514,0.47722385736829515
2SeTl-2,Tl2 Se2,TlSe,0.4940468520376098,0.8911210271784331,0.07623068817761913,Yes,0.09899999999999998,0.0,0.19799999999999995,0.3563675,2,mp-10647|mp-1836,0.3950468520376098,0.5347535271784332
2ClK-2,K2 Cl2,KCl,4.881867863410565,6.135935277588135,0.14680093980512288,Yes,4.91375,4.8004999999999995,5.027,6.2053805099999995,2,mp-23289|mp-23193,-0.031882136589435284,-0.06944523241186484
2ClK-1,K2 Cl2,KCl,4.910162652417998,6.14920121255569,0.06668936162991868,Yes,4.91375,4.8004999999999995,5.027,6.2053805099999995,2,mp-23289|mp-23193,-0.003587347582001854,-0.056179297444309384
1HgS-1,Hg1 S1,HgS,0.06468067001757216,0.7236707407317446,0.14626132104328887,No,0.42669999999999997,0.0,1.7067999999999999,0.11054768000000001,4,mp-10764|mp-634|mp-973676|mp-1123,-0.3620193299824278,0.6131230607317446
4OSn-1,Sn4 O4,SnO,2.836070842324397,3.718731952407974,0.0023657435102801827,Yes,0.2048000000000001,0.0,0.4096000000000002,1.053307,3,mp-999142|mp-545820|mp-2097,2.631270842324397,2.6654249524079736
4OSn-2,Sn4 O4,SnO,1.9378070879741531,2.6111641752126893,0.04496171009746952,Yes,0.2048000000000001,0.0,0.4096000000000002,1.053307,3,mp-999142|mp-545820|mp-2097,1.733007087974153,1.5578571752126893
2INa-1,Na2 I2,NaI,3.5922221358166775,4.48550493787608,0.04211649779822535,Yes,3.5255,3.5255,3.5255,4.63839611,1,mp-23268,0.06672213581667741,-0.15289117212392078
2INa-2,Na2 I2,NaI,3.961232148966284,4.881403333889766,0.08465476054405574,Yes,3.5255,3.5255,3.5255,4.63839611,1,mp-23268,0.435732148966284,0.2430072238897658
4SSn-1,Sn4 S4,SnS,1.737077338774285,2.4262673045041216,0.03658849487482474,Yes,0.870514285714286,0.08940000000000037,1.8201,1.8291717966666667,7,mp-10013|mp-1876|mp-1379|mp-2231|mp-559676|mp-554134|mp-8781,0.866563053059999,0.5970955078374549
4AgBr-2,Ag4 Br4,AgBr,2.329725867491401,3.5826526144129507,0.005333639298927884,Yes,0.8671666666666668,0.7,1.1709,2.02991683,3,mp-866291|mp-23231|mp-570301,1.4625592008247343,1.5527357844129508
2ClRb-2,Rb2 Cl2,RbCl,4.651041440461688,5.891091601890369,0.1461360235465623,Yes,4.80935,4.7794,4.8393,6.05934832,2,mp-23295|mp-23299,-0.15830855953831247,-0.16825671810963083
2ClRb-1,Rb2 Cl2,RbCl,4.688517708298653,5.924068693620607,0.06574568939736514,Yes,4.80935,4.7794,4.8393,6.05934832,2,mp-23295|mp-23299,-0.12083229170134757,-0.1352796263793925
4FTl-1,Tl4 F4,TlF,3.571153345821566,4.709213540407857,0.00021296500795608964,Yes,2.795733333333333,2.1967999999999996,3.2045,3.991033,4,mp-558134|mp-2175|mp-720|mp-557835,0.7754200124882327,0.7181805404078574
4FTl-2,Tl4 F4,TlF,3.3617870093509437,4.473610776909267,0.0173497067477415,Yes,2.795733333333333,2.1967999999999996,3.2045,3.991033,4,mp-558134|mp-2175|mp-720|mp-557835,0.5660536760176105,0.48257777690926673
3ClK-1,K3 Cl3,KCl,4.908256118038552,6.155000073899176,0.04423338998012009,Yes,4.91375,4.8004999999999995,5.027,6.2053805099999995,2,mp-23289|mp-23193,-0.005493881961448288,-0.050380436100823545
6FLi-1,Li6 F6,LiF,6.8039105429025835,8.825406810873499,0.03250107158696439,Yes,8.1377,7.5592999999999995,8.7161,10.463977125,2,mp-1138|mp-1009009,-1.3337894570974171,-1.6385703141265004
2BrLi-1,Li2 Br2,LiBr,5.3391084928079,6.43932508248939,0.020704174085628857,Yes,4.9292,4.9234,4.9350000000000005,6.09059829,2,mp-23259|mp-976280,0.4099084928079,0.34872679248938976
4BrLi-1,Li4 Br4,LiBr,4.929041787094119,6.001197870294543,0.023467754833967458,Yes,4.9292,4.9234,4.9350000000000005,6.09059829,2,mp-23259|mp-976280,-0.00015821290588036163,-0.08940041970545654
2AgO-1,Ag2 O2,AgO,0.1638687202561293,1.1257963901064443,0.05808328915265015,Yes,0.05989999999999999,0.0,0.17969999999999997,0.79904,3,mp-499|mp-1288|mp-8222,0.10396872025612933,0.3267563901064443
2PbTe-1,Te2 Pb2,TePb,0.4453871101083335,0.8778946428416765,0.07499368598771872,Yes,0.5092666666666666,0.0,0.8071999999999999,1.1264639900000002,3,mp-20943|mp-19717|mp-685022,-0.06387955655833316,-0.24856934715832368
2PbTe-2,Te2 Pb2,TePb,0.43407157947419783,0.8645070315508245,0.16820425264917294,No,0.5092666666666666,0.0,0.8071999999999999,1.1264639900000002,3,mp-20943|mp-19717|mp-685022,-0.07519508719246881,-0.26195695844917566
2CuS-2,Cu2 S2,CuS,0.6235293040444798,1.3107568948461386,0.1265233772185339,Yes,0.0,0.0,0.0,0.0,5,mp-1023128|mp-504|mp-558139|mp-555599|mp-760381,0.6235293040444798,1.3107568948461386
3HgS-1,Hg3 S3,HgS,1.383330051977643,2.150468977075662,0.09160242338438018,Yes,0.42669999999999997,0.0,1.7067999999999999,0.11054768000000001,4,mp-10764|mp-634|mp-973676|mp-1123,0.9566300519776431,2.0399212970756624
4OPb-1,Pb4 O4,PbO,2.614160573133381,3.730795456774873,0.007039757632466781,Yes,1.2086666666666663,0.0,2.1565,3.050318,4,mp-19921|mp-20878|mp-677074|mp-550714,1.4054939064667145,0.6804774567748733
4OPb-2,Pb4 O4,PbO,2.269346876271351,3.1248675320869603,0.06442296718999341,Yes,1.2086666666666663,0.0,2.1565,3.050318,4,mp-19921|mp-20878|mp-677074|mp-550714,1.0606802096046848,0.07454953208696047
1HgTe-1,Hg1 Te1,HgTe,0.15316851885532534,0.27880058863410584,0.1650276716787089,Yes,0.09523999999999999,0.0,0.47619999999999996,0.21132840000000003,5,mp-13141|mp-1507|mp-2730|mp-358|mp-1811,0.05792851885532535,0.06747218863410581
1PbTe-1,Te1 Pb1,TePb,0.9298516213187835,1.5002534549900912,0.19759476028741352,Yes,0.5092666666666666,0.0,0.8071999999999999,1.1264639900000002,3,mp-20943|mp-19717|mp-685022,0.42058495465211687,0.373789464990091
2Sb2O3-5,Sb4 O6,Sb2O3,3.4142359713587673,4.62436132985141,0.05345960899345954,Yes,1.990825,1.1784000000000008,3.3407999999999998,1.806211,4,mp-1046803|mp-1999|mp-2136|mp-560607,1.4234109713587673,2.8181503298514095
2Sb2O3-1,Sb4 O6,Sb2O3,3.5279454955019327,4.674643671043235,0.0,Yes,1.990825,1.1784000000000008,3.3407999999999998,1.806211,4,mp-1046803|mp-1999|mp-2136|mp-560607,1.5371204955019326,2.8684326710432346
2As2O3-2,As4 O6,As2O3,3.876239173691788,5.154403471528006,0.0048330164629604155,Yes,3.884733333333333,3.6199999999999997,4.0252,5.0663465,3,mp-1582|mp-1581|mp-2184,-0.008494159641545096,0.0880569715280064
2As2O3-3,As4 O6,As2O3,4.256006969095704,5.514746111258008,0.0056905951844008484,Yes,3.884733333333333,3.6199999999999997,4.0252,5.0663465,3,mp-1582|mp-1581|mp-2184,0.37127363576237116,0.448399611258008
2As2O3-4,As4 O6,As2O3,3.7909909416385688,5.104789170770303,0.02579372423075128,Yes,3.884733333333333,3.6199999999999997,4.0252,5.0663465,3,mp-1582|mp-1581|mp-2184,-0.0937423916947644,0.03844267077030317
2As2O3-1,As4 O6,As2O3,4.146456017763331,5.449591891902212,0.0,Yes,3.884733333333333,3.6199999999999997,4.0252,5.0663465,3,mp-1582|mp-1581|mp-2184,0.2617226844299978,0.3832453919022125
2Sb2Te3-1,Sb4 Te6,Sb2Te3,0.7960409091213876,1.3269850892512638,0.09344038160374882,Yes,0.28770000000000007,0.28770000000000007,0.28770000000000007,0.39777792,1,mp-1201,0.5083409091213875,0.9292071692512638
1Sb2O3-1,Sb2 O3,Sb2O3,3.4358387366336287,4.439731718535582,0.028796620856849132,Yes,1.990825,1.1784000000000008,3.3407999999999998,1.806211,4,mp-1046803|mp-1999|mp-2136|mp-560607,1.4450137366336286,2.633520718535582
1Sb2Te3-1,Sb2 Te3,Sb2Te3,0.3372088842313865,0.698827076564486,0.004267835560163058,Yes,0.28770000000000007,0.28770000000000007,0.28770000000000007,0.39777792,1,mp-1201,0.04950888423138644,0.30104915656448594
1Ga2Se3-1,Ga2 Se3,Ga2Se3,0.83334663565516,1.6259500315259978,0.06572114956424358,Yes,0.8109000000000001,0.5842,1.0376,1.690813,2,mp-1340|mp-672302,0.02244663565515992,-0.06486296847400208
2Cr2S3-1,Cr4 S6,Cr2S3,0.6359361287374141,1.7754215053496927,0.029543808168729414,Yes,0.0,0.0,0.0,0.20236700000000002,2,mp-13685|mp-555569,0.6359361287374141,1.5730545053496927
2Cr2S3-2,Cr4 S6,Cr2S3,0.61716282928961,2.151863660516253,0.06306423154365035,Yes,0.0,0.0,0.0,0.20236700000000002,2,mp-13685|mp-555569,0.61716282928961,1.949496660516253
3Al2Se3-1,Al6 Se9,Al2Se3,2.4752846450902357,3.3863148856789627,0.08297936416306087,Yes,1.4622000000000002,1.1228000000000002,1.8016,2.686393,2,mp-685120|mp-11674,1.0130846450902355,0.6999218856789629
4Ga2Se3-1,Ga8 Se12,Ga2Se3,1.7756146845922323,2.6207544828355007,0.0013051404077970119,Yes,0.8109000000000001,0.5842,1.0376,1.690813,2,mp-1340|mp-672302,0.9647146845922322,0.9299414828355008
2Bi2O3-2,Bi4 O6,Bi2O3,2.875695051378547,4.095494017699753,0.0631286442830536,Yes,1.196353846153846,0.0,2.2745,2.550319306,13,mp-1046792|mp-37036|mp-22891|mp-673244|mp-674644|mp-556549|mp-684617|mp-684747|mp-558953|mp-636934|mp-23195|mp-759526|mp-23262,1.679341205224701,1.5451747116997532
2Bi2O3-1,Bi4 O6,Bi2O3,2.4669065475678646,3.7688806023985233,0.034233459601981056,Yes,1.196353846153846,0.0,2.2745,2.550319306,13,mp-1046792|mp-37036|mp-22891|mp-673244|mp-674644|mp-556549|mp-684617|mp-684747|mp-558953|mp-636934|mp-23195|mp-759526|mp-23262,1.2705527014140185,1.2185612963985233
1Bi2Te3-1,Bi2 Te3,Bi2Te3,0.08323111913859499,0.4680553305998247,0.000450131609218829,Yes,0.2667999999999999,0.0,0.5335999999999999,0.6156889999999999,2,mp-34202|mp-568390,-0.18356888086140494,-0.14763366940017525
2Al2Se3-1,Al4 Se6,Al2Se3,2.2037886748015065,3.0099031179756226,0.01738905338400585,Yes,1.4622000000000002,1.1228000000000002,1.8016,2.686393,2,mp-685120|mp-11674,0.7415886748015064,0.3235101179756228
2Al2Se3-3,Al4 Se6,Al2Se3,1.3194839700811383,2.033628082155115,0.04952872086102218,Yes,1.4622000000000002,1.1228000000000002,1.8016,2.686393,2,mp-685120|mp-11674,-0.1427160299188619,-0.6527649178448849
2Al2Se3-2,Al4 Se6,Al2Se3,1.5241552589217382,2.461501735617177,0.024213661950506095,Yes,1.4622000000000002,1.1228000000000002,1.8016,2.686393,2,mp-685120|mp-11674,0.06195525892173803,-0.2248912643828227
1Bi2Se3-1,Bi2 Se3,Bi2Se3,0.2433187304809601,0.731699789403855,0.0,Yes,0.7496,0.5434000000000001,0.9558,1.30781519,2,mp-541837|mp-23164,-0.50628126951904,-0.5761154005961449
2B2O3-1,B4 O6,B2O3,6.188211355425892,8.004683736174364,0.0,Yes,7.32515,6.3017,8.3486,10.236591,2,mp-717|mp-306,-1.1369386445741076,-2.2319072638256365
2In2Se3-1,In4 Se6,In2Se3,1.1363455263060147,1.7308711382358268,0.0022447240480212294,Yes,0.6328,0.0,0.9903,0.0,3,mp-19907|mp-612740|mp-672673,0.5035455263060147,1.7308711382358268
2Ga2O3-1,Ga4 O6,Ga2O3,2.6423708896298734,4.238227342795238,0.04953746974075983,Yes,1.402425,0.005800000000000249,2.4019000000000004,3.7010300000000003,4,mp-13134|mp-886|mp-1243|mp-685090,1.2399458896298734,0.5371973427952375
1In2Se3-1,In2 Se3,In2Se3,0.7541044136552704,1.4322342045453191,0.007726079947355036,Yes,0.6328,0.0,0.9903,0.0,3,mp-19907|mp-612740|mp-672673,0.12130441365527034,1.4322342045453191
1In2Se3-3,In2 Se3,In2Se3,1.3873777720219604,2.0403342006634277,0.051213338036081614,Yes,0.6328,0.0,0.9903,0.0,3,mp-19907|mp-612740|mp-672673,0.7545777720219604,2.0403342006634277
4Al2Se3-1,Al8 Se12,Al2Se3,2.6542428834622034,3.600086253656645,0.0,Yes,1.4622000000000002,1.1228000000000002,1.8016,2.686393,2,mp-685120|mp-11674,1.1920428834622032,0.9136932536566453
2Rh2S3-1,Rh4 S6,Rh2S3,0.4400174544914247,1.1611059865385096,0.08393480397635714,Yes,0.3063499999999997,0.19459999999999944,0.4180999999999999,1.160852,2,mp-17173|mp-974381,0.13366745449142503,0.0002539865385096096
2Ga2Se3-1,Ga4 Se6,Ga2Se3,0.9871094395455948,1.5449991646784929,0.06770846359885638,Yes,0.8109000000000001,0.5842,1.0376,1.690813,2,mp-1340|mp-672302,0.17620943954559476,-0.14581383532150705
2Ga2Se3-2,Ga4 Se6,Ga2Se3,0.40542850316924817,1.2539530075791328,0.07071283760361809,Yes,0.8109000000000001,0.5842,1.0376,1.690813,2,mp-1340|mp-672302,-0.4054714968307519,-0.43685999242086715
4In2Se3-1,In8 Se12,In2Se3,1.2786096760872128,2.0807654521184116,0.018808058785298787,Yes,0.6328,0.0,0.9903,0.0,3,mp-19907|mp-612740|mp-672673,0.6458096760872127,2.0807654521184116
1Ga2Te5-1,Ga2 Te5,Ga2Te5,0.8596502695152948,1.3892047673289007,0.0,Yes,0.9569999999999999,0.9569999999999999,0.9569999999999999,1.55251415,1,mp-2371,-0.09734973048470508,-0.16330938267109918
2V2O5-3,V4 O10,V2O5,1.5640209043972364,3.877046180855299,0.016521761116121882,Yes,2.0799307692307694,1.396,2.7539000000000002,3.210494666666667,13,mp-542844|mp-25643|mp-25646|mp-543104|mp-510748|mp-25620|mp-775847|mp-849597|mp-776882|mp-510568|mp-776041|mp-776344|mp-624689,-0.515909864833533,0.6665515141886322
2V2O5-1,V4 O10,V2O5,2.062259099069487,4.472256196475773,0.0,Yes,2.0799307692307694,1.396,2.7539000000000002,3.210494666666667,13,mp-542844|mp-25643|mp-25646|mp-543104|mp-510748|mp-25620|mp-775847|mp-849597|mp-776882|mp-510568|mp-776041|mp-776344|mp-624689,-0.01767167016128246,1.2617615298091063
2CHKO3-1,K2 H2 C2 O6,KHCO3,4.463159928806036,6.2155469319672925,0.0,Yes,4.98865,4.9715,5.0058,6.650649,2,mp-634431|mp-23724,-0.5254900711939641,-0.4351020680327071
1ZnRe2O8-1,Zn1 Re2 O8,Zn(ReO4)2,3.9662269407194954,5.699539845242606,3.2297397080004555e-16,Yes,3.9894,3.9894,3.9894,5.522736,1,mp-10326,-0.023173059280504393,0.17680384524260617
1NiRe2O8-1,Re2 Ni1 O8,Re2NiO8,1.57545394460299,4.969670341401184,0.0,Yes,3.8913,3.8913,3.8913,4.610805,1,mp-32311,-2.31584605539701,0.35886534140118354
2GaBr3-1,Ga2 Br6,GaBr3,2.593784613077281,3.64126290963298,0.06596926633476174,Yes,3.3472999999999997,3.3472999999999997,3.3472999999999997,4.275378,1,mp-30953,-0.7535153869227189,-0.6341150903670201
2SbI3-1,Sb2 I6,SbI3,1.8256443291130335,2.484213990533749,0.0,Yes,2.17305,2.1446000000000005,2.2015,2.685556,2,mp-23281|mp-569224,-0.3474056708869664,-0.20134200946625125
2AsBr3-1,As2 Br6,AsBr3,2.4767749625963944,3.2996020535129054,0.003354073630402965,No,3.1271000000000004,3.1271000000000004,3.1271000000000004,4.151391,1,mp-23317,-0.650325037403606,-0.8517889464870949
2ZrSe3-1,Zr2 Se6,ZrSe3,0.4096178305363375,1.0308163591185968,0.0,Yes,0.39369999999999994,0.39369999999999994,0.39369999999999994,1.11253,1,mp-1683,0.01591783053633755,-0.0817136408814032
2CrF3-2,Cr2 F6,CrF3,2.022764132797049,5.130388508247844,0.032350153195983555,Yes,,,,3.911392,1,mp-560338,,1.2189965082478436
2YBr3-3,Y2 Br6,YBr3,3.4959446323194223,4.90984483379608,0.050658906353310496,No,3.46095,2.9454000000000002,3.9764999999999997,5.19568,2,mp-754815|mp-865605,0.03499463231942235,-0.28583516620392047
2YBr3-1,Y2 Br6,YBr3,4.086510250660241,5.477992205514946,4.440892098500626e-16,Yes,3.46095,2.9454000000000002,3.9764999999999997,5.19568,2,mp-754815|mp-865605,0.6255602506602407,0.2823122055149456
2YBr3-4,Y2 Br6,YBr3,2.9108786262450086,4.203499085812268,0.05591609074848547,Yes,3.46095,2.9454000000000002,3.9764999999999997,5.19568,2,mp-754815|mp-865605,-0.5500713737549914,-0.992180914187732
2TiI3-2,Ti2 I6,TiI3,0.20863510105471583,1.1414227391348857,0.08305612785211114,Yes,0.0,0.0,0.0,0.1951995,2,mp-23264|mp-23223,0.20863510105471583,0.9462232391348857
2SnTe3-1,Sn2 Te6,SnTe3,0.14755193169050837,0.3461436278468629,0.09600647407139973,Yes,0.0,0.0,0.0,0.0,1,mp-978885,0.14755193169050837,0.3461436278468629
2ScF3-1,Sc2 F6,ScF3,6.883936707053714,10.024799859577415,0.08486093492017499,Yes,3.93185,1.7908,6.0729,8.562817115,3,mp-10694|mp-695817|mp-559092,2.952086707053714,1.4619827445774156
2AlF3-2,Al2 F6,AlF3,8.408902504942903,10.791584270238179,0.032977181729056504,Yes,7.45196,7.3085,7.6012,9.733888,5,mp-1323|mp-468|mp-8039|mp-559871|mp-555026,0.9569425049429032,1.0576962702381785
2WO3-1,W2 O6,WO3,1.2673040000121887,2.8653266559976407,0.06635331664729627,Yes,1.53432,1.1455,2.4793,1.6962055,11,mp-19443|mp-510417|mp-19342|mp-705411|mvc-5096|mp-619461|mp-699364|mp-559175|mp-771798|mp-565994|mp-32662,-0.2670159999878112,1.1691211559976407
2AsI3-1,As2 I6,AsI3,1.9113700539032834,2.625028652121637,0.001641744038340942,Yes,2.2375000000000003,2.2375000000000003,2.2375000000000003,3.040146,1,mp-23218,-0.32612994609671686,-0.41511734787836296
2MoO3-1,Mo2 O6,MoO3,2.0674670309309464,3.73762728812292,0.0,Yes,1.0908142857142857,0.5050000000000001,1.9418000000000002,2.0170405,7,mp-510584|mp-18856|mp-705538|mvc-12752|mp-715463|mp-715574|mp-715474,0.9766527452166607,1.7205867881229202
2HfSe3-1,Hf2 Se6,HfSe3,0.2718837669691667,0.8848006129139385,0.0032046256680142715,Yes,0.31709999999999994,0.31709999999999994,0.31709999999999994,1.028354,1,mp-15622,-0.04521623303083322,-0.14355338708606147
2BiF3-1,Bi2 F6,BiF3,4.316790709439207,5.899335099015164,0.05280996190986098,Yes,4.5744,3.9662999999999995,5.0761,5.211019,3,mp-23301|mp-685136|mp-23237,-0.25760929056079274,0.6883160990151636
2YF3-1,Y2 F6,YF3,7.72766527046932,9.894449577438952,0.0,Yes,6.57555,5.617299999999999,7.533799999999999,8.762129999999999,2,mp-2416|mp-556242,1.15211527046932,1.1323195774389525
2TiS3-1,Ti2 S6,TiS3,0.2945522457159421,1.452472977000255,0.0,Yes,0.11424999999999974,0.0,0.22849999999999948,0.0,2,mp-9920|mp-559374,0.18030224571594233,1.452472977000255
2InF3-2,In2 F6,InF3,4.962830177173105,7.139247014902809,0.03847370586331067,Yes,4.0226,4.0226,4.0226,5.680056,1,mp-6949,0.9402301771731052,1.4591910149028084
2SbF3-1,Sb2 F6,SbF3,5.087285720196227,6.459002884347144,0.0,Yes,4.4380999999999995,4.4380999999999995,4.4380999999999995,5.389639,1,mp-1880,0.6491857201962272,1.069363884347144
2TlF3-1,Tl2 F6,TlF3,3.0462705418099194,4.7400790573229,0.005188882560204444,Yes,1.2591,1.2591,1.2591,2.710605,1,mp-2632,1.7871705418099193,2.0294740573228998
2SeZnH2O4-1,Zn2 H4 Se2 O8,ZnH2SeO4,4.4521794824085665,6.1586624096199,0.005600792234087049,Yes,4.339899999999999,4.339899999999999,4.339899999999999,5.702686,1,mp-24591,0.11227948240856733,0.4559764096199004
2SAs2O6-1,As4 S2 O12,As2SO6,4.45635411679549,5.873611763128167,0.0,Yes,4.407900000000001,4.407900000000001,4.407900000000001,5.772589999999999,1,mp-27230,0.04845411679548928,0.10102176312816802
4P-1,P4,P,0.9025676593547001,1.5111873683643162,0.03936739665484179,Yes,1.3389999999999997,0.0,3.605,2.985237,6,mp-12883|mp-130|mp-157|mp-118|mp-53|mp-1014013,-0.4364323406452997,-1.474049631635684
4As-1,As4,As,0.8347269690251125,1.3237041292011327,0.04184453449020964,Yes,0.0,0.0,0.0,0.0,3,mp-11|mp-158|mp-10,0.8347269690251125,1.3237041292011327
2C-1,C2,C,0.0003000685114302737,0.0002564957267392476,0.0,Yes,1.471560714285714,0.0,4.5686,3.450834225,28,mp-1018088|mp-1008395|mp-47|mp-998866|mp-169|mp-24|mp-570002|mp-568286|mp-611448|mp-579909|mp-683919|mp-569567|mp-568410|mp-569416|mp-606949|mp-569517|mp-66|mp-667273|mp-568806|mp-616440|mp-48|mp-624889|mp-990424|mp-569304|mp-997182|mp-680372|mp-990448|mp-630227,-1.4712606457742838,-3.4505777292732605
2Bi-1,Bi2,Bi,0.5573619465140581,0.6111082036557421,0.10122034140523173,No,0.0,0.0,0.0,0.0,7,mp-23152|mp-568610|mp-569358|mp-567597|mp-568087|mp-23157|mp-567379,0.5573619465140581,0.6111082036557421
2As-1,As2,As,1.48319754270698,2.0188450434177665,0.005086301514310776,Yes,0.0,0.0,0.0,0.0,3,mp-11|mp-158|mp-10,1.48319754270698,2.0188450434177665
2Sb-1,Sb2,Sb,0.9829007803851126,1.4062542364491943,0.07439965377750113,Yes,0.0,0.0,0.0,0.0,7,mp-7761|mp-133|mp-104|mp-80|mp-567144|mp-10630|mp-567409,0.9829007803851126,1.4062542364491943
4Bi-1,Bi4,Bi,0.1511766007723755,0.3463465840776546,0.09550190818097803,Yes,0.0,0.0,0.0,0.0,7,mp-23152|mp-568610|mp-569358|mp-567597|mp-568087|mp-23157|mp-567379,0.1511766007723755,0.3463465840776546
2P-1,P2,P,1.9290582540934849,2.7339604246771136,0.039994516686932435,Yes,1.3389999999999997,0.0,3.605,2.985237,6,mp-12883|mp-130|mp-157|mp-118|mp-53|mp-1014013,0.5900582540934851,-0.2512765753228865
2MoVO5-1,V2 Mo2 O10,VMoO5,0.0030682904120213905,1.8372112487123626,0.0,Yes,1.4029999999999998,1.0061999999999998,1.7997999999999998,2.486051,2,mp-690110|mp-25057,-1.3999317095879784,-0.6488397512876372
2MoPO5-1,Mo2 P2 O10,MoPO5,1.0398255296320027,3.0235634748456244,2.5376526277146434e-16,Yes,1.6360999999999999,0.8644000000000001,2.4078,2.878237,2,mp-1044164|mp-504818,-0.5962744703679972,0.14532647484562444
2PVO5-1,V2 P2 O10,VPO5,1.566338683389259,4.03175738821707,0.0,Yes,1.92484,1.6329000000000002,2.2702999999999998,2.962968,10,mp-566111|mp-25672|mp-1046704|mp-767483|mp-770892|mp-32486|mp-581161|mp-19000|mp-540277|mp-763482,-0.35850131661074114,1.0687893882170698
2VF4-1,V2 F8,VF4,0.5968186063518433,3.11207248904726,0.0,Yes,2.0976272727272725,0.7376999999999999,2.7348,3.394145,11,mp-765926|mp-765919|mp-764923|mp-765216|mp-765215|mp-765239|mp-554799|mp-765237|mp-766158|mp-766790|mp-765233,-1.5008086663754292,-0.28207251095274
1MgNa2S2H4O8-1,Na2 Mg1 H4 S2 O8,Na2MgH4(SO4)2,4.454158090133488,5.737877923226915,0.05324211957303734,Yes,,,,6.22011,1,mp-722860,,-0.48223207677308544
1BaSb2F12-1,Ba1 Sb2 F12,BaSb2F12,4.965795654255119,7.344033209756923,0.0,Yes,4.0459,4.0459,4.0459,5.883263,1,mp-554765,0.9198956542551198,1.460770209756923
1MnSb2F12-1,Mn1 Sb2 F12,MnSb2F12,1.7422329568417458,4.059658821158711,0.0,Yes,,,,4.016806,1,mp-555052,,0.0428528211587107
2TlPt2S3-1,Tl2 Pt4 S6,TlPt2S3,1.2532971875202457,2.0736135055545284,0.024673878836555474,Yes,1.0242000000000004,1.0242000000000004,1.0242000000000004,1.6909550000000002,1,mp-9272,0.22909718752024522,0.3826585055545282
2TlPd2Se3-1,Tl2 Pd4 Se6,TlPd2Se3,0.8340199526730525,1.3161563226436228,0.03046706246988447,Yes,0.1379999999999999,0.1379999999999999,0.1379999999999999,0.782943,1,mp-7038,0.6960199526730526,0.5332133226436229
2TlPt2Se3-1,Tl2 Pt4 Se6,TlPt2Se3,1.1321334786035453,1.7557911718768278,0.019633501534205067,Yes,0.4569000000000001,0.4569000000000001,0.4569000000000001,1.147632,1,mp-541487,0.6752334786035452,0.6081591718768278
2TlPt2Te3-1,Tl2 Te6 Pt4,TlTe3Pt2,0.6629242046937938,1.010539666986528,0.032129923362104996,Yes,0.0,0.0,0.0,0.867404,1,mp-9251,0.6629242046937938,0.14313566698652813
1Si2Mg3H4O9-1,Mg3 Si2 H4 O9,Mg3Si2H4O9,3.35016987944099,4.9481164115710445,0.0011110581905822887,Yes,4.24615,4.2447,4.2476,5.929482999999999,2,mp-23764|mp-24097,-0.8959801205590101,-0.9813665884289549
