uid,formula,gap_pbe,gap_hse_true,gap_hse_pred,class,ehull,hform,thickness,is_magnetic,dyn_stab,natoms,n_species,has_F,has_Cl,has_Br,has_I,has_O,has_N,has_S,has_halide,has_alkali,has_alkaline_earth,has_transition_metal,mean_en,max_en,min_en,range_en,mean_period,max_period,mean_group,mean_cov_radius,mean_atomic_mass,dyn_stab_yes,s_chem_rf,s_chem_lr
2CaCl2-1,CaCl2,5.406327483393074,,6.490979194641113,Novel,0.06250870283172993,-2.368643624966575,2.932230853463686,0,Yes,6,2,0,1,0,0,0,0,0,1,0,1,0,2.08,3.16,1.0,2.16,3.5,4.0,9.5,1.365,37.7655,1,1.0,0.980891116911757
2TlF3-2,TlF3,2.506851707964703,,4.382848262786865,Novel,0.031844114692748615,-1.8770432659928153,3.048398042346326,0,Yes,8,2,1,0,0,0,0,0,0,1,0,0,0,2.8,3.98,1.62,2.36,4.0,6.0,15.0,0.99,111.6908516,1,0.985,0.7471196281118664
1CaF2-1,CaF2,7.157281169654316,,9.343953132629396,Novel,0.12187543351096981,-3.924918261292529,1.9458509512316837,0,Yes,3,2,1,0,0,0,0,0,0,1,0,1,0,2.49,3.98,1.0,2.98,3.0,4.0,9.5,1.18,29.5382016,1,0.97,0.986111073763884
3BrLi-2,LiBr,4.8999121537585015,,6.212615489959717,Novel,0.05780838093766386,-1.5079325220050936,4.285986996773706,0,No,6,2,0,0,1,0,0,0,0,1,1,0,0,1.97,2.96,0.98,1.98,3.0,4.0,9.0,1.305,43.4225,0,0.96,0.8988759490600471
1CoHfF6-1,HfCoF6,0.8274178498813556,,4.449652194976807,Novel,0.02212946090264145,-3.057609259446242,2.1887519810145735,1,Unknown,8,3,1,0,0,0,0,0,0,1,0,0,1,2.3866666666666667,3.98,1.3,2.6799999999999997,4.0,6.0,10.0,1.34,85.47386606666667,0,0.955,0.4215572210544754
1SnLi2H6O6-1,Li2Sn(HO)6,3.869509840820711,,5.496252059936523,Novel,0.04128240077953057,-1.3831829546723555,3.7476323604400577,0,No,15,4,0,0,0,0,1,0,0,0,1,0,0,2.145,3.44,0.98,2.46,2.5,5.0,8.0,1.0325000000000002,35.664585,0,0.95,0.9456481163591358
2SrGe2F6-1,SrGe2F6,4.877820471941242,,6.242974758148193,Novel,0.0,-2.8781974586518224,7.438220806168644,0,No,18,3,1,0,0,0,0,0,0,1,0,1,0,2.313333333333333,3.98,0.95,3.0300000000000002,3.6666666666666665,5.0,11.0,1.2866666666666666,59.752801066666656,0,0.945,0.8756605358548483
1CaH2O2-1,Ca(HO)2,3.712782682619406,,5.333285331726074,Novel,0.013728361613001994,-1.9240008160234623,4.208628568239807,0,No,5,3,0,0,0,0,1,0,0,0,0,1,0,2.2133333333333334,3.44,1.0,2.44,2.3333333333333335,4.0,6.333333333333333,0.9833333333333333,19.028446666666667,0,0.94,0.982692574526069
6FLi-2,LiF,6.642434306250129,,8.739357948303223,Novel,0.07821079829628157,-2.948156545588539,3.9862919412028655,0,No,12,2,1,0,0,0,0,0,0,1,1,0,0,2.48,3.98,0.98,3.0,2.0,2.0,9.0,1.045,12.969701599999999,0,0.94,0.9813411405595801
2BrLiO2H4-1,LiH4BrO2,4.323097382357341,,5.577138423919678,Novel,0.010039431710992863,-1.2017165613580834,4.049419432575846,0,No,16,4,0,0,1,0,1,0,0,1,1,0,0,2.395,3.44,0.98,2.46,2.25,4.0,8.75,0.905,25.963084999999996,0,0.935,0.9817352949899455
2CaGe2Cl6-1,Ca(GeCl3)2,3.745903139212196,,5.424407482147217,Novel,0.017771610693125852,-1.3206976273932378,8.664317439494878,0,No,18,3,0,1,0,0,0,0,0,1,0,1,0,2.0566666666666666,3.16,1.0,2.16,3.6666666666666665,4.0,11.0,1.3266666666666667,49.39033333333333,0,0.93,0.7945568360147174
2SrSn2F6-1,SrSn2F6,3.9749188891885687,,5.502241134643555,Novel,0.0,-2.960750840392228,7.677490617039123,0,No,18,3,1,0,0,0,0,0,0,1,0,1,0,2.296666666666667,3.98,0.95,3.0300000000000002,4.0,5.0,11.0,1.3533333333333333,75.10946773333332,0,0.93,0.8331845544077405
2ClNa-1,NaCl,4.966135273351533,,5.989214897155762,Novel,0.1331610513913173,-1.7048834603459981,0.6245569080232585,0,Unknown,4,2,0,1,0,0,0,0,0,1,1,0,0,2.045,3.16,0.93,2.23,3.0,3.0,9.0,1.345,29.221384640000004,0,0.925,0.9713867659823602
1PbLi2H6O6-1,Li2H6PbO6,2.831916958968451,,4.519967555999756,Novel,0.04812908346303525,-1.2094720599807667,3.8444095096518236,0,No,15,4,0,0,0,0,1,0,0,0,1,0,0,2.2375,3.44,0.98,2.46,2.75,6.0,8.0,1.0550000000000002,57.787085,0,0.925,0.9138616436171717
2NNaH2-1,NaH2N,2.4572945078976707,,3.74070405960083,Novel,0.0238895309145013,-0.3766319736340753,3.5730575087978025,0,No,8,3,0,0,0,0,0,1,0,0,1,0,0,2.0566666666666666,3.04,0.93,2.11,2.0,3.0,5.666666666666667,0.9966666666666666,12.668136426666669,0,0.925,0.8418639075055822
2SrPb2F6-1,SrPb2F6,3.9931925449835055,,5.452716827392578,Novel,0.07284963312161076,-2.944577301454632,8.220489829604672,0,No,18,3,1,0,0,0,0,0,0,1,0,1,0,2.42,3.98,0.95,3.0300000000000002,4.333333333333333,6.0,11.0,1.3833333333333335,104.60613439999999,0,0.925,0.69732627274964
1SrBi2F12-1,SrBi2F12,2.801246831394188,,5.199886322021484,Novel,0.0,-2.440343535606231,8.187254532225584,0,No,15,3,1,0,0,0,0,0,0,1,0,1,0,2.3166666666666664,3.98,0.95,3.0300000000000002,4.333333333333333,6.0,11.333333333333334,1.3466666666666667,105.19960106666667,0,0.925,0.7486699466354811
2BaO3H4-1,BaH4O3,4.227944606383522,,5.802551746368408,Novel,0.027487514747932984,-1.5483652621913375,6.845172593824728,0,No,16,3,0,0,0,0,1,0,0,0,0,1,0,2.1766666666666667,3.44,0.89,2.55,3.0,6.0,6.333333333333333,1.18,51.44478,0,0.92,0.968424574686092
2BrNaO2H4-1,NaH4BrO2,4.068692448797231,,5.219661235809326,Novel,0.03721436285464308,-1.1845442699613824,4.511191689323866,0,No,16,4,0,0,1,0,1,0,0,1,1,0,0,2.3825,3.44,0.93,2.51,2.5,4.0,8.75,0.9624999999999999,29.97527732,0,0.92,0.9721241814003326
2BrKO2H4-1,KH4BrO2,4.454311774413791,,6.104931831359863,Novel,0.05099742169355315,-1.2171910120845952,4.86556244948442,0,No,16,4,0,0,1,0,1,0,0,1,1,0,0,2.355,3.44,0.82,2.62,2.75,4.0,8.75,1.095,34.00241,0,0.915,0.9583445988679185
2YCl3-4,YCl3,4.339259914206907,,6.119702339172363,Novel,0.07518282164863699,-2.2694514620907364,3.468959106024921,0,No,8,2,0,1,0,0,0,0,0,1,0,0,1,2.19,3.16,1.22,1.9400000000000002,4.0,5.0,10.0,1.455,62.179425,0,0.915,0.5646337128338506
2SrCl2S2H4-1,SrH4(SCl)2,5.053301941613162,,6.35015344619751,Novel,0.017814907548894452,-0.9406480886352884,5.257134782419154,0,No,18,4,0,1,0,0,0,0,1,1,0,1,0,2.2225,3.16,0.95,2.21,3.0,5.0,9.0,1.0975,39.036485,0,0.91,0.8967107713057181
2BrClSr-1,SrBrCl,4.21363242833478,,5.735366821289063,Novel,0.13176880790219178,-2.2116365669099864,6.152619846682239,0,Unknown,6,3,0,1,1,0,0,0,0,1,0,1,0,2.356666666666667,3.16,0.95,2.21,4.0,5.0,12.0,1.3066666666666666,67.659,0,0.91,0.7506934267818454
1HfLi2H6O6-1,Li2Hf(HO)6,4.2052115915803245,,5.983766078948975,Novel,0.06594840457103028,-1.7154689693078333,3.834583899888676,0,No,15,4,0,0,0,0,1,0,0,0,1,0,1,1.98,3.44,0.98,2.46,2.75,6.0,5.5,1.19,50.609585,0,0.91,0.924750506922393
3ILi-1,LiI,4.051373309206944,,5.050629138946533,Novel,0.06041054738218069,-1.1934415294848562,6.2833400690096175,0,No,6,2,0,0,0,1,0,0,0,1,1,0,0,1.82,2.66,0.98,1.6800000000000002,3.5,5.0,9.0,1.41,66.922735,0,0.905,0.5336433527254687
2BrCsCl4-1,CsBrCl4,2.374950192659284,,3.6935298442840576,Novel,4.440892098500626e-16,-0.6959723055172041,3.3910495235812803,0,No,12,3,0,1,1,0,0,0,0,1,1,0,0,2.3033333333333332,3.16,0.79,2.37,4.333333333333333,6.0,11.666666666666666,1.57,82.75415063333334,0,0.905,0.7111343360260223
2CaPb2F6-1,CaPb2F6,4.188420918380277,,5.312314510345459,Novel,0.09130407678130778,-2.925705355301121,8.065571766904666,0,No,18,3,1,0,0,0,0,0,0,1,0,1,0,2.436666666666667,3.98,1.0,2.98,4.0,6.0,11.0,1.3,88.75880106666666,0,0.905,0.7562814701080975
2LiNH2-1,LiH2N,2.805437683525316,,4.703938961029053,Novel,0.01090125499933503,-0.5281808971234563,3.413707185376879,0,No,8,3,0,0,0,0,0,1,0,0,1,0,0,2.0733333333333337,3.04,0.98,2.06,1.6666666666666667,2.0,5.666666666666667,0.92,7.318546666666667,0,0.9,0.8965047936105132
6ILi-2,LiI,3.9674356776059247,,4.999267578125,Novel,0.06495579614748855,-1.1888962807195484,6.2807832705384055,0,No,12,2,0,0,0,1,0,0,0,1,1,0,0,1.82,2.66,0.98,1.6800000000000002,3.5,5.0,9.0,1.41,66.922735,0,0.89,0.6361426840378613
1NaN2C5H5O5-1,NaH5C5N2O5,3.2377536797887667,,4.582643508911133,Novel,0.07779075898650796,-0.7946456195497767,3.442398994382714,0,No,18,5,0,0,0,0,1,1,0,0,1,0,0,2.4319999999999995,3.44,0.93,2.51,2.0,3.0,9.4,0.828,13.202901856,0,0.89,0.8400620568552464
2ClRbF4-1,RbClF4,3.721695717405154,,5.819615364074707,Novel,0.0,-1.5362891812852677,2.551662584492526,0,No,12,3,1,1,0,0,0,0,0,1,1,0,0,2.6533333333333333,3.98,0.82,3.16,3.3333333333333335,5.0,11.666666666666666,1.2866666666666666,46.6397344,0,0.89,0.9085934171362475
2NaTaCl6-1,NaTaCl6,2.7921478560146498,,4.077000617980957,Novel,0.0,-1.515829760351603,9.412227294835294,0,No,16,3,0,1,0,0,0,0,0,1,1,0,1,1.8633333333333333,3.16,0.93,2.23,4.0,6.0,7.666666666666667,1.5633333333333332,79.79688309333334,0,0.885,0.4401055580384596
6ILi-1,LiI,4.149570270134501,,4.961117744445801,Novel,0.039246161751491204,-1.2146059151155457,6.602290337749373,0,No,12,2,0,0,0,1,0,0,0,1,1,0,0,1.82,2.66,0.98,1.6800000000000002,3.5,5.0,9.0,1.41,66.922735,0,0.885,0.6132172468305437
2NNaO3-2,NaNO3,2.976573911015189,,4.849509716033936,Novel,0.02768690134687759,-0.98729859668952,4.489675909194254,0,No,10,3,0,0,0,0,1,1,0,0,1,0,0,2.47,3.44,0.93,2.51,2.3333333333333335,3.0,10.666666666666666,0.98,17.66528976,0,0.88,0.8178327574150626
4LiSeO2-1,LiSeO2,1.4519507407156138,,3.8683791160583496,Novel,0.0,-1.2790385456551236,4.672491461700032,0,No,16,3,0,0,0,0,1,0,0,0,1,0,0,2.3233333333333333,3.44,0.98,2.46,2.6666666666666665,4.0,11.0,1.06,33.9668,0,0.88,0.8880290242172341
2IKF4-1,KIF4,3.0111592993590164,,4.178202152252197,Novel,0.0,-1.930051667729028,2.72922501496876,0,No,12,3,1,0,0,1,0,0,0,1,1,0,0,2.486666666666667,3.98,0.82,3.16,3.6666666666666665,5.0,11.666666666666666,1.3333333333333333,61.66705773333333,0,0.88,0.8723934664107997
2NNaO3-1,NaNO3,3.164787110405034,,5.011083602905273,Novel,0.022553747955525692,-0.9924317500808719,5.020932238989751,0,No,10,3,0,0,0,0,1,1,0,0,1,0,0,2.47,3.44,0.93,2.51,2.3333333333333335,3.0,10.666666666666666,0.98,17.66528976,0,0.875,0.792509727201769
2BrNaS2H4-1,NaH4S2Br,4.098541911453981,,5.120006084442139,Novel,0.0304781343024334,-0.5064400547542416,5.747275216346777,0,No,16,4,0,0,1,0,0,0,1,1,1,0,0,2.1675000000000004,2.96,0.93,2.03,2.75,4.0,8.75,1.0625,33.99167732,0,0.875,0.6163139823166107
2ClNaO3-1,NaClO3,5.17609420431444,,6.443687438964844,Novel,0.09427851566195855,-0.6409392890329677,4.312433192780508,0,No,10,3,0,1,0,0,1,0,0,1,1,0,0,2.51,3.44,0.93,2.51,2.6666666666666665,3.0,11.333333333333334,1.0566666666666666,24.814056426666667,0,0.87,0.9491743043718576
1MgK2S2H4O8-1,K2MgH4(SO4)2,4.093097504617171,,5.387744426727295,Novel,0.06588726356969128,-1.5523666510916365,5.365401113995453,0,No,17,5,0,0,0,0,1,0,1,0,1,1,0,2.07,3.44,0.82,2.62,2.6,4.0,7.2,1.154,22.495128,0,0.87,0.9114909414508641
2HNaS-2,NaHS,2.9162164935933843,,4.416706562042236,Novel,0.01816331458084086,-0.6953874620138318,5.975820706270296,0,No,6,3,0,0,0,0,0,0,1,0,1,0,0,1.9033333333333335,2.58,0.93,1.65,2.3333333333333335,3.0,6.0,1.1033333333333333,18.68756976,0,0.865,0.31090037331536013
2IRbF4-1,RbIF4,3.1479544976904026,,4.940946578979492,Novel,0.0,-1.9485525375231838,2.7502777201257267,0,No,12,3,1,0,0,1,0,0,0,1,1,0,0,2.486666666666667,3.98,0.82,3.16,4.0,5.0,11.666666666666666,1.4066666666666665,77.12355773333333,0,0.865,0.827137532110525
2NaC2F3O3-1,NaC2(OF)3,5.86519509572954,,7.29151439666748,Novel,0.06737226717915314,-1.764127182540324,9.168454763821037,0,No,18,4,1,0,0,0,1,0,0,1,1,0,0,2.725,3.98,0.93,3.05,2.25,3.0,12.0,0.8674999999999999,17.49956812,0,0.86,0.7430529577312678
1PdZrF6-1,ZrPdF6,1.128127665985084,,3.5090017318725586,Novel,0.08292847462104325,-2.816691776191464,2.905005790401394,0,No,8,3,1,0,0,0,0,0,0,1,0,0,1,2.5033333333333334,3.98,1.33,2.65,4.0,5.0,10.333333333333334,1.39,72.21413439999999,0,0.86,0.3677254072475558
2BrRbF4-1,RbBrF4,3.4871599717866326,,5.359317302703857,Novel,0.0,-1.7112507365362328,2.6507190763274835,0,No,12,3,1,0,1,0,0,0,0,1,1,0,0,2.5866666666666664,3.98,0.82,3.16,3.6666666666666665,5.0,11.666666666666666,1.3366666666666667,61.456734399999995,0,0.86,0.882313980165251
2CaLiI3-1,LiCaI3,3.870962865986644,,4.844423294067383,Novel,0.04447711360179181,-1.4568019162361274,3.766014926701728,0,No,10,3,0,0,0,1,0,0,0,1,1,1,0,1.5466666666666669,2.66,0.98,1.6800000000000002,3.6666666666666665,5.0,6.666666666666667,1.5866666666666667,57.97449,0,0.86,0.8681290482592129
2CdCl2-1,CdCl2,3.180650398460472,,4.663500308990479,Novel,0.07787364484023011,-1.0394356332283914,2.9593632278617186,0,No,6,2,0,1,0,0,0,0,0,1,0,0,1,2.425,3.16,1.69,1.4700000000000002,4.0,5.0,14.5,1.2000000000000002,73.932,0,0.86,0.25012275127378975
2YF3-2,YF3,6.821395567485379,,9.972097396850586,Novel,0.0285896611635712,-4.125600610021536,2.5139740532334844,0,No,8,2,1,0,0,0,0,0,0,1,0,0,1,2.6,3.98,1.22,2.76,3.5,5.0,10.0,1.27,53.9521266,0,0.855,0.6870494460373227
2CNaOH3N4-1,NaH3CN4O,4.8185609949959325,,5.780579090118408,Novel,0.19899776761459256,-0.3442060727195681,5.136601457678603,0,No,20,5,0,0,0,0,1,1,0,0,1,0,0,2.4319999999999995,3.44,0.93,2.51,2.0,3.0,9.4,0.828,13.202901856,0,0.855,0.7831868786594536
2ClNaS2H4-1,NaH4S2Cl,4.323628040497962,,5.651883125305176,Novel,0.04357769617582097,-0.5514137553325442,5.825604317018449,0,No,16,4,0,1,0,0,0,0,1,1,1,0,0,2.2175000000000002,3.16,0.93,2.23,2.5,3.0,8.75,1.025,22.878927320000003,0,0.855,0.8040076011168584
1LiN2C5H5O5-1,LiH5C5N2O5,3.245278141316211,,5.07356595993042,Novel,0.07375921357344989,-0.819837124471722,2.822517408217001,0,No,18,5,0,0,0,0,1,1,0,0,1,0,0,2.4419999999999997,3.44,0.98,2.46,1.8,2.0,9.4,0.782,9.993148000000001,0,0.855,0.8916731645666826
2ClKS2H4-1,KH4S2Cl,4.504795492891412,,5.322426795959473,Novel,0.041467799213330436,-0.5898260570785445,6.120169536792224,0,No,16,4,0,1,0,0,0,0,1,1,1,0,0,2.19,3.16,0.82,2.3400000000000003,2.75,4.0,8.75,1.1575,26.90606,0,0.855,0.7268354872225408
2CKOH3N4-1,KH3CN4O,4.514485025279575,,5.137524127960205,Novel,0.19308023210518188,-0.36017609571284837,5.719742145786821,0,Unknown,20,5,0,0,0,0,1,1,0,0,1,0,0,2.4099999999999997,3.44,0.82,2.62,2.2,4.0,9.4,0.9339999999999999,16.424608,0,0.845,0.6991577057337997
2BrCsF4-1,CsBrF4,3.560570635081239,,5.715290546417236,Novel,0.0,-1.7368917906334147,2.6659083193213284,0,No,12,3,1,0,1,0,0,0,0,1,1,0,0,2.5766666666666667,3.98,0.79,3.19,4.0,6.0,11.666666666666666,1.4466666666666665,77.26928503333333,0,0.84,0.8366731329037712
2ClCsF4-1,CsClF4,3.753464039625782,,5.876153469085693,Novel,0.0,-1.557050944446963,2.565272088805976,0,No,12,3,1,1,0,0,0,0,0,1,1,0,0,2.643333333333333,3.98,0.79,3.19,3.6666666666666665,6.0,11.666666666666666,1.3966666666666667,62.45228503333334,0,0.84,0.8717155372200693
2HNaI2-1,NaHI2,3.0759639617157566,,3.9403603076934814,Novel,0.03633930361834059,-0.6154904266474166,6.821932424539279,0,No,8,3,0,0,0,1,0,0,0,1,1,0,0,1.9300000000000004,2.66,0.93,1.73,3.0,5.0,6.333333333333333,1.1933333333333331,50.30072642666667,0,0.835,0.5033522901143725
2YBr3-2,YBr3,3.307776891097648,,5.234935760498047,Novel,0.04717244695144851,-1.9161080157043227,3.8412824685665656,0,No,8,2,0,0,1,0,0,0,0,1,0,0,1,2.09,2.96,1.22,1.74,4.5,5.0,10.0,1.53,84.40492499999999,0,0.835,0.30775465790714196
2CaPb2Cl6-1,Ca(PbCl3)2,2.929315233225843,,3.6580910682678223,Novel,0.10192926711853584,-1.4936699702595706,9.749117425319081,0,Unknown,18,3,0,1,0,0,0,0,0,1,0,1,0,2.1633333333333336,3.16,1.0,2.16,4.333333333333333,6.0,11.0,1.4233333333333331,94.24366666666667,0,0.835,0.5269900096054927
2YBr3-5,YBr3,3.4225589664144374,,5.007259368896484,Novel,0.09467094638008833,-1.8686095162756828,3.785322504442899,0,No,8,2,0,0,1,0,0,0,0,1,0,0,1,2.09,2.96,1.22,1.74,4.5,5.0,10.0,1.53,84.40492499999999,0,0.83,0.31139318558433104
2BrKS2H4-1,KH4S2Br,4.08017542698679,,4.996918678283691,Novel,0.037180725870903486,-0.5461672641478943,6.063665926601249,0,No,16,4,0,0,1,0,0,0,1,1,1,0,0,2.1399999999999997,2.96,0.82,2.14,3.0,4.0,8.75,1.1949999999999998,38.01881,0,0.83,0.5173775584691634
2BrFMn-1,MnBrF,2.149414690809425,,4.210629940032959,Novel,0.020349881699369316,-1.5586101034677646,5.7074929828978265,1,No,6,3,1,0,1,0,0,0,0,1,0,0,1,2.83,3.98,1.55,2.4299999999999997,3.3333333333333335,4.0,13.666666666666666,0.9899999999999999,51.28014939999999,0,0.825,0.15961485808010573
4NaSO2-1,NaSO2,2.384531204581524,,3.9572811126708975,Novel,0.14019338887027577,-1.4708969014098896,4.606018908733901,0,No,16,3,0,0,0,0,1,0,1,0,1,0,0,2.316666666666667,3.44,0.93,2.51,2.6666666666666665,3.0,11.0,1.0866666666666667,23.684723093333332,0,0.825,0.8662500872893725
2TlF3-3,TlF3,2.6541757796836256,,4.274996757507324,Novel,0.037589177300702215,-1.8712982033848617,2.7860211865318814,0,No,8,2,1,0,0,0,0,0,0,1,0,0,0,2.8,3.98,1.62,2.36,4.0,6.0,15.0,0.99,111.6908516,0,0.825,0.6056993456862632
2HgLiCl3-1,LiHgCl3,2.620465429007059,,3.9876885414123535,Novel,0.06197416041451724,-1.0663847811936726,3.285909795398222,0,No,10,3,0,1,0,0,0,0,0,1,1,0,1,2.046666666666667,3.16,0.98,2.18,3.6666666666666665,6.0,10.0,1.39,80.99466666666667,0,0.82,0.7005628945892698
2TlF3-4,TlF3,2.927010261205612,,4.352439880371094,Novel,0.04072807316403848,-1.8681593075215255,2.654819115603127,0,No,8,2,1,0,0,0,0,0,0,1,0,0,0,2.8,3.98,1.62,2.36,4.0,6.0,15.0,0.99,111.6908516,0,0.82,0.6151903030968254
2SrF2S2H4-1,SrH4(SF)2,4.891420946757469,,6.474868774414063,Novel,0.07100950692568848,-1.3987661814573242,5.331814011255231,0,No,18,4,1,0,0,0,0,0,1,1,0,1,0,2.4275,3.98,0.95,3.0300000000000002,2.75,5.0,9.0,1.005,34.9228358,0,0.815,0.9420694166333566
1LiTlBr4O12-1,LiTl(BrO3)4,2.3498102280276667,,3.542781114578247,Novel,0.19185915392773406,-0.096592728150818,6.873002600358458,0,Unknown,18,4,0,0,1,0,1,0,0,1,1,0,0,2.25,3.44,0.98,2.46,3.5,6.0,11.75,1.1625,76.80692499999999,0,0.815,0.8800440904716228
1ZrLi2H6O6-1,Li2Zr(HO)6,4.257873579821503,,5.854947090148926,Novel,0.07753268158656894,-1.7035492426239898,3.855101435752678,0,No,15,4,0,0,0,0,1,0,0,0,1,0,1,1.9874999999999998,3.44,0.98,2.46,2.5,5.0,5.5,1.185,28.793085,0,0.81,0.9258047572664526
12BrNa-1,NaBr,4.255338420144827,,5.372064590454102,Novel,0.05145828444858994,-1.5542931774819653,3.219700794931513,0,No,24,2,0,0,1,0,0,0,0,1,1,0,0,1.945,2.96,0.93,2.03,3.5,4.0,9.0,1.42,51.44688464,0,0.81,0.9590358137920758
1NiZrF6-2,ZrNiF6,0.4093029344638825,,5.387038707733154,Novel,0.16216586312454417,-2.909457578124802,2.9258249524351427,0,Yes,8,3,1,0,0,0,0,0,0,1,0,0,1,2.4066666666666667,3.98,1.33,2.65,3.6666666666666665,5.0,10.333333333333334,1.3233333333333333,56.305267733333324,1,0.81,0.7154791905879958
2AlF3-1,AlF3,7.772043739208705,,10.408928871154783,Novel,0.028817375917247645,-3.569883835849183,2.397126314116864,0,No,8,2,1,0,0,0,0,0,0,1,0,0,0,2.795,3.98,1.61,2.37,2.5,3.0,15.0,0.7999999999999999,22.9899709,0,0.8,0.8482344372612581
1BeP2F4O4-1,BeP2(OF)4,6.280248276334114,,8.143732070922852,Novel,-3.2297397080004555e-16,-2.5983824321270608,5.339315565237145,0,No,11,4,1,0,0,0,1,0,0,1,0,1,0,2.795,3.98,1.57,2.41,2.25,3.0,12.5,0.75,18.745936800000003,0,0.795,0.9016888690083735
3YCl3-1,YCl3,4.10322636723094,,5.622369289398193,Novel,0.059974907143965396,-2.284659376595408,4.904129596369859,0,No,12,2,0,1,0,0,0,0,0,1,0,0,1,2.19,3.16,1.22,1.9400000000000002,4.0,5.0,10.0,1.455,62.179425,0,0.79,0.5263431222553061
2HgNa2Cl4-1,Na2HgCl4,3.078401525193922,,4.322085380554199,Novel,0.0660213929432142,-1.265705127623192,5.142039330923085,0,No,14,3,0,1,0,0,0,0,0,1,1,0,1,2.03,3.16,0.93,2.23,4.0,6.0,10.0,1.4666666666666668,86.34425642666667,0,0.785,0.5409613999996271
4BeF2-1,BeF2,8.565901281618878,,10.53572940826416,Novel,0.03541219575115543,-3.266020356634631,2.0431514932792076,0,No,12,2,1,0,0,0,0,0,0,1,0,1,0,2.775,3.98,1.57,2.41,2.0,2.0,9.5,0.77,14.005292599999999,0,0.78,0.9878913318468271
1BeP2H4O4-1,BeP2(HO)4,5.993574927143381,,6.916694641113281,Novel,0.018140419067836012,-1.3478424024739653,5.595197927481481,0,No,11,4,0,0,0,0,1,0,0,0,0,1,0,2.35,3.44,1.57,1.8699999999999999,2.0,3.0,8.5,0.7775,14.248321,0,0.78,0.932275197051921
2MgMoSeO6-1,MgMoSeO6,3.4357732034592905,,4.944087982177734,Novel,0.04267354413585088,-1.8119365833012735,7.794177046551468,0,No,18,4,0,0,0,0,1,0,0,0,0,1,1,2.3649999999999998,3.44,1.31,2.13,3.5,5.0,10.0,1.2149999999999999,53.8011,0,0.775,0.30011699174720924
1MnCl2-3,MnCl2,1.7132180920615607,,3.915535926818848,Novel,0.13648785660647889,-0.9235243344565133,3.1139107807737982,1,No,3,2,0,1,0,0,0,0,0,1,0,0,1,2.355,3.16,1.55,1.61,3.5,4.0,12.0,1.2000000000000002,45.1955225,0,0.775,0.24498298658778514
2IKO2H4-1,KH4IO2,3.467208193195394,,5.57960319519043,Novel,0.05661319405977583,-1.1434831638537855,5.038835490019867,0,No,16,4,0,0,0,1,1,0,0,1,1,0,0,2.28,3.44,0.82,2.62,3.0,5.0,8.75,1.1475,45.75252750000001,0,0.77,0.9314929023808807
2KSHg2Br3O3-1,KHg2S(BrO)3,2.806876878956912,,4.288955211639404,Novel,0.04940839463494413,-1.0510160893049103,11.195132133119666,0,No,20,5,0,0,1,0,1,0,1,1,1,0,1,2.36,3.44,0.82,2.62,3.8,6.0,12.4,1.2880000000000003,73.53133999999999,0,0.77,0.09960512148985189
1AgCl-1,AgCl,1.6579021396079194,,3.4754843711853027,Novel,0.03852599863942929,-0.4000907532794131,0.0,0,No,2,2,0,1,0,0,0,0,0,1,0,0,1,2.545,3.16,1.93,1.2300000000000002,4.0,5.0,14.0,1.22,71.6606,0,0.77,0.23520520557693025
2HKS-1,KHS,3.03453273498329,,4.395923137664795,Novel,0.025075411931828384,-0.7822295598190537,6.162254904208083,0,No,6,3,0,0,0,0,0,0,1,0,1,0,0,1.8666666666666665,2.58,0.82,1.7600000000000002,2.6666666666666665,4.0,6.0,1.28,24.05708,0,0.77,0.20937889571989796
4CdCl2-3,CdCl2,3.443779143093796,,4.725391864776611,Novel,0.05702571312029322,-1.0602835649483282,6.246976586722074,0,No,12,2,0,1,0,0,0,0,0,1,0,0,1,2.425,3.16,1.69,1.4700000000000002,4.0,5.0,14.5,1.2000000000000002,73.932,0,0.77,0.1577627537770184
2INaO3-1,NaIO3,2.52907585904973,,3.718893051147461,Novel,0.08144198523624002,-0.6940767350407085,4.327496521143836,0,No,10,3,0,0,0,1,1,0,0,1,1,0,0,2.3433333333333333,3.44,0.93,2.51,3.3333333333333335,5.0,11.333333333333334,1.1766666666666665,55.29787976,0,0.77,0.8985865677523613
2CaFNO3-1,CaNO3F,2.8583755402450515,,4.680590152740479,Novel,0.06776003320259398,-1.7839803510689947,8.590737372107837,0,No,12,4,1,0,0,0,1,1,0,1,0,1,0,2.865,3.98,1.0,2.98,2.5,4.0,12.5,0.85,22.2706258,0,0.765,0.7134413655954308
2BeF2-1,BeF2,8.25356772067039,,10.521464347839355,Novel,0.0,-3.3014325523857866,3.539243991895934,0,No,6,2,1,0,0,0,0,0,0,1,0,1,0,2.775,3.98,1.57,2.41,2.0,2.0,9.5,0.77,14.005292599999999,0,0.76,0.9713468930242095
1CoRe2O8-1,Co(ReO4)2,0.5164877814091895,,4.461828231811523,Novel,0.0,-1.579471666067345,6.898210111550339,1,Unknown,11,3,0,0,0,0,1,0,0,0,0,0,1,2.4066666666666667,3.44,1.88,1.56,4.0,6.0,10.666666666666666,1.2933333333333332,87.04653166666667,0,0.755,0.05369356681479319
6FTl-3,TlF,2.7628516527804043,,4.677322864532471,Novel,0.0639707969260958,-1.7599094766642278,2.774046699537543,0,No,12,2,1,0,0,0,0,0,0,1,0,0,0,2.8,3.98,1.62,2.36,4.0,6.0,15.0,0.99,111.6908516,0,0.755,0.6715014131050475
2CdTeH2O4-1,CdTe(HO2)2,3.91771989216458,,5.214308738708496,Novel,0.011237359797268809,-1.1268663491916202,4.519266692956032,0,No,16,4,0,0,0,0,1,0,0,0,0,0,1,2.3575,3.44,1.69,1.75,3.25,5.0,11.25,0.9625,64.25458499999999,0,0.75,0.4334530564700199
2IKS2H4-1,KH4S2I,3.533914841139144,,4.784974575042725,Novel,0.028732628384055214,-0.4865232857701556,5.992030997556336,0,No,16,4,0,0,0,1,0,0,1,1,1,0,0,2.065,2.66,0.82,1.8400000000000003,3.25,5.0,8.75,1.2475,49.768927500000004,0,0.75,0.19639748748667032
2IKO3-1,KIO3,3.0705528695425537,,4.456130027770996,Novel,0.04562328782377421,-0.784730717199384,4.537028689531933,0,No,10,3,0,0,0,1,1,0,0,1,1,0,0,2.3066666666666666,3.44,0.82,2.62,3.6666666666666665,5.0,11.333333333333334,1.3533333333333335,60.667390000000005,0,0.75,0.842504691980037
2NiF3-1,NiF3,0.0054936481389944,,6.07178258895874,Novel,0.0,-1.6500872694240138,2.046701547134811,1,Unknown,8,2,1,0,0,0,0,0,0,1,0,0,1,2.945,3.98,1.91,2.0700000000000003,3.0,4.0,13.5,0.955,38.8459016,0,0.74,0.2080923972720303
2HgK2Cl4-1,K2HgCl4,3.330235495013453,,4.645814418792725,Novel,0.06191911879704724,-1.3527843269888105,5.303485564852718,0,No,14,3,0,1,0,0,0,0,0,1,1,0,1,1.9933333333333334,3.16,0.82,2.3400000000000003,4.333333333333333,6.0,10.0,1.6433333333333335,91.71376666666667,0,0.735,0.41926479909443687
2AlBr3-2,AlBr3,3.5499249159288846,,5.049238681793213,Novel,0.08938488530493283,-1.0395201640137275,5.548778961551694,0,No,8,2,0,0,1,0,0,0,0,1,0,0,0,2.285,2.96,1.61,1.3499999999999999,3.5,4.0,15.0,1.06,53.442769299999995,0,0.735,0.3854897373775395
2CrF3-1,CrF3,0.9337341886550132,,3.633632898330689,Novel,0.00014701112361725777,-2.751558274499386,2.4897301251564317,1,No,8,2,1,0,0,0,0,0,0,1,0,0,1,2.82,3.98,1.66,2.3200000000000003,3.0,4.0,11.5,1.04,35.4972516,0,0.73,0.3398238946696132
2CdClF-1,CdClF,2.674113513158803,,4.6916823387146,Novel,0.07025677360443645,-1.636528465096492,5.914104761814805,0,No,6,3,1,1,0,0,0,0,0,1,0,0,1,2.9433333333333334,3.98,1.69,2.29,3.3333333333333335,5.0,15.333333333333334,0.9400000000000001,55.62080106666667,0,0.73,0.1968026596051384
2V2O5-2,V2O5,2.0333964383924625,,4.267786026000977,Novel,0.0015675385204555628,-2.275855914938063,4.814615717442532,0,No,14,2,0,0,0,0,1,0,0,0,0,0,1,2.535,3.44,1.63,1.81,3.0,4.0,10.5,1.095,33.47045,0,0.725,0.5758269125570449
4FTl-4,TlF,2.209189951105005,,3.971014976501465,Novel,0.08553693932072237,-1.7383433342696013,4.716534886057231,0,No,8,2,1,0,0,0,0,0,0,1,0,0,0,2.8,3.98,1.62,2.36,4.0,6.0,15.0,0.99,111.6908516,0,0.725,0.4605801174739867
2BrCrF-1,CrBrF,1.2578941415958464,,3.551067352294922,Novel,0.11833129729050462,-1.4816971719821292,3.009991287339811,1,No,6,3,1,0,1,0,0,0,0,1,0,0,1,2.8666666666666667,3.98,1.66,2.3200000000000003,3.3333333333333335,4.0,13.333333333333334,1.0066666666666666,50.299501066666664,0,0.72,0.2531723793282968
2MoSeZnO6-1,ZnMoSeO6,3.388981818568975,,4.628272533416748,Novel,0.029867060199951705,-1.4768533195793243,7.810289629427215,0,No,18,4,0,0,0,0,1,0,0,0,0,0,1,2.4499999999999997,3.44,1.65,1.79,3.75,5.0,12.5,1.2075,64.07709999999999,0,0.72,0.05861673882954475
4PO2-2,PO2,4.7113410928687225,,6.053016662597656,Novel,0.036221284900163596,-1.7401721356977262,2.8077294282626912,0,No,12,2,0,0,0,0,1,0,0,0,0,0,0,2.815,3.44,2.19,1.25,2.5,3.0,15.5,0.73,23.486581,0,0.715,0.6438974765419961
1InKI4O12-1,KIn(IO3)4,2.896870931300356,,4.278346538543701,Novel,0.015151084185885585,-0.5162416310037395,6.94012349507989,0,No,18,4,0,0,0,1,1,0,0,1,1,0,0,2.175,3.44,0.82,2.62,4.0,5.0,11.75,1.4050000000000002,74.2050425,0,0.715,0.6904005878643155
2AsVO5-1,VAsO5,1.8123792772664853,,4.108357906341553,Novel,0.0,-1.6924997595391014,2.084297836424696,0,No,14,3,0,0,0,0,1,0,0,0,0,0,1,2.4166666666666665,3.44,1.63,1.81,3.3333333333333335,4.0,12.0,1.1099999999999999,47.2875,0,0.705,0.5718746445453042
2CaClNO3-1,CaNClO3,2.8829290778397776,,4.614336967468262,Novel,0.0980770587905863,-1.3497529837297038,9.198580398232513,0,No,12,4,0,1,0,0,1,1,0,1,0,1,0,2.66,3.44,1.0,2.44,2.75,4.0,12.5,0.9425,26.384275,0,0.705,0.7379814437078934
5FTl-1,TlF,3.2324776796373995,,4.835282802581787,Novel,0.038734287817587185,-1.7851459857727363,4.152255495709034,0,No,10,2,1,0,0,0,0,0,0,1,0,0,0,2.8,3.98,1.62,2.36,4.0,6.0,15.0,0.99,111.6908516,0,0.705,0.5385946226718437
4InCl2-1,InCl2,2.3924458511898488,,3.954178333282471,Novel,0.010302121605359815,-1.0296414659779518,3.277330228208836,0,No,12,2,0,1,0,0,0,0,0,1,0,0,0,2.47,3.16,1.78,1.3800000000000001,4.0,5.0,15.0,1.175,75.13550000000001,0,0.7,0.4739401692379035
2CRbSF3O3-1,RbCS(OF)3,5.749059505587901,,7.176067352294922,Novel,0.03286298547769108,-1.7270497801891471,9.148394075323505,0,No,18,5,1,0,0,0,1,0,1,1,1,0,0,2.674,3.98,0.82,3.16,2.8,5.0,12.8,1.02,32.90826064,0,0.7,0.35940090782913037
1BiHSe2O6-1,BiH(SeO3)2,3.0067770344525417,,4.227531433105469,Novel,0.0,-0.9768616337750039,5.836881171142716,0,No,10,4,0,0,0,0,1,0,0,0,0,0,0,2.5525,3.44,2.02,1.42,3.25,6.0,12.0,0.8675,76.23693499999999,0,0.695,0.26293305978001086
1ZrNa2H6S6-1,Na2Zr(HS)6,2.444343761862036,,3.7973883152008057,Novel,0.021301251262397496,-0.6534735272477822,4.775945410386742,0,No,15,4,0,0,0,0,0,0,1,0,1,0,1,1.7600000000000002,2.58,0.93,1.65,3.0,5.0,5.5,1.3425,36.821677320000006,0,0.695,0.11394622877283729
2FNSrO3-1,SrNO3F,3.036595526275827,,4.684459686279297,Novel,0.07724506728704157,-1.811823576321217,8.74677533905013,0,No,12,4,1,0,0,0,1,1,0,1,0,1,0,2.8525,3.98,0.95,3.0300000000000002,2.75,5.0,12.5,0.9125,34.1561258,0,0.695,0.657408991073697
2CsSCd2Br3O3-1,CsCd2S(BrO)3,2.646411649677216,,4.055315017700195,Novel,0.08939651867447047,-1.2196911539854036,11.38520033623875,0,No,20,5,0,0,1,0,1,0,1,1,1,0,1,2.292,3.44,0.79,2.65,4.0,6.0,12.4,1.3780000000000001,74.65697037999999,0,0.695,0.08577985376694221
1CoF2-1,CoF2,0.5971911522551561,,4.302138805389404,Novel,0.0,-1.8011961221931585,1.9814764322972298,1,Unknown,3,2,1,0,0,0,0,0,0,1,0,0,1,2.9299999999999997,3.98,1.88,2.1,3.0,4.0,13.0,0.97,38.9657991,0,0.695,0.1770533044310875
1YCl3-1,YCl3,4.226560095431935,,6.205842018127441,Novel,0.03086875956898716,-2.3137655241703863,3.5346047364198308,0,No,4,2,0,1,0,0,0,0,0,1,0,0,1,2.19,3.16,1.22,1.9400000000000002,4.0,5.0,10.0,1.455,62.179425,0,0.695,0.4894887421850853
1Mo2Nb2O11-1,Nb2Mo2O11,2.260378301225421,,4.14437198638916,Novel,0.0,-2.394672525845374,9.149827739181642,0,No,15,3,0,0,0,0,1,0,0,0,0,0,1,2.4,3.44,1.6,1.8399999999999999,4.0,5.0,9.0,1.4533333333333331,68.28192666666668,0,0.695,0.07537318724442335
2GaF3-3,GaF3,5.071004514759804,,7.997773170471191,Novel,0.09417098420401171,-2.613584918813463,2.386455172650389,0,No,8,2,1,0,0,0,0,0,0,1,0,0,0,2.895,3.98,1.81,2.17,3.0,4.0,15.0,0.89,44.3607016,0,0.695,0.6426144293482078
2GaF3-2,GaF3,5.007989275229093,,7.239091873168945,Novel,0.014377489459039161,-2.6933784135584355,2.535714338965721,0,No,8,2,1,0,0,0,0,0,0,1,0,0,0,2.895,3.98,1.81,2.17,3.0,4.0,15.0,0.89,44.3607016,0,0.695,0.6321203269284779
1CrF3-1,CrF3,0.9343850623962676,,3.6335349082946777,Novel,4.440892098500626e-16,-2.751705285623003,2.489704896904617,1,No,4,2,1,0,0,0,0,0,0,1,0,0,1,2.82,3.98,1.66,2.3200000000000003,3.0,4.0,11.5,1.04,35.4972516,0,0.69,0.2796613096864032
2KSeHg2Cl3O3-1,KHg2Se(ClO)3,2.707126128686847,,4.032201290130615,Novel,0.04688609877427528,-0.8831661113211489,11.54852154759949,0,No,20,5,0,1,0,0,1,0,0,1,1,0,1,2.3939999999999997,3.44,0.82,2.62,3.8,6.0,12.4,1.2880000000000003,74.02014,0,0.69,0.10787253134629454
2AlInF4-1,AlInF4,0.7416688887400436,,3.9040565490722656,Novel,0.0930798707526943,-2.893685325000248,2.1301886897996596,0,No,12,3,1,0,0,0,0,0,0,1,0,0,0,2.4566666666666666,3.98,1.61,2.37,3.3333333333333335,5.0,14.333333333333334,1.0533333333333335,53.59931393333333,0,0.69,0.8238976796532134
2RbSCd2Br3O3-1,RbCd2S(BrO)3,2.599954027924898,,4.047458648681641,Novel,0.08589587472155262,-1.2207185427469764,11.029894218308357,0,No,20,5,0,0,1,0,1,0,1,1,1,0,1,2.298,3.44,0.82,2.62,3.8,5.0,12.4,1.312,65.16944,0,0.685,0.116270489570177
4BrClZn-1,ZnBrCl,3.373390037522783,,4.818909168243408,Novel,0.017104917444748995,-1.0375786853965139,4.837242024847082,0,No,12,3,0,1,1,0,0,0,0,1,0,0,1,2.59,3.16,1.65,1.5100000000000002,3.6666666666666665,4.0,15.333333333333334,1.05,60.25533333333333,0,0.685,0.27566887146366564
2AlF2N2H5-1,AlH5(NF)2,2.7651184728264946,,4.941044330596924,Novel,0.04087963467092752,-1.2735057295207945,5.164654662760599,0,No,20,4,1,0,0,0,0,1,0,1,0,0,0,2.7075,3.98,1.61,2.37,2.0,3.0,11.5,0.6725,15.24864545,0,0.685,0.8316340352578685
1TlF3-1,TlF3,2.5232955735818825,,4.353310585021973,Novel,0.0,-1.908887380685564,2.768961975899142,0,No,4,2,1,0,0,0,0,0,0,1,0,0,0,2.8,3.98,1.62,2.36,4.0,6.0,15.0,0.99,111.6908516,0,0.685,0.5380236359186985
1HSbS2O6-1,SbH(SO3)2,3.559867978422603,,5.644272327423096,Novel,0.043609098790341784,-1.1274506743640438,5.516942310815351,0,No,10,4,0,0,0,0,1,0,1,0,0,0,0,2.5675,3.44,2.05,1.3900000000000001,2.75,5.0,12.0,0.805,42.708085000000004,0,0.685,0.30503957076657395
2CsSHg2Cl3O3-1,CsHg2S(ClO)3,3.379229064067922,,4.837365627288818,Novel,0.0285590064522351,-1.1273280423482184,11.278257469695289,0,No,20,5,0,1,0,0,1,0,1,1,1,0,1,2.394,3.44,0.79,2.65,4.0,6.0,12.4,1.3679999999999999,83.40257038000001,0,0.685,0.08343003754219107
2KSeHg2Br3O3-1,KHg2Se(BrO)3,2.3580174437680568,,3.618464469909668,Novel,0.04772599211222968,-0.8198717767584824,11.932365704571586,0,No,20,5,0,0,1,0,1,0,0,1,1,0,1,2.3539999999999996,3.44,0.82,2.62,4.0,6.0,12.4,1.3180000000000003,82.91033999999999,0,0.685,0.07836540609984657
4PO2-1,PO2,5.123943542722234,,6.26241397857666,Novel,0.024054701492183916,-1.7523387191057058,5.210084113755693,0,No,12,2,0,0,0,0,1,0,0,0,0,0,0,2.815,3.44,2.19,1.25,2.5,3.0,15.5,0.73,23.486581,0,0.68,0.465431638070114
3FTl-1,TlF,3.1975012133697125,,4.879214286804199,Novel,0.05681350737531717,-1.7670667662150066,2.7261998991954064,0,No,6,2,1,0,0,0,0,0,0,1,0,0,0,2.8,3.98,1.62,2.36,4.0,6.0,15.0,0.99,111.6908516,0,0.68,0.57601429348296
2IRbO3-1,RbIO3,3.2811297189229824,,4.400100231170654,Novel,0.042316877859128965,-0.7810188895019372,4.680905064092718,0,No,10,3,0,0,0,1,1,0,0,1,1,0,0,2.3066666666666666,3.44,0.82,2.62,4.0,5.0,11.333333333333334,1.4266666666666665,76.12389,0,0.67,0.7829269310516344
1Bi2Ge3O9-1,Ge3Bi2O9,3.3643839450239224,,5.129004955291748,Novel,0.12745902720475957,-1.4290406505412332,4.840342062860117,0,No,14,3,0,0,0,0,1,0,0,0,0,0,0,2.4899999999999998,3.44,2.01,1.4300000000000002,4.0,6.0,15.0,1.0533333333333332,99.2066,0,0.67,0.3228243720961741
2P2O5-1,P2O5,4.995004406041707,,6.723667621612549,Novel,0.014723111641411078,-1.8885555532848994,5.460459615470789,0,No,14,2,0,0,0,0,1,0,0,0,0,0,0,2.815,3.44,2.19,1.25,2.5,3.0,15.5,0.73,23.486581,0,0.67,0.48160201387772156
2BLiH4S4-1,LiB(HS)4,3.947911635234116,,4.978956699371338,Novel,0.0,-0.4456144381763195,6.018744328151662,0,No,20,4,0,0,0,0,0,0,1,0,1,0,0,1.9500000000000002,2.58,0.98,1.6,2.0,3.0,7.75,0.9875,12.706235,0,0.66,0.3572291813619189
1WCu2O4-1,Cu2WO4,2.90764912641577,,5.164150714874268,Novel,0.12437994731813871,-1.3287091639648239,2.3405370259921865,0,No,7,3,0,0,0,0,1,0,0,0,0,0,1,2.5666666666666664,3.44,1.9,1.54,4.0,6.0,11.0,1.2866666666666666,87.79513333333334,0,0.655,0.15904031102811064
9FTl-1,TlF,3.59074789659968,,5.081108570098877,Novel,0.07392375216587392,-1.7499565214244497,2.962726342404669,0,No,18,2,1,0,0,0,0,0,0,1,0,0,0,2.8,3.98,1.62,2.36,4.0,6.0,15.0,0.99,111.6908516,0,0.655,0.7466249109709036
2ScCl3-2,ScCl3,2.9532834347379904,,5.314217567443848,Novel,0.05256238205817043,-2.110826782887309,3.4064435967729843,0,No,8,2,0,1,0,0,0,0,0,1,0,0,1,2.2600000000000002,3.16,1.36,1.8,3.5,4.0,10.0,1.315,40.204456,0,0.65,0.6229837731660607
2RbSeHg2Cl3O3-1,RbHg2Se(ClO)3,2.7448662822923766,,4.039271831512451,Novel,0.04314347973710131,-0.8840042607507321,11.758515947647092,0,No,20,5,0,1,0,0,1,0,0,1,1,0,1,2.3939999999999997,3.44,0.82,2.62,4.0,6.0,12.4,1.332,83.29403999999998,0,0.645,0.08418584646773575
1Sc2Se5O13-1,Sc2Se5O13,3.18611110098644,,4.91771125793457,Novel,0.004319957464686652,-1.4968997001647069,5.338866862121398,0,No,20,3,0,0,0,0,1,0,0,0,0,0,1,2.4499999999999997,3.44,1.36,2.08,3.3333333333333335,4.0,11.666666666666666,1.1166666666666667,46.638437333333336,0,0.645,0.45728910554460006
1As2Si3O9-1,Si3As2O9,5.219711298714298,,6.381506443023682,Novel,0.04561728983008046,-2.160655706511953,4.396228562279022,0,No,14,3,0,0,0,0,1,0,0,0,0,0,0,2.5066666666666664,3.44,1.9,1.54,3.0,4.0,15.0,0.91,39.66883333333333,0,0.645,0.5497185333954355
2Sb2O3-3,Sb2O3,3.884516117740107,,4.806813716888428,Novel,0.025374870340986178,-1.3364163945375958,1.8392085837529741,0,No,10,2,0,0,0,0,1,0,0,0,0,0,0,2.745,3.44,2.05,1.3900000000000001,3.5,5.0,15.5,0.905,68.8797,0,0.645,0.5234153700714044
2BrCu-2,CuBr,2.3920960744193502,,4.141585826873779,Novel,0.027793241908293798,-0.2764626063294484,3.773395206342208,0,No,4,2,0,0,1,0,0,0,0,1,0,0,1,2.4299999999999997,2.96,1.9,1.06,4.0,4.0,14.0,1.1949999999999998,71.725,0,0.64,0.07611457006805307
1CaInSBr3-1,CaInSBr3,2.375091767768604,,3.5091891288757324,Novel,0.059532232696545805,-1.347101152535564,3.4074711637198476,0,No,6,4,0,0,1,0,0,0,1,1,0,1,0,2.08,2.96,1.0,1.96,4.0,5.0,12.0,1.33,66.71625,0,0.64,0.4399546554789173
6FTl-2,TlF,3.0979494743144844,,4.228571891784668,Novel,0.04676592022876817,-1.7771143533615554,5.41285778851609,0,No,12,2,1,0,0,0,0,0,0,1,0,0,0,2.8,3.98,1.62,2.36,4.0,6.0,15.0,0.99,111.6908516,0,0.635,0.478073185194292
4ZnF2-1,ZnF2,4.133611706938529,,6.253700256347656,Novel,0.05169460073807919,-2.3588996195817042,4.590877158451927,0,No,12,2,1,0,0,0,0,0,0,1,0,0,1,2.815,3.98,1.65,2.33,3.0,4.0,14.5,0.9199999999999999,42.2037016,0,0.63,0.42833897066889864
2AlCl2N2H5-1,AlH5(NCl)2,3.347610869957574,,5.136378288269043,Novel,0.0,-0.7590804043653506,4.9180275476371005,0,No,20,4,0,1,0,0,0,1,0,1,0,0,0,2.5025000000000004,3.16,1.61,1.55,2.25,3.0,11.5,0.765,19.362294650000003,0,0.63,0.7353478202096274
4AsO2-1,AsO2,3.274399068709864,,5.207334041595459,Novel,0.0,-1.1347732435776419,3.247901952035628,0,No,12,2,0,0,0,0,1,0,0,0,0,0,0,2.81,3.44,2.18,1.2599999999999998,3.0,4.0,15.5,0.8099999999999999,45.460499999999996,0,0.63,0.48978388581930193
4AsO2-2,AsO2,3.231899049355752,,5.794323921203613,Novel,0.06991229710530789,-1.064860946472334,5.483012205253006,0,No,12,2,0,0,0,0,1,0,0,0,0,0,0,2.81,3.44,2.18,1.2599999999999998,3.0,4.0,15.5,0.8099999999999999,45.460499999999996,0,0.63,0.32721501431204175
4HTeO3-1,TeHO3,2.579001731226076,,3.652864933013916,Novel,0.004080205564611106,-1.017031559214893,6.166758886341997,0,No,20,3,0,0,0,0,1,0,0,0,0,0,0,2.58,3.44,2.1,1.3399999999999999,2.6666666666666665,5.0,11.0,0.7466666666666667,48.20244666666667,0,0.63,0.7330549676262409
2SnF2-1,SnF2,3.4955587100787864,,4.927384853363037,Novel,0.011363613845446707,-2.340028142933437,3.1065839152693355,0,No,6,2,1,0,0,0,0,0,0,1,0,0,0,2.9699999999999998,3.98,1.96,2.02,3.5,5.0,15.5,0.9349999999999999,68.8542016,0,0.63,0.32990447721525135
2NaSeHg2Br3O3-1,NaHg2Se(BrO)3,2.39652815434919,,3.661877870559693,Novel,0.08209553964873262,-0.7701910863294579,11.891349683757674,0,No,20,5,0,0,1,0,1,0,0,1,1,0,1,2.3760000000000003,3.44,0.93,2.51,3.8,6.0,12.4,1.2120000000000002,79.688633856,0,0.63,0.09763420463029966
1CrMoF6-1,CrMoF6,0.3134587676971492,,4.401644229888916,Novel,0.047225797221289056,-2.531212340453497,2.527612196098957,1,No,8,3,1,0,0,0,0,0,0,1,0,0,1,2.6,3.98,1.66,2.3200000000000003,3.6666666666666665,5.0,9.666666666666666,1.3266666666666664,55.6448344,0,0.625,0.1820342638591318
2Al2S3-4,Al2S3,1.9423980762566693,,3.5178518295288086,Novel,0.09321125792678515,-0.9774164770715892,6.080130843512146,0,No,10,2,0,0,0,0,0,0,1,0,0,0,0,2.095,2.58,1.61,0.97,3.0,3.0,14.5,1.03,29.5232693,0,0.625,0.07729998391629198
2Sb2O3-2,Sb2O3,3.6146110115226073,,4.87047290802002,Novel,0.021236719773271063,-1.3405545451053107,2.3928667264444474,0,No,10,2,0,0,0,0,1,0,0,0,0,0,0,2.745,3.44,2.05,1.3900000000000001,3.5,5.0,15.5,0.905,68.8797,0,0.625,0.48133439560465935
2BaS3H4-1,BaH4S3,3.487784792373257,,4.785192012786865,Novel,0.0,-0.6922981200500709,7.985970108592099,0,No,16,3,0,0,0,0,0,0,1,0,0,1,0,1.89,2.58,0.89,1.69,3.3333333333333335,6.0,6.333333333333333,1.3133333333333332,56.79998,0,0.625,0.3145048519396898
1HfAs2F2O6-1,HfAs2(O3F)2,3.696276947052248,,5.601844310760498,Novel,0.0,-2.072689174403763,6.770153899347754,0,No,11,4,1,0,0,0,1,0,0,1,0,0,1,2.725,3.98,1.3,2.6799999999999997,3.5,6.0,13.0,1.03,72.1023508,0,0.62,0.27307656096538774
2KC2F3O3-1,KC2(OF)3,5.66111635026357,,7.399101257324219,Novel,0.024401812210437,-1.803925116194405,10.030627731814965,0,No,18,4,1,0,0,0,1,0,0,1,1,0,0,2.6975,3.98,0.82,3.16,2.5,4.0,12.0,1.0,21.5267008,0,0.62,0.6121407338679548
3ClIn-1,InCl,2.9533366730996398,,4.154598712921143,Novel,0.061666076112779265,-0.7803474375119258,3.1923787560898056,0,No,6,2,0,1,0,0,0,0,0,1,0,0,0,2.47,3.16,1.78,1.3800000000000001,4.0,5.0,15.0,1.175,75.13550000000001,0,0.62,0.3771653983085776
2KSCd2I3O3-1,KCd2S(IO)3,2.2844656553772045,,3.636150360107422,Novel,0.09680031103361753,-1.0926902077421705,11.482776442080583,0,Unknown,20,5,0,0,0,1,1,0,1,1,1,0,1,2.238,3.44,0.82,2.62,3.8,5.0,12.4,1.31,65.29563399999999,0,0.615,0.082762253152184
2Al2S3-3,Al2S3,3.0747441387640624,,3.407337188720703,Novel,0.041501521300218516,-1.0291262136981558,3.0382249794523437,0,No,10,2,0,0,0,0,0,0,1,0,0,0,0,2.095,2.58,1.61,0.97,3.0,3.0,14.5,1.03,29.5232693,0,0.615,0.17447491340927204
2ClNSrO3-1,SrNClO3,3.064157269656538,,4.4668803215026855,Novel,0.09621142305057055,-1.4093727014085655,9.38029665902241,0,No,12,4,0,1,0,0,1,1,0,1,0,1,0,2.6475,3.44,0.95,2.49,3.0,5.0,12.5,1.005,38.269775,0,0.615,0.6829373475319668
6FTl-1,TlF,2.6590125652358463,,3.9214816093444815,Novel,0.04642945680083432,-1.7774508167894894,5.778067048068273,0,No,12,2,1,0,0,0,0,0,0,1,0,0,0,2.8,3.98,1.62,2.36,4.0,6.0,15.0,0.99,111.6908516,0,0.615,0.45044742414058875
2CsSHg2Br3O3-1,CsHg2S(BrO)3,2.9161783872841927,,4.355831146240234,Novel,0.0320700984587738,-1.0588273256296241,11.659020329384898,0,No,20,5,0,0,1,0,1,0,1,1,1,0,1,2.354,3.44,0.79,2.65,4.2,6.0,12.4,1.3980000000000001,92.29277038000001,0,0.615,0.06021101119982112
2RbSeCd2Br3O3-1,RbCd2Se(BrO)3,2.1275529563459084,,3.8458237648010254,Novel,0.13175542637870521,-1.0160904105541797,11.334287295842824,0,Unknown,20,5,0,0,1,0,1,0,0,1,1,0,1,2.292,3.44,0.82,2.62,4.0,5.0,12.4,1.342,74.54844,0,0.615,0.10342783468044733
2B2O3-2,B2O3,5.06054785078204,,7.501482963562012,Novel,0.05081827195507031,-2.3533472680906753,3.596446128963822,0,No,10,2,0,0,0,0,1,0,0,0,0,0,0,2.74,3.44,2.04,1.4,2.0,2.0,14.5,0.675,13.4052,0,0.61,0.8112066558074457
4BrOSc-1,ScBrO,3.184007845857254,,5.142027378082275,Novel,0.031060261246844096,-2.8056999377910414,6.048896175068352,0,No,12,3,0,0,1,0,1,0,0,1,0,0,1,2.5866666666666664,3.44,1.36,2.08,3.3333333333333335,4.0,12.0,1.0866666666666667,46.953103999999996,0,0.61,0.582906555026988
4FTl-3,TlF,1.9941985048265591,,3.754497766494751,Novel,0.07226806520292195,-1.7516122083874017,7.03271765006809,0,No,8,2,1,0,0,0,0,0,0,1,0,0,0,2.8,3.98,1.62,2.36,4.0,6.0,15.0,0.99,111.6908516,0,0.61,0.29679464268780176
2AsSbO4-1,SbAsO4,3.383486124228672,,5.044677734375,Novel,0.02559205184409456,-1.266622523336526,3.2156653426227404,0,No,12,3,0,0,0,0,1,0,0,0,0,0,0,2.5566666666666666,3.44,2.05,1.3900000000000001,3.6666666666666665,5.0,15.333333333333334,0.9833333333333333,70.89366666666668,0,0.605,0.36206092142324936
4ClOSc-1,ScClO,4.1624778700225935,,6.047534942626953,Novel,0.07050570574086142,-2.9415120254080853,5.726576266237098,0,No,12,3,0,1,0,0,1,0,0,1,0,0,1,2.6533333333333338,3.44,1.36,2.08,3.0,4.0,12.0,1.0366666666666666,32.136103999999996,0,0.605,0.6647841070843082
2RbSCd2I3O3-1,RbCd2S(IO)3,2.235900227010412,,3.5148379802703857,Novel,0.09106404216086261,-1.0927138601046287,11.590448463030617,0,No,20,5,0,0,0,1,1,0,1,1,1,0,1,2.238,3.44,0.82,2.62,4.0,5.0,12.4,1.3539999999999999,74.569534,0,0.6,0.06608798723031283
2AsPO4-1,AsPO4,4.632149427950052,,5.631920337677002,Novel,0.0,-1.718209487262886,2.8992744938766553,0,No,12,3,0,0,0,0,1,0,0,0,0,0,0,2.6033333333333335,3.44,2.18,1.2599999999999998,3.0,4.0,15.333333333333334,0.8666666666666667,40.631587333333336,0,0.6,0.4807245036164448
4CdF2-1,CdF2,2.7206190068666016,,5.2463884353637695,Novel,0.07062329781099101,-2.225637901522244,7.042617493012826,0,No,12,2,1,0,0,0,0,0,0,1,0,0,1,2.835,3.98,1.69,2.29,3.5,5.0,14.5,1.0150000000000001,65.70470159999999,0,0.6,0.1569429777062104
2HgRb2Cl4-1,Rb2HgCl4,3.3471357608977224,,4.493931293487549,Novel,0.05614473184481561,-1.3502602293479256,5.27296880511685,0,No,14,3,0,1,0,0,0,0,0,1,1,0,1,1.9933333333333334,3.16,0.82,2.3400000000000003,4.666666666666667,6.0,10.0,1.7166666666666666,107.17026666666668,0,0.6,0.3391871529447931
2InCl2-1,InCl2,2.462953035177658,,4.033370971679688,Novel,0.024895336706327598,-1.015048250876984,2.893775032601564,0,No,6,2,0,1,0,0,0,0,0,1,0,0,0,2.47,3.16,1.78,1.3800000000000001,4.0,5.0,15.0,1.175,75.13550000000001,0,0.595,0.3987300028719493
2Sb2O3-4,Sb2O3,3.074115835125117,,4.366239547729492,Novel,0.03563508859518407,-1.3261561762833978,3.8582135716712003,0,No,10,2,0,0,0,0,1,0,0,0,0,0,0,2.745,3.44,2.05,1.3900000000000001,3.5,5.0,15.5,0.905,68.8797,0,0.595,0.37274299537034317
1Bi2Si3O9-1,Si3Bi2O9,3.732511360650298,,5.611193656921387,Novel,0.12154112908001226,-2.137011283046266,4.661949813040698,0,No,14,3,0,0,0,0,1,0,0,0,0,0,0,2.453333333333333,3.44,1.9,1.54,3.6666666666666665,6.0,15.0,1.0066666666666666,84.35510000000001,0,0.595,0.46787454005302537
2CsIO3-1,CsIO3,3.460003114855472,,4.372308731079102,Novel,0.03679751909954092,-0.7896438621072128,4.951879924099279,0,No,10,3,0,0,0,1,1,0,0,1,1,0,0,2.296666666666667,3.44,0.79,2.65,4.333333333333333,6.0,11.333333333333334,1.5366666666666664,91.93644063333333,0,0.595,0.695115618378999
2FNbO2-1,NbO2F,3.947522410618329,,5.246466636657715,Novel,0.05299232995341763,-2.8492180961254974,2.500243791024424,0,No,8,3,1,0,0,0,1,0,0,1,0,0,1,3.0066666666666664,3.98,1.6,2.38,3.0,5.0,12.666666666666666,0.96,42.63472773333333,0,0.595,0.49555549752744804
2CCsSF3O3-1,CsCS(OF)3,5.632514579519086,,6.955364227294922,Novel,0.019459211404103352,-1.7374832677130267,8.979925394429957,0,No,18,5,1,0,0,0,1,0,1,1,1,0,0,2.668,3.98,0.79,3.19,3.0,6.0,12.8,1.0859999999999999,42.395791020000004,0,0.59,0.31936655631758565
2KSHg2I3O3-1,KHg2S(IO)3,2.195195603648041,,3.462815284729004,Novel,0.06564984862228992,-0.9490230718222634,11.835526977460182,0,No,20,5,0,0,0,1,1,0,1,1,1,0,1,2.3,3.44,0.82,2.62,4.0,6.0,12.4,1.33,82.931434,0,0.59,0.054884743906697
1YI3-1,YI3,2.073766363871401,,3.6923987865448,Novel,0.05962217172069728,-1.4120359525698403,4.254763634811185,0,No,4,2,0,0,0,1,0,0,0,1,0,0,1,1.94,2.66,1.22,1.4400000000000002,5.0,5.0,10.0,1.635,107.90516,0,0.59,0.06749950776091052
1SbScCl2O2-1,ScSb(ClO)2,2.437868134561122,,3.984766006469727,Novel,0.04102544712720461,-2.058523783479925,5.523678154215953,0,No,6,4,0,1,0,0,1,0,0,1,0,0,1,2.5025,3.44,1.36,2.08,3.5,5.0,12.75,1.1099999999999999,54.542078000000004,0,0.59,0.37341614238023874
1GeZrF6-1,ZrGeF6,4.944353218112315,,6.919751167297363,Novel,0.012670484529361481,-3.218069233051857,2.9502057263096333,0,No,8,3,1,0,0,0,0,0,0,1,0,0,1,2.44,3.98,1.33,2.65,3.6666666666666665,5.0,11.666666666666666,1.2433333333333334,60.95413440000001,0,0.59,0.5165404449417239
1Sb2Ge3O9-1,Ge3Sb2O9,3.7656153297864856,,5.527776718139648,Novel,0.047764377365908724,-1.507020527221696,4.794920462278835,0,No,14,3,0,0,0,0,1,0,0,0,0,0,0,2.5,3.44,2.01,1.4300000000000002,3.6666666666666665,5.0,15.0,1.02,70.13313333333333,0,0.59,0.3397826611336426
1MoCu2O4-1,Cu2MoO4,2.4528315719810263,,5.125616073608398,Novel,0.0477753086298236,-1.271347609951454,2.322113003749118,0,No,7,3,0,0,0,0,1,0,0,0,0,0,1,2.5,3.44,1.9,1.54,3.6666666666666665,5.0,11.0,1.2766666666666666,58.495133333333335,0,0.59,0.21089903631527118
1ZrLi2H6S6-1,Li2Zr(HS)6,2.7128316897812583,,4.268995761871338,Novel,0.06374019922200762,-0.6457461686048428,4.525080822304924,0,No,15,4,0,0,0,0,0,0,1,0,1,0,1,1.7725,2.58,0.98,1.6,2.75,5.0,5.5,1.285,32.809485,0,0.585,0.15675367289159445
2ScBr3-2,ScBr3,2.1704228144180133,,4.531018733978272,Novel,0.06764637086326442,-1.7115771643925388,3.6903780479922315,0,No,8,2,0,0,1,0,0,0,0,1,0,0,1,2.16,2.96,1.36,1.5999999999999999,4.0,4.0,10.0,1.3900000000000001,62.429956,0,0.585,0.36783727260097704
2NaSHg2Br3O3-1,NaHg2S(BrO)3,2.925006622121332,,4.547662258148193,Novel,0.06377393523419209,-1.0070936523147431,11.907183629891488,0,No,20,5,0,0,1,0,1,0,1,1,1,0,1,2.3819999999999997,3.44,0.93,2.51,3.6,6.0,12.4,1.182,70.30963385599999,0,0.58,0.10067610653543449
1HfH2P2O6-1,HfP2(HO3)2,4.72428235232288,,6.529079437255859,Novel,0.0,-2.176284974428903,6.099841160479285,0,No,11,4,0,0,0,0,1,0,0,0,0,0,1,2.2825,3.44,1.3,2.1399999999999997,3.0,6.0,9.0,1.0175,56.6177755,0,0.58,0.4862266595766666
2KSCd2Br3O3-1,KCd2S(BrO)3,2.55674212113096,,4.158756256103516,Novel,0.08908485905962298,-1.2232421749192028,10.794087236993551,0,No,20,5,0,0,1,0,1,0,1,1,1,0,1,2.298,3.44,0.82,2.62,3.6,5.0,12.4,1.268,55.89554,0,0.58,0.14852062051426293
2RbSeHg2Br3O3-1,RbHg2Se(BrO)3,2.4241527555031883,,3.656599760055542,Novel,0.042110913166570715,-0.8220571203349948,12.162293241904786,0,No,20,5,0,0,1,0,1,0,0,1,1,0,1,2.3539999999999996,3.44,0.82,2.62,4.2,6.0,12.4,1.362,92.18423999999999,0,0.58,0.06037203893684159
2AsPO4-2,AsPO4,4.36651165278805,,6.612944602966309,Novel,0.06354288743983005,-1.6546665998230559,4.856249221690067,0,No,12,3,0,0,0,0,1,0,0,0,0,0,0,2.6033333333333335,3.44,2.18,1.2599999999999998,3.0,4.0,15.333333333333334,0.8666666666666667,40.631587333333336,0,0.58,0.3379445795752676
1Sb2Si3O9-1,Si3Sb2O9,4.725244868504696,,6.114748477935791,Novel,0.03934500914783686,-2.217550121291358,4.61994257704538,0,No,14,3,0,0,0,0,1,0,0,0,0,0,0,2.4633333333333334,3.44,1.9,1.54,3.3333333333333335,5.0,15.0,0.9733333333333335,55.28163333333334,0,0.58,0.4867135140153282
2GaF2N2H5-1,GaH5(NF)2,2.656143579400003,,4.212080001831055,Novel,0.06770519215742717,-1.0139277600110028,5.105964364233941,0,No,20,4,1,0,0,0,0,1,0,1,0,0,0,2.7575,3.98,1.81,2.17,2.25,4.0,11.5,0.7175,25.9340108,0,0.575,0.7205025039396716
1HfF2P2O6-1,HfP2(O3F)2,4.7117427195510775,,6.921542167663574,Novel,3.2297397080004555e-16,-2.7906424926856697,6.379760745345804,0,No,11,4,1,0,0,0,1,0,0,1,0,0,1,2.7275,3.98,1.3,2.6799999999999997,3.25,6.0,13.0,0.99,61.1153913,0,0.57,0.3488391473318978
2Al2O3-1,Al2O3,5.087209258873355,,6.8253583908081055,Novel,0.1100410197994421,-2.88446116578215,5.203730445893559,0,Yes,10,2,0,0,0,0,1,0,0,0,0,0,0,2.525,3.44,1.61,1.8299999999999998,2.5,3.0,14.5,0.83,21.4904693,1,0.57,0.8890986402879082
2AlTlF4-1,AlTlF4,2.254918166256226,,3.925387144088745,Novel,0.13636135425648158,-2.9264422538273913,2.0962530927718905,0,No,12,3,1,0,0,0,0,0,0,1,0,0,0,2.4033333333333338,3.98,1.61,2.37,3.6666666666666665,6.0,14.333333333333334,1.0533333333333335,83.45441393333333,0,0.57,0.8508299061856417
2InTlCl4-1,TlInCl4,2.9674894122178426,,3.985426425933838,Novel,0.018234602499961856,-1.0824387706638046,2.9406759783206766,0,No,12,3,0,1,0,0,0,0,0,1,0,0,0,2.186666666666667,3.16,1.62,1.54,4.666666666666667,6.0,14.333333333333334,1.3033333333333335,118.2181,0,0.565,0.5086233555680755
2KC3H3O3-1,KH3(CO)3,2.6471629423516605,,4.294483661651611,Novel,0.1386975539934408,-0.9010870878730465,11.164512156905632,0,No,20,4,0,0,0,0,1,0,0,0,1,0,0,2.2525,3.44,0.82,2.62,2.25,4.0,8.0,1.0274999999999999,17.029085,0,0.565,0.6761869426780979
2CdNa2Br4-1,Na2CdBr4,3.474664488875636,,4.653622150421143,Novel,0.08279472266386863,-1.2217265288548496,4.819769693648114,0,No,14,3,0,0,1,0,0,0,0,1,1,0,1,1.86,2.96,0.93,2.03,4.0,5.0,10.0,1.4833333333333332,71.76825642666667,0,0.565,0.4645070278222381
2MnTeWO6-1,MnTeWO6,1.9269619954220267,,3.7472119331359854,Novel,0.07187298314096917,-1.6610232390200261,7.775979940641232,1,No,18,4,0,0,0,0,1,0,0,0,0,0,1,2.3625,3.44,1.55,1.89,4.25,6.0,11.25,1.3125,95.59436125,0,0.565,0.03306746533785807
2KSHg2Cl3O3-1,KHg2S(ClO)3,3.268259056322117,,4.890120029449463,Novel,0.04326895322646891,-1.121631728495111,10.886262879242,0,No,20,5,0,1,0,0,1,0,1,1,1,0,1,2.4,3.44,0.82,2.62,3.6,6.0,12.4,1.2580000000000002,64.64113999999998,0,0.565,0.13327347171516066
4InF2-1,InF2,2.043234802617534,,4.036580562591553,Novel,0.04637396779198107,-2.2926796677009897,2.3229761517666123,0,No,12,2,1,0,0,0,0,0,0,1,0,0,0,2.88,3.98,1.78,2.2,3.5,5.0,15.0,0.99,66.9082016,0,0.56,0.6039248344611032
4SnF2-2,SnF2,2.755122330164088,,3.864253282546997,Novel,0.011095748183289325,-2.3402960085955944,4.621833415004293,0,No,12,2,1,0,0,0,0,0,0,1,0,0,0,2.9699999999999998,3.98,1.96,2.02,3.5,5.0,15.5,0.9349999999999999,68.8542016,0,0.555,0.3215927584387392
2CdK2Br4-1,K2CdBr4,3.682861999202464,,4.755804061889648,Novel,0.07540461382901396,-1.3352418970316993,5.163548549602572,0,No,14,3,0,0,1,0,0,0,0,1,1,0,1,1.8233333333333333,2.96,0.82,2.14,4.333333333333333,5.0,10.0,1.6600000000000001,77.13776666666666,0,0.555,0.33454849626286903
2ZnF2Sb2O3-1,ZnSb2O3F2,3.2108917431566524,,4.151636600494385,Novel,0.10039799087189438,-1.6553818190069527,9.366266146274453,0,Unknown,16,4,1,0,0,0,1,0,0,1,0,0,1,2.78,3.98,1.65,2.33,3.25,5.0,15.0,0.9125,55.5417008,0,0.555,0.1320884804917018
2BrCdF-1,CdBrF,2.103379301128411,,4.2608962059021,Novel,0.07173545373801875,-1.5278356314134,6.3251581560744246,0,No,6,3,1,0,1,0,0,0,0,1,0,0,1,2.876666666666667,3.98,1.69,2.29,3.6666666666666665,5.0,15.333333333333334,0.9899999999999999,70.43780106666667,0,0.555,0.14388832938368268
2RbTeCd2Br3O3-1,RbCd2Te(BrO)3,1.961439876853579,,3.768476724624634,Novel,0.17888556987216192,-1.0390379944584152,13.820645165096069,0,Unknown,20,5,0,0,1,0,1,0,0,1,1,0,1,2.202,3.44,0.82,2.62,4.2,5.0,12.4,1.3820000000000001,84.27644,0,0.55,0.06090243978015433
2KTeHg2Br3O3-1,KHg2Te(BrO)3,2.079501943195614,,3.5259809494018555,Novel,0.08997450490654853,-0.8442602422930754,13.25765993160129,0,No,20,5,0,0,1,0,1,0,0,1,1,0,1,2.2640000000000002,3.44,0.82,2.62,4.2,6.0,12.4,1.358,92.63834,0,0.55,0.0637148151395742
1MnBr2-3,MnBr2,1.5880317841551634,,4.1940202713012695,Novel,0.12886181311469555,-0.6536596111465478,3.3483690669040067,1,No,3,2,0,0,1,0,0,0,0,1,0,0,1,2.255,2.96,1.55,1.41,4.0,4.0,12.0,1.275,67.42102249999999,0,0.55,0.1039357762247861
4SnF2-1,SnF2,2.504374709725135,,4.741847038269043,Novel,0.010904758677015755,-2.3404869981018677,4.754715997379697,0,No,12,2,1,0,0,0,0,0,0,1,0,0,0,2.9699999999999998,3.98,1.96,2.02,3.5,5.0,15.5,0.9349999999999999,68.8542016,0,0.55,0.31283776772935973
2GaCl2N2H5-1,GaH5(NCl)2,2.795205539008628,,4.787055492401123,Novel,0.0,-0.5769870476375069,4.9373943543286245,0,No,20,4,0,1,0,0,0,1,0,1,0,0,0,2.5525,3.16,1.81,1.35,2.5,4.0,11.5,0.81,30.04766,0,0.545,0.5861045149874755
2SnF2-2,SnF2,3.455801053890127,,4.619137763977051,Novel,0.04020125972367813,-2.3111904970552053,4.528232120498063,0,No,6,2,1,0,0,0,0,0,0,1,0,0,0,2.9699999999999998,3.98,1.96,2.02,3.5,5.0,15.5,0.9349999999999999,68.8542016,0,0.545,0.2421196104495868
2GaInCl4-1,InGaCl4,2.359406853516671,,3.590444564819336,Novel,0.09371032765524075,-0.960323597713146,2.871005309756521,0,No,12,3,0,1,0,0,0,0,0,1,0,0,0,2.25,3.16,1.78,1.3800000000000001,4.0,5.0,14.333333333333334,1.2366666666666666,73.33133333333333,0,0.545,0.5101512415875755
2GaTlF4-1,TlGaF4,2.6259196561695606,,4.389697074890137,Novel,0.025383903027246173,-2.3877467901811786,2.2061793845354867,0,No,12,3,1,0,0,0,0,0,0,1,0,0,0,2.47,3.98,1.62,2.36,4.0,6.0,14.333333333333334,1.1133333333333333,97.70156773333332,0,0.54,0.7453403610019029
2ZnBr2Sb2O3-1,ZnSb2Br2O3,2.862240569693722,,4.155437469482422,Novel,0.007626800638535602,-1.1912429908743078,9.8742958275682,0,No,16,4,0,0,1,0,1,0,0,1,0,0,1,2.525,3.44,1.65,1.79,3.75,5.0,15.0,1.0425,70.76809999999999,0,0.54,0.12233906615966043
4NaPS2-1,NaPS2,2.590102560780635,,3.742631673812866,Novel,0.08711262194184866,-0.5629257003763839,5.720816305340694,0,No,16,3,0,0,0,0,0,0,1,0,1,0,0,1.9000000000000001,2.58,0.93,1.65,3.0,3.0,10.666666666666666,1.2533333333333332,28.676177093333333,0,0.535,0.15736470618981802
2ZnBi2Br2O3-1,ZnBi2Br2O3,2.012407171092484,,3.952825546264648,Novel,0.09369536033866455,-1.137728925523834,10.139791600454934,0,Unknown,16,4,0,0,1,0,1,0,0,1,0,0,1,2.5175,3.44,1.65,1.79,4.0,6.0,15.0,1.0675,92.5732,0,0.535,0.10841113835328332
2InF2N2H5-1,InH5(NF)2,2.3770865797908605,,4.136463642120361,Novel,0.03763689277888016,-0.9747548696807293,5.348061616841397,0,No,20,4,1,0,0,0,0,1,0,1,0,0,0,2.75,3.98,1.78,2.2,2.5,5.0,11.5,0.7675,37.2077608,0,0.535,0.6535961833745826
4NaPS2-2,NaPS2,2.577195573603742,,3.7514798641204834,Novel,0.08854120059539483,-0.5614971217228377,5.737712944518728,0,No,16,3,0,0,0,0,0,0,1,0,1,0,0,1.9000000000000001,2.58,0.93,1.65,3.0,3.0,10.666666666666666,1.2533333333333332,28.676177093333333,0,0.535,0.156684324492337
2NaSHg2I3O3-1,NaHg2S(IO)3,2.264451306687747,,3.775836706161499,Novel,0.0726372035002388,-0.9132472311767839,12.069429489046753,0,No,20,5,0,0,0,1,1,0,1,1,1,0,1,2.322,3.44,0.93,2.51,3.8,6.0,12.4,1.2240000000000002,79.709727856,0,0.535,0.0636416759882775
4SnF2-3,SnF2,2.7601828775986856,,4.454890727996826,Novel,0.03766223652373668,-2.313729520255147,5.364115411217663,0,No,12,2,1,0,0,0,0,0,0,1,0,0,0,2.9699999999999998,3.98,1.96,2.02,3.5,5.0,15.5,0.9349999999999999,68.8542016,0,0.535,0.27442831951848196
2NiCl3-1,NiCl3,0.0070340189398661,,3.626443386077881,Novel,0.0,-0.4931891714212746,2.6079517161694152,1,No,8,2,0,1,0,0,0,0,0,1,0,0,1,2.535,3.16,1.91,1.2500000000000002,3.5,4.0,13.5,1.1400000000000001,47.0732,0,0.535,0.14892507777928543
2GeSO4-1,GeSO4,4.795330409419562,,6.713302135467529,Novel,0.016855238555357015,-1.2722569686569074,5.046652630502754,0,No,12,3,0,0,0,0,1,0,1,0,0,0,0,2.6766666666666663,3.44,2.01,1.4300000000000002,3.0,4.0,15.333333333333334,0.87,40.2348,0,0.53,0.262946222002795
2CsSCd2I3O3-1,CsCd2S(IO)3,2.2301863616093325,,3.4179844856262207,Novel,0.08936180299794802,-1.09589161094063,11.88851137515301,0,No,20,5,0,0,0,1,1,0,1,1,1,0,1,2.232,3.44,0.79,2.65,4.2,6.0,12.4,1.42,84.05706438,0,0.53,0.04884444882998665
2CsSeHg2Cl3O3-1,CsHg2Se(ClO)3,2.780687116665936,,4.076867580413818,Novel,0.06351189968646995,-0.8887809803309835,12.128966914578408,0,No,20,5,0,1,0,0,1,0,0,1,1,0,1,2.388,3.44,0.79,2.65,4.2,6.0,12.4,1.3980000000000001,92.78157038,0,0.53,0.06331073730647926
2InF3-3,InF3,4.548954717530801,,6.61713457107544,Novel,0.09208436640722795,-2.535049504969245,2.5299671562637984,0,No,8,2,1,0,0,0,0,0,0,1,0,0,0,2.88,3.98,1.78,2.2,3.5,5.0,15.0,0.99,66.9082016,0,0.53,0.5191922224949251
2ZnCl2Sb2O3-1,ZnSb2Cl2O3,3.264319775391161,,4.719024181365967,Novel,0.016381979350748255,-1.2731115651863476,9.684986473596704,0,No,16,4,0,1,0,0,1,0,0,1,0,0,1,2.5749999999999997,3.44,1.65,1.79,3.5,5.0,15.0,1.005,59.655350000000006,0,0.53,0.15824852188589697
1As2Ge3O9-1,Ge3As2O9,3.7250047277309424,,5.646394729614258,Novel,0.03666491067181938,-1.4586041978887039,4.5749471738484235,0,No,14,3,0,0,0,0,1,0,0,0,0,0,0,2.543333333333333,3.44,2.01,1.4300000000000002,3.3333333333333335,4.0,15.0,0.9566666666666666,54.52033333333333,0,0.525,0.398262760834895
2InCl2N2H5-1,InH5(NCl)2,2.422842313419042,,4.6724042892456055,Novel,0.0,-0.5684399207031134,5.181331541792758,0,No,20,4,0,1,0,0,0,1,0,1,0,0,0,2.545,3.16,1.78,1.3800000000000001,2.75,5.0,11.5,0.86,41.32141,0,0.525,0.5088125539703433
2InTlF4-1,TlInF4,3.357614012210028,,5.144650936126709,Novel,0.016184221135546295,-2.343198450978877,2.2894587641199333,0,No,12,3,1,0,0,0,0,0,0,1,0,0,0,2.4600000000000004,3.98,1.62,2.36,4.333333333333333,6.0,14.333333333333334,1.18,112.7332344,0,0.525,0.6780421766733141
1KTlI4O12-1,KTl(IO3)4,2.135267492176252,,3.5813217163085938,Novel,0.007334191662171345,-0.3864273393287942,7.014081527937169,0,No,18,4,0,0,0,1,1,0,0,1,1,0,0,2.135,3.44,0.82,2.62,4.25,6.0,11.75,1.4050000000000002,96.5963675,0,0.525,0.7133215821618747
12FTl-1,TlF,2.6656598229225037,,3.707634449005127,Novel,0.09015318203465277,-1.7337270915556708,5.10245051635107,0,Unknown,24,2,1,0,0,0,0,0,0,1,0,0,0,2.8,3.98,1.62,2.36,4.0,6.0,15.0,0.99,111.6908516,0,0.52,0.7011703612077543
2CsSeHg2Br3O3-1,CsHg2Se(BrO)3,2.4841713632543296,,3.7271246910095215,Novel,0.04747325421784403,-0.8279946412942912,12.514650674370769,0,No,20,5,0,0,1,0,1,0,0,1,1,0,1,2.348,3.44,0.79,2.65,4.4,6.0,12.4,1.4280000000000002,101.67177038,0,0.52,0.04534873762807118
2MnMoTeO6-1,MnTeMoO6,1.545749992641518,,3.470324754714966,Novel,0.021932525898623427,-1.6094220250762623,7.768599277538334,1,No,18,4,0,0,0,0,1,0,0,0,0,0,1,2.3125,3.44,1.55,1.89,4.0,5.0,11.25,1.3050000000000002,73.61936125,0,0.52,0.04272340293760895
8AgCl-1,AgCl,2.83891083243128,,4.047808170318604,Novel,0.029596886115704546,-0.40901986580313787,5.53045617974214,0,No,16,2,0,1,0,0,0,0,0,1,0,0,1,2.545,3.16,1.93,1.2300000000000002,4.0,5.0,14.0,1.22,71.6606,0,0.515,0.133043840520717
2SeAs2O6-1,As2SeO6,3.192233157607052,,5.297206878662109,Novel,0.07501324385412388,-0.9156029741031778,2.115090261592689,0,Yes,18,3,0,0,0,0,1,0,0,0,0,0,0,2.723333333333333,3.44,2.18,1.2599999999999998,3.3333333333333335,4.0,15.666666666666666,0.8833333333333333,56.627,1,0.515,0.6282629993823233
6SnF2-1,SnF2,3.81896789770808,,4.640818595886231,Novel,0.0,-2.3513917567788836,4.22521899516658,0,No,18,2,1,0,0,0,0,0,0,1,0,0,0,2.9699999999999998,3.98,1.96,2.02,3.5,5.0,15.5,0.9349999999999999,68.8542016,0,0.515,0.4494972339842373
2H2Si2O5-1,Si2H2O5,5.470511196159908,,5.659997463226318,Novel,0.06849693060291331,-2.132206780934579,4.909663944335385,0,No,18,3,0,0,0,0,1,0,0,0,0,0,0,2.513333333333333,3.44,1.9,1.54,2.0,3.0,10.333333333333334,0.7066666666666667,15.030946666666667,0,0.51,0.9121565558386459
2ZnAs2Br2O3-1,ZnAs2Br2O3,2.623979389861182,,4.337501049041748,Novel,0.05687731555756392,-1.052052813848737,9.919590269218011,0,No,16,4,0,0,1,0,1,0,0,1,0,0,1,2.5575,3.44,1.65,1.79,3.5,4.0,15.0,0.9949999999999999,59.0585,0,0.51,0.13740916568273048
2NaSCd2Br3O3-1,NaCd2S(BrO)3,2.5270723342587718,,4.161819934844971,Novel,0.11562806025037312,-1.1761325914676004,10.664092068313135,0,Unknown,20,5,0,0,1,0,1,0,1,1,1,0,1,2.32,3.44,0.93,2.51,3.4,5.0,12.4,1.1620000000000001,52.673833856,0,0.505,0.18569806755284382
1ZrAs2F2O6-1,ZrAs2(O3F)2,3.742013173067616,,5.542659759521484,Novel,-3.2297397080004555e-16,-2.0720189924906482,6.773176894495904,0,No,11,4,1,0,0,0,1,0,0,1,0,0,1,2.7325,3.98,1.33,2.65,3.25,5.0,13.0,1.0250000000000001,50.285850800000006,0,0.505,0.2722829799877906
1GeLi2H6S6-1,Li2Ge(HS)6,2.2740868626894213,,3.572036027908325,Novel,0.07125979206242648,-0.39722789806383313,4.6834531126343055,0,No,15,4,0,0,0,0,0,0,1,0,1,0,0,1.9425,2.58,0.98,1.6,2.5,4.0,8.0,1.0825,28.163485,0,0.505,0.23276427988986143
2RbTeHg2Br3O3-1,RbHg2Te(BrO)3,2.1671559112226326,,3.535284280776977,Novel,0.08519762862147004,-0.8474643868825626,13.329028680803564,0,No,20,5,0,0,1,0,1,0,0,1,1,0,1,2.2640000000000002,3.44,0.82,2.62,4.4,6.0,12.4,1.402,101.91223999999998,0,0.5,0.051199933305411165
2NaSeHg2Cl3O3-1,NaHg2Se(ClO)3,2.7612760635689493,,3.963850498199463,Novel,0.07806844860978543,-0.8332295697152645,11.525042073223512,0,No,20,5,0,1,0,0,1,0,0,1,1,0,1,2.416,3.44,0.93,2.51,3.6,6.0,12.4,1.182,70.79843385599999,0,0.495,0.13273161159932625
4ClCu-2,CuCl,1.9133047659243152,,3.962511539459229,Novel,0.06323208485782006,-0.3881561522603829,3.0557548571151,0,No,8,2,0,1,0,0,0,0,0,1,0,0,1,2.5300000000000002,3.16,1.9,1.2600000000000002,3.5,4.0,14.0,1.12,49.4995,0,0.49,0.2614197603057854
1SnZnF6-1,ZnSnF6,4.390256555182875,,7.515085697174072,Novel,0.0,-2.5341964361891884,2.6193234596579664,0,No,8,3,1,0,0,0,0,0,0,1,0,0,1,2.53,3.98,1.65,2.33,3.6666666666666665,5.0,14.333333333333334,1.0966666666666667,67.70580106666667,0,0.485,0.38110869224927024
8GeO2-1,GeO2,3.351716372390104,,5.496262073516846,Novel,0.058384181414597926,-1.5897848266759216,4.887586191547785,0,No,24,2,0,0,0,0,1,0,0,0,0,0,0,2.7249999999999996,3.44,2.01,1.4300000000000002,3.0,4.0,15.0,0.865,44.3197,0,0.485,0.6811290256585443
1BrCu-1,CuBr,1.0237021928664132,,3.4541432857513428,Novel,0.08855246477102652,-0.2157033834667157,0.0,0,No,2,2,0,0,1,0,0,0,0,1,0,0,1,2.4299999999999997,2.96,1.9,1.06,4.0,4.0,14.0,1.1949999999999998,71.725,0,0.485,0.18399870705287558
4As2O3-1,As2O3,3.1361607064456227,,4.881305694580078,Novel,0.07723378418749434,-1.1428155052190347,3.343262592907367,0,Unknown,20,2,0,0,0,0,1,0,0,0,0,0,0,2.81,3.44,2.18,1.2599999999999998,3.0,4.0,15.5,0.8099999999999999,45.460499999999996,0,0.485,0.6211099428106168
2RbSHg2I3O3-1,RbHg2S(IO)3,2.2196135668536425,,3.4430503845214844,Novel,0.04791757944827779,-0.953221528605954,11.976313636459059,0,No,20,5,0,0,0,1,1,0,1,1,1,0,1,2.3,3.44,0.82,2.62,4.2,6.0,12.4,1.3739999999999999,92.205334,0,0.48,0.043142503400302144
1SnLi2H6S6-1,Li2Sn(HS)6,2.542115220795781,,3.863291740417481,Novel,0.031722980905309166,-0.44097101684762097,4.771272958191773,0,No,15,4,0,0,0,0,0,0,1,0,1,0,0,1.9300000000000002,2.58,0.98,1.6,2.75,5.0,8.0,1.1325,39.680985,0,0.48,0.18881290662392386
4ClCu-1,CuCl,2.1393509470341368,,4.29604959487915,Novel,0.019251895518523465,-0.4321363415996795,3.3175617382978153,0,No,8,2,0,1,0,0,0,0,0,1,0,0,1,2.5300000000000002,3.16,1.9,1.2600000000000002,3.5,4.0,14.0,1.12,49.4995,0,0.475,0.2463367639619609
1MnNiF6-1,MnNiF6,0.9687583048262454,,3.6109440326690674,Novel,0.0,-2.1916289088794754,2.5073041341305933,1,No,8,3,1,0,0,0,0,0,0,1,0,0,1,2.48,3.98,1.55,2.4299999999999997,3.3333333333333335,4.0,11.333333333333334,1.1733333333333333,44.2099494,0,0.475,0.3659778580091265
1ZrF2P2O6-1,ZrP2(O3F)2,4.231905233851844,,6.566556930541992,Novel,3.2297397080004555e-16,-2.7844765811032697,6.378610536775071,0,No,11,4,1,0,0,0,1,0,0,1,0,0,1,2.735,3.98,1.33,2.65,3.0,5.0,13.0,0.985,39.29889130000001,0,0.475,0.3482188546330609
6AgCl-1,AgCl,1.938944880057074,,3.5254783630371094,Novel,0.006060724875801189,-0.43255602704304125,5.319976355664123,0,No,12,2,0,1,0,0,0,0,0,1,0,0,1,2.545,3.16,1.93,1.2300000000000002,4.0,5.0,14.0,1.22,71.6606,0,0.47,0.10984249883200985
2CORbF3S3-1,RbCS3OF3,2.4550212219480185,,3.840982437133789,Novel,0.0,-1.371998844619361,13.248732917050164,0,Unknown,18,5,1,0,0,0,1,0,1,1,1,0,0,2.674,3.98,0.82,3.16,2.8,5.0,12.8,1.02,32.90826064,0,0.465,0.1387966533682239
2CdRb2Br4-1,Rb2CdBr4,3.671898216378816,,4.593725681304932,Novel,0.08205082748409177,-1.3413428353958288,5.300695231312835,0,No,14,3,0,0,1,0,0,0,0,1,1,0,1,1.8233333333333333,2.96,0.82,2.14,4.666666666666667,5.0,10.0,1.7333333333333332,92.59426666666667,0,0.465,0.2535410469442307
2InBr2-1,InBr2,1.660995127769855,,3.52017879486084,Novel,0.03925701817435975,-0.7850133475318865,3.1408393209033427,0,No,6,2,0,0,1,0,0,0,0,1,0,0,0,2.37,2.96,1.78,1.18,4.5,5.0,15.0,1.25,97.36099999999999,0,0.465,0.19103765417232763
4ZnCl2-2,ZnCl2,3.414336637412553,,5.144507884979248,Novel,0.07086618672210439,-1.0981311572458479,5.402743831551245,0,No,12,2,0,1,0,0,0,0,0,1,0,0,1,2.4050000000000002,3.16,1.65,1.5100000000000002,3.5,4.0,14.5,1.105,50.431000000000004,0,0.46,0.3161622497230975
2ClIn-1,InCl,2.7612520457191265,,3.725583791732788,Novel,0.014852500201758545,-0.8271610134229466,3.3757298176011297,0,No,4,2,0,1,0,0,0,0,0,1,0,0,0,2.47,3.16,1.78,1.3800000000000001,4.0,5.0,15.0,1.175,75.13550000000001,0,0.455,0.3321649719758196
2SSnO4-1,SnSO4,4.381891752511394,,5.866785526275635,Novel,0.027140359120886377,-1.3525137016624396,4.914283598610442,0,No,12,3,0,0,0,0,1,0,1,0,0,0,0,2.66,3.44,1.96,1.48,3.3333333333333335,5.0,15.333333333333334,0.9366666666666666,55.59146666666666,0,0.455,0.22175791871671166
2CoF3-3,CoF3,0.306072674036808,,4.296130180358887,Novel,0.08009561972977775,-1.81034531544464,4.769353282692759,1,Unknown,8,2,1,0,0,0,0,0,0,1,0,0,1,2.9299999999999997,3.98,1.88,2.1,3.0,4.0,13.0,0.97,38.9657991,0,0.455,0.11588936940267544
1FVO2-1,VO2F,2.694124821457497,,4.591020584106445,Novel,0.03470005182227087,-2.442240484003758,2.4224588092684627,0,No,4,3,1,0,0,0,1,0,0,1,0,0,1,3.016666666666667,3.98,1.63,2.35,2.6666666666666665,4.0,12.666666666666666,0.87,28.6464344,0,0.45,0.5235693031901523
2CsSHg2F3O3-1,CsHg2S(OF)3,3.2679461770106117,,4.6972432136535645,Novel,0.09206499140128788,-1.4851959185506143,10.691067625673849,0,Unknown,20,5,1,0,0,0,1,0,1,1,1,0,1,2.5580000000000003,3.98,0.79,3.19,3.8,6.0,12.4,1.2939999999999998,80.11165102,0,0.45,0.07992544875451274
8BeI2-1,BeI2,4.348070819743814,,4.899265766143799,Novel,0.032393595423025445,-0.5630326846901875,3.3042100315230396,0,Yes,24,2,0,0,0,1,0,0,0,1,0,1,0,2.115,2.66,1.57,1.09,3.5,5.0,9.5,1.135,67.958326,1,0.45,0.9474575063564373
1BeP2H4S4-1,BeP2(HS)4,3.422632020883019,,4.576625347137451,Novel,0.024672435104061554,-0.2988702692032232,5.626669931314753,0,No,11,4,0,0,0,0,0,0,1,0,0,1,0,2.135,2.58,1.57,1.01,2.25,3.0,8.5,0.8775,18.264721,0,0.45,0.19938663778846755
2ZnAs2Cl2O3-1,ZnAs2Cl2O3,3.1399560897714687,,4.842097759246826,Novel,0.06350307736316907,-1.1374017325038936,9.709237662080211,0,No,16,4,0,1,0,0,1,0,0,1,0,0,1,2.6075,3.44,1.65,1.79,3.25,4.0,15.0,0.9574999999999999,47.945750000000004,0,0.45,0.17778455245966934
1BiBrCdClNaO2-1,NaCdBiBrClO2,1.983413153137988,,3.8452110290527344,Novel,0.0954268770995996,-1.226005128480119,5.352230868675207,0,No,7,6,0,1,1,0,1,0,0,1,1,0,1,2.3666666666666667,3.44,0.93,2.51,3.8333333333333335,6.0,13.0,1.1916666666666664,79.28959488,0,0.45,0.3789683527030498
4ZnCl2-1,ZnCl2,4.023881053849614,,5.5337347984313965,Novel,0.028166913982001773,-1.1408304299859504,5.743793236613197,0,No,12,2,0,1,0,0,0,0,0,1,0,0,1,2.4050000000000002,3.16,1.65,1.5100000000000002,3.5,4.0,14.5,1.105,50.431000000000004,0,0.44,0.2941703144768992
2GeO-2,GeO,2.101523904862788,,4.349030494689941,Novel,0.1599308152856347,-1.076195940782255,2.11352033830536,0,Unknown,4,2,0,0,0,0,1,0,0,0,0,0,0,2.7249999999999996,3.44,2.01,1.4300000000000002,3.0,4.0,15.0,0.865,44.3197,0,0.435,0.5479778820074074
2CsFPH3O3-1,CsPH3O3F,5.590121105150358,,6.822841644287109,Novel,1.9737298215558337e-16,-1.6962901380208903,10.444414936657576,0,No,18,5,1,0,0,0,1,0,0,1,1,0,0,2.52,3.98,0.79,3.19,2.8,6.0,10.0,1.078,39.976991420000004,0,0.425,0.5451579769965188
3BrIn-2,InBr,2.685519401754176,,3.4720218181610107,Novel,0.08090024313336801,-0.614081265387821,3.2517074262717838,0,No,6,2,0,0,1,0,0,0,0,1,0,0,0,2.37,2.96,1.78,1.18,4.5,5.0,15.0,1.25,97.36099999999999,0,0.42,0.18587965172256962
1B2O3-1,B2O3,5.3170407908038655,,7.761010646820068,Novel,0.002593945207020454,-2.4015715948387255,0.0005378286750996608,0,No,5,2,0,0,0,0,1,0,0,0,0,0,0,2.74,3.44,2.04,1.4,2.0,2.0,14.5,0.675,13.4052,0,0.415,0.9001762965485671
2AgCl-5,AgCl,2.317745387337525,,3.49675726890564,Novel,0.04049328945795461,-0.3981234624608878,3.3456166478336424,0,No,4,2,0,1,0,0,0,0,0,1,0,0,1,2.545,3.16,1.93,1.2300000000000002,4.0,5.0,14.0,1.22,71.6606,0,0.41,0.1134599135639737
2In2O3-1,In2O3,1.5199588540463354,,3.7617571353912354,Novel,0.1696812609759263,-1.4480739008575996,5.791716975173447,0,Unknown,10,2,0,0,0,0,1,0,0,0,0,0,0,2.61,3.44,1.78,1.66,3.5,5.0,14.5,1.02,65.4087,0,0.41,0.3929899811704963
8BrCu-1,CuBr,1.2781461641988243,,3.520270347595215,Novel,0.03283688150381314,-0.27141896673392907,5.103195138260133,0,No,16,2,0,0,1,0,0,0,0,1,0,0,1,2.4299999999999997,2.96,1.9,1.06,4.0,4.0,14.0,1.1949999999999998,71.725,0,0.41,0.11358119923396114
2ClTl-4,TlCl,2.6585381727690574,,3.9692535400390634,Novel,0.12182584639265004,-0.9023770239734192,1.6373931186806026,0,No,4,2,0,1,0,0,0,0,0,1,0,0,0,2.39,3.16,1.62,1.54,4.5,6.0,15.0,1.175,119.91815,0,0.395,0.5648239326317805
2HgCs2Br4-1,Cs2HgBr4,2.9057252422733724,,3.879138946533203,Novel,0.09001897147649071,-1.2225707628293316,5.619351537487729,0,Unknown,14,3,0,0,1,0,0,0,0,1,1,0,1,1.9166666666666667,2.96,0.79,2.17,5.333333333333333,6.0,10.0,1.8766666666666663,137.7998173,0,0.39,0.11405195137902764
1V2O5-1,V2O5,1.3560530677540026,,4.080502033233643,Novel,0.15405579241735978,-2.1233676610411587,3.5519568838409796,0,No,7,2,0,0,0,0,1,0,0,0,0,0,1,2.535,3.44,1.63,1.81,3.0,4.0,10.5,1.095,33.47045,0,0.39,0.5488814608549185
2IrF3-2,IrF3,0.6690590912156509,,3.811856031417847,Novel,0.057122489247274366,-1.385531726818296,2.553948286315051,0,No,8,2,1,0,0,0,0,0,0,1,0,0,1,3.09,3.98,2.2,1.7799999999999998,4.0,6.0,13.0,1.11,105.60770160000001,0,0.39,0.10437588181706497
9ClCu-1,CuCl,1.8927102076268083,,4.216041088104248,Novel,0.06639787972802155,-0.3849903573901814,3.305604355027026,0,No,18,2,0,1,0,0,0,0,0,1,0,0,1,2.5300000000000002,3.16,1.9,1.2600000000000002,3.5,4.0,14.0,1.12,49.4995,0,0.385,0.3990484448583229
1BrIF2Mn2-1,Mn2IBrF2,1.1485798364133657,,3.589590311050415,Novel,0.04241615010388067,-1.445787685829328,6.026059577616966,1,No,6,4,1,0,1,1,0,0,0,1,0,0,1,2.7875,3.98,1.55,2.4299999999999997,3.75,5.0,14.5,1.03,70.18622955,0,0.385,0.11167533218386921
2HgK2Br4-1,K2HgBr4,2.8060415607729228,,3.8964974880218506,Novel,0.05818212230108065,-1.19308929895981,5.370723049910795,0,No,14,3,0,0,1,0,0,0,0,1,1,0,1,1.9266666666666665,2.96,0.82,2.14,4.666666666666667,6.0,10.0,1.6933333333333334,106.53076666666668,0,0.38,0.21705950426131948
3ClCu-3,CuCl,2.2285119283769435,,4.19127082824707,Novel,0.03908536678309608,-0.4123028703351069,3.5746366925196895,0,No,6,2,0,1,0,0,0,0,0,1,0,0,1,2.5300000000000002,3.16,1.9,1.2600000000000002,3.5,4.0,14.0,1.12,49.4995,0,0.375,0.20792383690390523
1InCl3-1,InCl3,2.312192780441685,,4.578769207000732,Novel,0.07460218092671078,-1.0643064436359042,3.493527626162976,0,No,4,2,0,1,0,0,0,0,0,1,0,0,0,2.47,3.16,1.78,1.3800000000000001,4.0,5.0,15.0,1.175,75.13550000000001,0,0.375,0.3242640036311328
1PbWO4-1,PbWO4,2.721877332475747,,3.992609977722168,Novel,0.1540068371119053,-1.8499876819129106,1.9741589326356799,0,No,6,3,0,0,0,0,1,0,0,0,0,0,1,2.7099999999999995,3.44,2.33,1.1099999999999999,4.666666666666667,6.0,12.0,1.3166666666666667,135.67979999999997,0,0.37,0.049667725373658274
1GeHg2O4-1,Hg2GeO4,2.5957896119548045,,3.775635004043579,Novel,0.11046125001583919,-0.8217546279463238,2.303164979798087,0,No,7,3,0,0,0,0,1,0,0,0,0,0,1,2.483333333333333,3.44,2.0,1.44,4.0,6.0,14.0,1.1466666666666667,96.4098,0,0.37,0.1933581789946681
4MnCl2-1,MnCl2,1.860293988591008,,5.449491024017334,Novel,0.06900835161228613,-0.991003839450706,5.572818618784621,1,No,12,2,0,1,0,0,0,0,0,1,0,0,1,2.355,3.16,1.55,1.61,3.5,4.0,12.0,1.2000000000000002,45.1955225,0,0.345,0.22462554233058304
2HgRb2Br4-1,Rb2HgBr4,2.86024564857816,,3.987229347229004,Novel,0.05299301521905215,-1.1960275076151032,5.488247319807636,0,No,14,3,0,0,1,0,0,0,0,1,1,0,1,1.9266666666666665,2.96,0.82,2.14,5.0,6.0,10.0,1.7666666666666664,121.98726666666666,0,0.345,0.15855129821157166
1AgOVF4-1,VAgOF4,1.8119524765764543,,3.98697566986084,Novel,0.0,-2.2606064385330207,2.807206137629894,0,No,7,4,1,0,0,0,1,0,0,1,0,0,1,2.745,3.98,1.63,2.35,3.25,5.0,12.25,1.065,48.451875799999996,0,0.34,0.41339547211329697
2CdK2I4-1,K2CdI4,3.076707267207205,,3.883691072463989,Novel,0.05780858463916579,-1.0802117383376937,5.589524287372312,0,No,14,3,0,0,0,1,0,0,0,1,1,0,1,1.7233333333333334,2.66,0.82,1.8400000000000003,4.666666666666667,5.0,10.0,1.7299999999999998,92.80459,0,0.335,0.0942241121001674
1PbF4-1,PbF4,2.704283477530021,,5.016211032867432,Novel,0.0,-2.0250351749798146,3.950992322436371,0,No,5,2,1,0,0,0,0,0,0,1,0,0,0,3.1550000000000002,3.98,2.33,1.65,4.0,6.0,15.5,0.98,113.09920159999999,0,0.335,0.09670671953396397
1Mn2I5-1,Mn2I5,0.2267433775901945,,4.1312785148620605,Novel,0.054984442763833484,-0.31156770403889006,3.7380034127326693,1,No,7,2,0,0,0,1,0,0,0,1,0,0,1,2.105,2.66,1.55,1.11,4.5,5.0,12.0,1.38,90.9212575,0,0.33,0.03127664632411109
2ClFeWO4-1,FeWClO4,1.0854812714487458,,3.641706943511963,Novel,0.0,-1.707477840415044,7.5259476276448645,1,No,14,4,0,1,0,0,1,0,0,1,0,0,1,2.6975,3.44,1.83,1.6099999999999999,3.75,6.0,11.75,1.19,72.78435,0,0.325,0.06470704411506321
2H2Si2S5-1,Si2H2S5,3.1929740325590488,,3.727402687072754,Novel,0.08148557351281355,-0.4256690142629888,5.4676012736375,0,No,18,3,0,0,0,0,0,0,1,0,0,0,0,2.2266666666666666,2.58,1.9,0.6800000000000002,2.3333333333333335,3.0,10.333333333333334,0.84,20.386146666666665,0,0.325,0.15645203764918786
4BrCu-1,CuBr,1.197795683907544,,3.525672912597656,Novel,0.019143840279075786,-0.2851120079586664,5.260547353236859,0,No,8,2,0,0,1,0,0,0,0,1,0,0,1,2.4299999999999997,2.96,1.9,1.06,4.0,4.0,14.0,1.1949999999999998,71.725,0,0.325,0.06496830132670132
2HgF2-1,HgF2,1.5553304738594074,,3.4814348220825195,Novel,0.04396187170326608,-1.5315857170676905,5.1095739533271844,0,No,6,2,1,0,0,0,0,0,0,1,0,0,1,2.99,3.98,2.0,1.98,4.0,6.0,14.5,1.065,109.79420160000001,0,0.325,0.07237206786604265
8ClCu-2,CuCl,1.9852565622408824,,4.58045768737793,Novel,0.06835610578847051,-0.38303213132973246,3.4713098994327565,0,No,16,2,0,1,0,0,0,0,0,1,0,0,1,2.5300000000000002,3.16,1.9,1.2600000000000002,3.5,4.0,14.0,1.12,49.4995,0,0.32,0.3541433408612498
2CaSO6-1,CaSO6,2.232471065830748,,5.091062068939209,Novel,0.040568580915484986,-1.6275407400065571,8.844166020508622,1,No,16,3,0,0,0,0,1,0,1,0,0,1,0,2.34,3.44,1.0,2.44,3.0,4.0,11.333333333333334,1.0999999999999999,29.380799999999997,0,0.32,0.5702481235291698
1ClIn2Br3-1,In2Br3Cl,1.806694521282529,,3.5294556617736816,Novel,0.03979965227382465,-0.8400248979354968,3.2347620337129257,0,No,6,3,0,1,1,0,0,0,0,1,0,0,0,2.6333333333333333,3.16,1.78,1.3800000000000001,4.0,5.0,15.666666666666666,1.0966666666666667,76.725,0,0.315,0.34913613594323284
6ClCu-2,CuCl,2.224892251373486,,4.309940338134766,Novel,0.028795581021892797,-0.4225926560963102,3.7778871492516863,0,No,12,2,0,1,0,0,0,0,0,1,0,0,1,2.5300000000000002,3.16,1.9,1.2600000000000002,3.5,4.0,14.0,1.12,49.4995,0,0.315,0.2736444745534736
6AgCl-3,AgCl,2.307656004568463,,3.69318413734436,Novel,0.017793904767427666,-0.42082284715141477,3.8233918650088103,0,No,12,2,0,1,0,0,0,0,0,1,0,0,1,2.545,3.16,1.93,1.2300000000000002,4.0,5.0,14.0,1.22,71.6606,0,0.315,0.16286303748653408
4IrF3-1,IrF3,1.139211190795495,,3.883622646331787,Novel,0.04591136183431477,-1.3967428542312557,2.526399822834354,0,No,16,2,1,0,0,0,0,0,0,1,0,0,1,3.09,3.98,2.2,1.7799999999999998,4.0,6.0,13.0,1.11,105.60770160000001,0,0.31,0.171220762425987
2ClFeMoO4-1,FeMoClO4,0.9511808639827236,,3.4009339809417725,Novel,0.0,-1.626805740262198,7.494089911711786,1,No,14,4,0,1,0,0,1,0,0,1,0,0,1,2.6475,3.44,1.83,1.6099999999999999,3.5,5.0,11.75,1.1825,50.80935,0,0.305,0.08337802961310595
2CdRb2I4-1,Rb2CdI4,3.092873259009297,,3.8690664768218994,Novel,0.05579846737859816,-1.0907085936210985,5.741175912269895,0,No,14,3,0,0,0,1,0,0,0,1,1,0,1,1.7233333333333334,2.66,0.82,1.8400000000000003,5.0,5.0,10.0,1.8033333333333335,108.26109000000001,0,0.305,0.0653961538055502
4TiF4-1,TiF4,3.626250236740247,,5.758516788482666,Novel,0.0,-3.456574501566167,3.3975751523070503,0,No,20,2,1,0,0,0,0,0,0,1,0,0,1,2.76,3.98,1.54,2.44,3.0,4.0,10.5,1.09,33.4327016,0,0.3,0.7473886519118459
12AgCl-1,AgCl,2.3163774139398536,,3.581676721572876,Novel,0.013576931777909232,-0.42503982014093317,3.8215898782630626,0,Unknown,24,2,0,1,0,0,0,0,0,1,0,0,1,2.545,3.16,1.93,1.2300000000000002,4.0,5.0,14.0,1.22,71.6606,0,0.3,0.3121005055302254
8AgCl-2,AgCl,1.7454627480219624,,3.424832344055176,Novel,0.037721361347975435,-0.400895390570867,1.1179319403130004,0,No,16,2,0,1,0,0,0,0,0,1,0,0,1,2.545,3.16,1.93,1.2300000000000002,4.0,5.0,14.0,1.22,71.6606,0,0.295,0.3700540248241213
2BrFeWO4-1,FeWBrO4,1.070610238870188,,3.497370958328247,Novel,0.0,-1.6598386855084866,7.807778871093017,1,No,14,4,0,0,1,0,1,0,0,1,0,0,1,2.6475,3.44,1.83,1.6099999999999999,4.0,6.0,11.75,1.2275,83.8971,0,0.295,0.04750357212704941
1MnI2-3,MnI2,1.0477720780541973,,3.570726156234741,Novel,0.1347537563683255,-0.2847430709572176,3.6440930133658167,1,No,3,2,0,0,0,1,0,0,0,1,0,0,1,2.105,2.66,1.55,1.11,4.5,5.0,12.0,1.38,90.9212575,0,0.285,0.024444306786281567
2ClFHg-1,HgClF,2.5644899770807354,,4.115761280059815,Novel,0.0,-1.3864130126434115,6.408119319499899,0,No,6,3,1,1,0,0,0,0,0,1,0,0,1,3.046666666666667,3.98,2.0,1.98,3.6666666666666665,6.0,15.333333333333334,0.9733333333333333,85.01380106666666,0,0.285,0.08764225701742041
2CdNa2I4-1,Na2CdI4,2.871305113206905,,3.62979793548584,Novel,0.05410300994803409,-0.9565621630598685,5.196412179812059,0,No,14,3,0,0,0,1,0,0,0,1,1,0,1,1.76,2.66,0.93,1.73,4.333333333333333,5.0,10.0,1.5533333333333335,87.43507976000001,0,0.275,0.15412138053108854
2MoF2O2-1,Mo(OF)2,2.796521028929312,,4.338429927825928,Novel,0.0,-2.411994926407337,3.56363366996378,0,No,10,3,1,0,0,0,1,0,0,1,0,0,1,3.1933333333333334,3.98,2.16,1.8199999999999998,3.0,5.0,13.0,0.9333333333333332,43.645934399999994,0,0.275,0.1938682186186845
2CNaO3-1,NaCO3,0.8828915277125322,,3.439952850341797,Novel,0.05723549047861383,-1.4124079904689943,4.440338704929513,1,No,10,3,0,0,0,0,1,0,0,0,1,0,0,2.3066666666666666,3.44,0.93,2.51,2.3333333333333335,3.0,10.333333333333334,1.0166666666666666,16.999956426666667,0,0.27,0.8058512835976314
1AgBr3-1,AgBr3,1.1565793770786934,,3.681593656539917,Novel,0.03299966175735802,-0.1559817475408849,3.086041911789077,0,No,4,2,0,0,1,0,0,0,0,1,0,0,1,2.445,2.96,1.93,1.03,4.5,5.0,14.0,1.295,93.8861,0,0.27,0.05048498335243008
2PbSO4-1,PbSO4,3.6072611826424503,,5.613563060760498,Novel,0.07582153448834698,-1.3895449724900402,4.133324239603919,0,No,12,3,0,0,0,0,1,0,1,0,0,0,0,2.783333333333333,3.44,2.33,1.1099999999999999,3.6666666666666665,6.0,15.333333333333334,0.9666666666666667,85.08813333333333,0,0.27,0.1268042405988569
5SnCl2-1,SnCl2,3.2702067695876607,,3.6131551265716553,Novel,0.028766457580399772,-0.9831785774874063,3.843252004026704,0,No,15,2,0,1,0,0,0,0,0,1,0,0,0,2.56,3.16,1.96,1.2000000000000002,4.0,5.0,15.5,1.12,77.0815,0,0.265,0.369604101676686
3AgBr-4,AgBr,2.168928171108508,,3.488876819610596,Novel,0.04412790325174121,-0.30331878090471714,0.0017440772226828827,0,No,6,2,0,0,1,0,0,0,0,1,0,0,1,2.445,2.96,1.93,1.03,4.5,5.0,14.0,1.295,93.8861,0,0.265,0.13529014929151328
2AgSnCl3-1,AgSnCl3,2.5260832524398302,,3.70920729637146,Novel,0.0,-0.7838970368661655,3.194487026669062,0,No,10,3,0,1,0,0,0,0,0,1,0,0,1,2.35,3.16,1.93,1.2300000000000002,4.333333333333333,5.0,14.0,1.2966666666666666,87.34373333333333,0,0.265,0.12117472030923782
1GeF4-1,GeF4,4.207412287305751,,6.786840438842773,Novel,3.552713678800501e-16,-2.4409676822564625,3.460098912357555,0,No,5,2,1,0,0,0,0,0,0,1,0,0,0,2.995,3.98,2.01,1.9700000000000002,3.0,4.0,15.5,0.835,45.8192016,0,0.255,0.38077381066345173
2PbSeO4-1,PbSeO4,3.521108043209049,,5.08872652053833,Novel,0.09673872756197059,-0.8749406476262322,4.441202403609429,0,No,12,3,0,0,0,0,1,0,0,0,0,0,0,2.7733333333333334,3.44,2.33,1.1099999999999999,4.0,6.0,15.333333333333334,1.0166666666666668,100.71979999999998,0,0.245,0.10262198393160775
8ClCu-1,CuCl,2.58991125904432,,4.6435160636901855,Novel,0.04744528799658987,-0.4039429491216131,5.385314839781048,0,No,16,2,0,1,0,0,0,0,0,1,0,0,1,2.5300000000000002,3.16,1.9,1.2600000000000002,3.5,4.0,14.0,1.12,49.4995,0,0.245,0.23448965993831225
3ClCu-2,CuCl,1.573747536878055,,3.9667229652404794,Novel,0.027588677143352964,-0.42379955997485,4.300759860817221,0,No,6,2,0,1,0,0,0,0,0,1,0,0,1,2.5300000000000002,3.16,1.9,1.2600000000000002,3.5,4.0,14.0,1.12,49.4995,0,0.24,0.1738795023086292
2InF3-1,InF3,4.64901186477659,,6.621748924255371,Novel,0.026177318767827806,-2.600956552608645,2.660820759833734,0,No,8,2,1,0,0,0,0,0,0,1,0,0,0,2.88,3.98,1.78,2.2,3.5,5.0,15.0,0.99,66.9082016,0,0.235,0.5092489270324799
2BrFHg-2,HgBrF,2.0965289598433072,,3.676114082336426,Novel,0.032879540146126374,-1.0429189667783367,6.506150147216166,0,No,6,3,1,0,1,0,0,0,0,1,0,0,1,2.98,3.98,2.0,1.98,4.0,6.0,15.333333333333334,1.0233333333333332,99.83080106666667,0,0.23,0.06757760072352108
2BrFHg-1,HgBrF,1.780154196678991,,3.5578532218933105,Novel,0.0,-1.075798506924463,6.326467044920613,0,No,6,3,1,0,1,0,0,0,0,1,0,0,1,2.98,3.98,2.0,1.98,4.0,6.0,15.333333333333334,1.0233333333333332,99.83080106666667,0,0.23,0.07110432059760473
4BrClMn-1,MnBrCl,1.8509173603751772,,5.110124111175537,Novel,0.03455986963626856,-0.8867069380258498,4.921072810858685,1,No,12,3,0,1,1,0,0,0,0,1,0,0,1,2.5566666666666666,3.16,1.55,1.61,3.6666666666666665,4.0,13.666666666666666,1.1133333333333333,56.765015,0,0.23,0.1807992664490957
1BrClOZr-1,ZrBrClO,2.292635460299117,,3.521921157836914,Novel,0.04695000989819942,-2.229265018645366,3.6778130249963965,0,No,4,4,0,1,1,0,1,0,0,1,0,0,1,2.7225,3.44,1.33,2.11,3.5,5.0,13.5,1.0675,55.6451,0,0.225,0.5890008875983814
2NaC2H3S3-1,NaH3C2S3,1.9260813608485587,,3.697540283203125,Novel,0.08263960385596489,-0.2195962591427616,12.000984094300973,0,No,18,4,0,0,0,0,0,0,1,0,1,0,0,2.065,2.58,0.93,1.65,2.25,3.0,8.0,0.9949999999999999,17.018352319999998,0,0.22,0.0349375870230749
4CaTeS3-1,CaTeS3,2.234522937666326,,3.571208477020264,Novel,0.0908391581707301,-0.7801370712549129,5.018561110181958,0,Unknown,20,3,0,0,0,0,0,0,1,0,0,1,0,1.8933333333333333,2.58,1.0,1.58,4.0,5.0,11.333333333333334,1.3499999999999999,66.581,0,0.21,0.23188369670590156
2HgRb2I4-1,Rb2HgI4,2.337726214905123,,3.428102493286133,Novel,0.049075865181884434,-0.9802836829026594,5.865218613611834,0,No,14,3,0,0,0,1,0,0,0,1,1,0,1,1.8266666666666669,2.66,0.82,1.8400000000000003,5.333333333333333,6.0,10.0,1.8366666666666667,137.65409,0,0.21,0.03806794585254659
2HSeNa3S4-1,Na3HSeS4,2.061499917136434,,3.490243434906006,Novel,0.06752410655342277,-0.5685091106696029,8.49078037270345,0,No,18,4,0,0,0,0,0,0,1,0,1,0,0,2.065,2.58,0.93,1.65,2.75,4.0,8.5,1.085,33.75567732,0,0.21,0.049868038465709974
16AgCl-1,AgCl,1.7593416100984205,,3.4627931118011475,Novel,0.03360209311149864,-0.4050146588073438,6.464724726054574,0,Unknown,32,2,0,1,0,0,0,0,0,1,0,0,1,2.545,3.16,1.93,1.2300000000000002,4.0,5.0,14.0,1.22,71.6606,0,0.21,0.26303790849048214
2ZnBr2-1,ZnBr2,2.796881794315222,,3.9234564304351807,Novel,0.08472682783850709,-0.8390047015674131,5.740789335923526,0,No,6,2,0,0,1,0,0,0,0,1,0,0,1,2.3049999999999997,2.96,1.65,1.31,4.0,4.0,14.5,1.18,72.6565,0,0.205,0.09493873701081312
2KC2H3S3-1,KH3C2S3,2.3320889997244025,,3.52365779876709,Novel,0.07229294275379496,-0.26119431863033465,10.660929143901054,0,No,18,4,0,0,0,0,0,0,1,0,1,0,0,2.0375,2.58,0.82,1.7600000000000002,2.5,4.0,8.0,1.1275,21.045485,0,0.195,0.03717367841907471
2HgNa2Br4-1,Na2HgBr4,2.5065586652449503,,3.4845659732818604,Novel,0.05757077910875884,-1.0875753828101369,5.0864134945449955,0,No,14,3,0,0,1,0,0,0,0,1,1,0,1,1.9633333333333336,2.96,0.93,2.03,4.333333333333333,6.0,10.0,1.5166666666666666,101.16125642666667,0,0.19,0.3196233297235295
3CuI-3,CuI,1.8957330879409329,,3.447331666946411,Novel,0.06883368456736975,-0.09727218053410376,4.1382140715406495,0,No,6,2,0,0,0,1,0,0,0,1,0,0,1,2.2800000000000002,2.66,1.9,0.7600000000000002,4.5,5.0,14.0,1.2999999999999998,95.225235,0,0.18,0.01967176344892251
5CuI-1,CuI,1.695733897697174,,3.4570775032043457,Novel,0.024000669100311088,-0.14210519600116242,3.8424311424057143,0,No,10,2,0,0,0,1,0,0,0,1,0,0,1,2.2800000000000002,2.66,1.9,0.7600000000000002,4.5,5.0,14.0,1.2999999999999998,95.225235,0,0.175,0.028287145771464274
2ZnAs2I2O3-1,ZnAs2I2O3,2.0068010175040976,,3.412668228149414,Novel,0.05333675253405523,-0.9401447246342025,10.262636342334845,0,No,16,4,0,0,0,1,1,0,0,1,0,0,1,2.4825,3.44,1.65,1.79,3.75,5.0,15.0,1.0474999999999999,70.8086175,0,0.17,0.08206998198186456
6CuI-1,CuI,0.5738020822017278,,3.409384489059448,Novel,0.030498020973389977,-0.13560784412808355,5.116074662086771,0,No,12,2,0,0,0,1,0,0,0,1,0,0,1,2.2800000000000002,2.66,1.9,0.7600000000000002,4.5,5.0,14.0,1.2999999999999998,95.225235,0,0.17,0.022246566482614357
6CuI-3,CuI,1.2534427203600664,,3.430845260620117,Novel,0.06763270156817702,-0.09847316353329649,5.116166035230073,0,No,12,2,0,0,0,1,0,0,0,1,0,0,1,2.2800000000000002,2.66,1.9,0.7600000000000002,4.5,5.0,14.0,1.2999999999999998,95.225235,0,0.17,0.02224596187223003
3AgCl-3,AgCl,2.496559741287616,,3.932933807373047,Novel,0.01891050590596007,-0.41970624601288237,4.653556156158656,0,No,6,2,0,1,0,0,0,0,0,1,0,0,1,2.545,3.16,1.93,1.2300000000000002,4.0,5.0,14.0,1.22,71.6606,0,0.17,0.09007439919101742
4AgCl-3,AgCl,2.770335410798116,,4.179244041442871,Novel,0.025179981837149423,-0.413436770081693,4.662447064224794,0,No,8,2,0,1,0,0,0,0,0,1,0,0,1,2.545,3.16,1.93,1.2300000000000002,4.0,5.0,14.0,1.22,71.6606,0,0.17,0.10207340343862989
6CuI-2,CuI,1.9147691108817888,,3.461414098739624,Novel,0.06442721109825451,-0.101678654003219,4.143774637608314,0,No,12,2,0,0,0,1,0,0,0,1,0,0,1,2.2800000000000002,2.66,1.9,0.7600000000000002,4.5,5.0,14.0,1.2999999999999998,95.225235,0,0.17,0.029676083083893818
2CdCs2I4-1,Cs2CdI4,3.0958770096059007,,3.5859951972961426,Novel,0.0836012743125986,-1.1239202571278442,5.886919443659261,0,Unknown,14,3,0,0,0,1,0,0,0,1,1,0,1,1.7133333333333336,2.66,0.79,1.87,5.333333333333333,6.0,10.0,1.9133333333333333,124.07364063333334,0,0.165,0.043930459524103155
4AgCl-2,AgCl,2.6664045499180085,,4.059994220733643,Novel,0.022055086294180626,-0.4165616656246618,4.756608208388783,0,No,8,2,0,1,0,0,0,0,0,1,0,0,1,2.545,3.16,1.93,1.2300000000000002,4.0,5.0,14.0,1.22,71.6606,0,0.16,0.09947776626573497
2CoBr3-2,CoBr3,0.0267157649267004,,3.6863455772399902,Novel,0.1954017971500659,-0.21036372672710257,3.1756466308262272,1,No,8,2,0,0,1,0,0,0,0,1,0,0,1,2.42,2.96,1.88,1.08,4.0,4.0,13.0,1.23,69.4185975,0,0.155,0.06063402412226895
2SnTlCl3-1,TlSnCl3,2.687900669255879,,3.454776763916016,Novel,0.021453607754279604,-0.9953945614328319,5.946949913296554,0,No,10,3,0,1,0,0,0,0,0,1,0,0,0,2.2466666666666666,3.16,1.62,1.54,4.666666666666667,6.0,14.666666666666666,1.2666666666666666,119.51543333333332,0,0.15,0.22523167964588414
1ZnH2S2-1,Zn(HS)2,2.5326562198434623,,3.647793054580689,Novel,0.1564805076002534,-0.2836751924029848,5.106188252761728,0,Unknown,5,3,0,0,0,0,0,0,1,0,0,0,1,2.143333333333333,2.58,1.65,0.9300000000000002,2.6666666666666665,4.0,9.666666666666666,0.9433333333333334,32.827313333333336,0,0.145,0.03673064832849077
2InSnCl3-1,InSnCl3,2.540033769747774,,3.5476465225219727,Novel,0.015063736840579444,-0.9289086896499864,6.205821267109788,0,No,10,3,0,1,0,0,0,0,0,1,0,0,0,2.3000000000000003,3.16,1.78,1.3800000000000001,4.333333333333333,5.0,14.666666666666666,1.2666666666666666,89.66033333333333,0,0.145,0.1634121855607932
2PBr3-1,PBr3,2.2398930912395727,,3.542774200439453,Novel,0.05921985414098768,-0.26191435615827396,3.007635154066784,0,No,8,2,0,0,1,0,0,0,0,1,0,0,0,2.575,2.96,2.19,0.77,3.5,4.0,16.0,0.96,55.438880999999995,0,0.14,0.21105410436406777
2AgClNC3F4-1,AgC3NClF4,1.6164439739859473,,4.0390825271606445,Novel,0.08099799695649282,-0.9637772899297694,6.925373250882306,0,No,20,5,1,1,0,0,0,1,0,1,0,0,1,2.932,3.98,1.93,2.05,2.8,5.0,14.8,0.818,37.667400640000004,0,0.14,0.1298075352802459
1AsClGaIS2-1,GaAsS2ICl,1.995821374959444,,3.468770265579224,Novel,0.06520040763707395,-0.47922553140848184,3.299748362640969,0,No,6,5,0,1,0,1,0,0,1,1,0,0,0,2.478,3.16,1.81,1.35,3.8,5.0,15.6,1.0639999999999998,67.813414,0,0.13,0.10485800049071105
6ClTl-2,TlCl,2.6290247578802486,,3.636253595352173,Novel,0.08564068381095913,-0.9385621865551101,5.748116058468748,0,No,12,2,0,1,0,0,0,0,0,1,0,0,0,2.39,3.16,1.62,1.54,4.5,6.0,15.0,1.175,119.91815,0,0.12,0.3951752694891883
5ClTl-1,TlCl,3.049682882434345,,4.384632587432861,Novel,0.08507565503963228,-0.9391272153264371,4.974403835897188,0,No,10,2,0,1,0,0,0,0,0,1,0,0,0,2.39,3.16,1.62,1.54,4.5,6.0,15.0,1.175,119.91815,0,0.12,0.41793033600820617
1HgCl2N2C4H4-1,HgH4C4(NCl)2,2.523353404765554,,3.7043824195861816,Novel,0.1462067486267536,-0.15926380281339575,3.998794016992301,0,Unknown,13,5,0,1,0,0,0,1,0,1,0,0,1,2.59,3.16,2.0,1.1600000000000001,2.8,6.0,11.8,0.852,52.613668,0,0.11,0.09804798187432165
2SbCl3-1,SbCl3,2.6467294446383947,,4.0369954109191895,Novel,0.022984838211477232,-0.8655000001711839,3.0745097406915862,0,No,8,2,0,1,0,0,0,0,0,1,0,0,0,2.605,3.16,2.05,1.1100000000000003,4.0,5.0,16.0,1.06,78.60650000000001,0,0.09,0.26921714502827215
4FHgI-1,HgIF,1.6764167143103292,,3.5441019535064697,Novel,0.0,-0.996195093398735,6.297517233589713,0,No,12,3,1,0,0,1,0,0,0,1,0,0,1,2.8800000000000003,3.98,2.0,1.98,4.333333333333333,6.0,15.333333333333334,1.0933333333333333,115.49762439999999,0,0.09,0.07197753483229964
2CKO3-2,KCO3,1.0502219771487835,,3.79727554321289,Novel,0.03807641562648456,-1.4664940610398092,4.5219816246062,1,No,10,3,0,0,0,0,1,0,0,0,1,0,0,2.27,3.44,0.82,2.62,2.6666666666666665,4.0,10.333333333333334,1.1933333333333334,22.369466666666668,0,0.07,0.7155294662979996
2OSn-1,SnO,3.020261517193606,,3.460690975189209,Novel,0.021404246706370422,-1.2819977666915463,2.3548787244765563,0,No,4,2,0,0,0,0,1,0,0,0,0,0,0,2.7,3.44,1.96,1.48,3.5,5.0,15.0,0.965,67.3547,0,0.06,0.4301274701480756
1Al2S3-1,Al2S3,2.4296388356643384,,3.607585430145264,Novel,0.044064128731407234,-1.0265636062669672,5.583053029378511,0,No,5,2,0,0,0,0,0,0,1,0,0,0,0,2.095,2.58,1.61,0.97,3.0,3.0,14.5,1.03,29.5232693,0,0.06,0.06410481818757321
1Zn9Cl16-1,Zn9Cl16,2.364951882634644,,3.62956428527832,Novel,0.041015018243428326,-1.081222431965806,12.805376534744319,0,Unknown,25,2,0,1,0,0,0,0,0,1,0,0,1,2.4050000000000002,3.16,1.65,1.5100000000000002,3.5,4.0,14.5,1.105,50.431000000000004,0,0.055,0.10844981350960813
12ClTl-1,TlCl,2.9939228401369364,,3.8477046489715576,Novel,0.069374362678481,-0.9548285076875883,6.615903233916894,0,Unknown,24,2,0,1,0,0,0,0,0,1,0,0,0,2.39,3.16,1.62,1.54,4.5,6.0,15.0,1.175,119.91815,0,0.05,0.5390740204753017
3Mg3I4-1,Mg3I4,1.4883322599758992,,4.046304225921631,Novel,0.09994590679455229,-0.8271735129570053,13.940271351528011,0,Unknown,21,2,0,0,0,1,0,0,0,1,0,1,0,1.985,2.66,1.31,1.35,4.0,5.0,9.5,1.2999999999999998,75.604735,0,0.05,0.1987891128177819
8CdBr2-1,CdBr2,2.7534435119278364,,3.752681016921997,Novel,0.034258070067192094,-0.8686229009024103,7.141324174516859,0,Unknown,24,2,0,0,1,0,0,0,0,1,0,0,1,2.325,2.96,1.69,1.27,4.5,5.0,14.5,1.275,96.1575,0,0.04,0.11322765368189638
12AgBr-1,AgBr,2.51092417048818,,3.610288619995117,Novel,0.0246664513448287,-0.32278023281162965,4.623148901359622,0,Unknown,24,2,0,0,1,0,0,0,0,1,0,0,1,2.445,2.96,1.93,1.03,4.5,5.0,14.0,1.295,93.8861,0,0.03,0.12009599999378132
8AgBr-3,AgBr,2.5511454921165475,,3.5062851905822754,Novel,0.046765298762639296,-0.30068138539381906,6.282309922759182,0,No,16,2,0,0,1,0,0,0,0,1,0,0,1,2.445,2.96,1.93,1.03,4.5,5.0,14.0,1.295,93.8861,0,0.03,0.04477089782795058
