uid,fidelity,real,pred,abs_error,bias,uid_base
1AsITe-2_hse,1,0.8722104430198669,1.3893054723739624,0.5170950293540955,0.5170950293540955,1AsITe-2
2AgCl-2_pbe,0,1.5687289237976074,1.446256399154663,0.12247252464294434,-0.12247252464294434,2AgCl-2
1Mo2Nb2O11-1_pbe,0,2.260378360748291,2.474853038787842,0.21447467803955078,0.21447467803955078,1Mo2Nb2O11-1
2AuCl-2_hse,1,1.4768449068069458,2.829639196395874,1.3527942895889282,1.3527942895889282,2AuCl-2
2PPtSe3-1_pbe,0,0.41418856382369995,0.8506773114204407,0.4364887475967407,0.4364887475967407,2PPtSe3-1
2IInY-1_pbe,0,0.012262796983122826,0.1933530867099762,0.18109028972685337,0.18109028972685337,2IInY-1
1CuSbP2S6-1_pbe,0,1.6717311143875122,1.3037608861923218,0.36797022819519043,-0.36797022819519043,1CuSbP2S6-1
2ClIMn-1_pbe,0,1.5312010049819946,1.8623236417770386,0.33112263679504395,0.33112263679504395,2ClIMn-1
1CrIS-1_hse,1,1.4375216960906982,2.0825929641723633,0.645071268081665,0.645071268081665,1CrIS-1
2ClFMn-2_pbe,0,2.012241840362549,2.0895864963531494,0.07734465599060059,0.07734465599060059,2ClFMn-2
2Bi2S3-1_pbe,0,0.11988960206508636,0.3723067045211792,0.25241710245609283,0.25241710245609283,2Bi2S3-1
1FeZrCl6-1_pbe,0,1.0483407974243164,1.250353455543518,0.20201265811920166,0.20201265811920166,1FeZrCl6-1
1AgAuBr4-1_hse,1,1.7349315881729126,2.1636855602264404,0.42875397205352783,0.42875397205352783,1AgAuBr4-1
2HgI2-1_pbe,0,1.2464444637298584,1.7677732706069946,0.5213288068771362,0.5213288068771362,2HgI2-1
2GaS-1_pbe,0,2.3205461502075195,2.2819089889526367,0.03863716125488281,-0.03863716125488281,2GaS-1
2TiZrTe4-1_hse,1,0.7439839243888855,0.790707528591156,0.04672360420227051,0.04672360420227051,2TiZrTe4-1
2OsSe2-1_hse,1,1.3893073797225952,1.7639175653457642,0.37461018562316895,0.37461018562316895,2OsSe2-1
4AuClS-1_hse,1,2.3503317832946777,2.379462242126465,0.02913045883178711,0.02913045883178711,4AuClS-1
2ReBr3-1_pbe,0,0.13493037223815918,1.2974306344985962,1.162500262260437,1.162500262260437,2ReBr3-1
1SnI2-2_pbe,0,1.9258382320404053,1.5821149349212646,0.3437232971191406,-0.3437232971191406,1SnI2-2
1BiBrTe-1_hse,1,1.159358263015747,1.095100998878479,0.06425726413726807,-0.06425726413726807,1BiBrTe-1
1AuGaP2S6-1_pbe,0,0.7535372972488403,1.2448735237121582,0.49133622646331787,0.49133622646331787,1AuGaP2S6-1
2KTaBr6-1_hse,1,3.3848986625671387,3.480280876159668,0.0953822135925293,0.0953822135925293,2KTaBr6-1
2BaP2O6-1_hse,1,6.8789753913879395,7.032920837402344,0.1539454460144043,0.1539454460144043,2BaP2O6-1
1BiFS2O6-1_pbe,0,2.4964232444763184,3.0592236518859863,0.562800407409668,0.562800407409668,1BiFS2O6-1
2ZrI2S2-1_hse,1,2.5141327381134033,2.139934539794922,0.37419819831848145,-0.37419819831848145,2ZrI2S2-1
2LiRbS-1_pbe,0,1.2653511762619019,1.5052999258041382,0.23994874954223633,0.23994874954223633,2LiRbS-1
2CuFeI3-1_hse,1,2.994211196899414,1.1654645204544067,1.8287466764450073,-1.8287466764450073,2CuFeI3-1
1AgMnAu2I3Se3-1_hse,1,0.674460768699646,2.1448473930358887,1.4703866243362427,1.4703866243362427,1AgMnAu2I3Se3-1
2CuSnCl3-1_pbe,0,1.808646559715271,1.2210543155670166,0.5875922441482544,-0.5875922441482544,2CuSnCl3-1
1RuBr2-1_hse,1,2.5416250228881836,0.5534700155258179,1.9881550073623657,-1.9881550073623657,1RuBr2-1
1In2Se5-1_pbe,0,1.4865567684173584,0.9853386282920837,0.5012181401252747,-0.5012181401252747,1In2Se5-1
1ISSnAs2Ge2Se2Cl5-1_pbe,0,0.6680600643157959,0.9186550974845886,0.2505950331687927,0.2505950331687927,1ISSnAs2Ge2Se2Cl5-1
2Ag3I4-1_hse,1,2.2892391681671143,2.3947982788085938,0.10555911064147949,0.10555911064147949,2Ag3I4-1
1Al2Te5-1_pbe,0,1.2165586948394775,0.8876489996910095,0.328909695148468,-0.328909695148468,1Al2Te5-1
1NiRe2O8-1_pbe,0,1.5754539966583252,2.5748722553253174,0.9994182586669922,0.9994182586669922,1NiRe2O8-1
1CrMoF6-1_pbe,0,0.31345877051353455,1.4804590940475464,1.1670003235340118,1.1670003235340118,1CrMoF6-1
1GeCl2-1_hse,1,3.5858168601989746,3.922451972961426,0.33663511276245117,0.33663511276245117,1GeCl2-1
2ScBr3-1_hse,1,4.821896076202393,4.704733848571777,0.11716222763061523,-0.11716222763061523,2ScBr3-1
2HfMnBr4-1_pbe,0,0.44221732020378113,0.10875028371810913,0.333467036485672,-0.333467036485672,2HfMnBr4-1
1TeBi2S2-1_hse,1,0.5275559425354004,0.7960411906242371,0.26848524808883667,0.26848524808883667,1TeBi2S2-1
4AgBrHS-1_hse,1,0.47031182050704956,0.5827896595001221,0.11247783899307251,0.11247783899307251,4AgBrHS-1
2TaCl2Se2-1_hse,1,1.6467410326004028,2.0411577224731445,0.3944166898727417,0.3944166898727417,2TaCl2Se2-1
2BiCl3-4_hse,1,3.106431722640991,2.7297921180725098,0.37663960456848145,-0.37663960456848145,2BiCl3-4
1GaOsBr6-1_pbe,0,0.059534817934036255,0.6603730320930481,0.6008382141590118,0.6008382141590118,1GaOsBr6-1
1Ga2Mg2S5-1_pbe,0,1.2285720109939575,1.3565640449523926,0.12799203395843506,0.12799203395843506,1Ga2Mg2S5-1
2AsRhTe3-1_pbe,0,0.2618131935596466,0.02329235151410103,0.23852084204554558,-0.23852084204554558,2AsRhTe3-1
2NbBr2Te2-1_hse,1,1.2206792831420898,1.419371485710144,0.1986922025680542,0.1986922025680542,2NbBr2Te2-1
1Br2Cl3Mn5O6-1_hse,1,1.0015332698822021,1.151389479637146,0.14985620975494385,0.14985620975494385,1Br2Cl3Mn5O6-1
2ZrTe5-1_hse,1,0.14231474697589874,0.962110698223114,0.8197959512472153,0.8197959512472153,2ZrTe5-1
2AlS-3_pbe,0,1.927153468132019,2.427114248275757,0.4999607801437378,0.4999607801437378,2AlS-3
1ClZr2Br5-1_pbe,0,0.37147608399391174,0.5060500502586365,0.13457396626472473,0.13457396626472473,1ClZr2Br5-1
2WAs2O6-1_hse,1,3.137608528137207,3.7776854038238525,0.6400768756866455,0.6400768756866455,2WAs2O6-1
1CrSe2-1_hse,1,1.128434419631958,0.9741794466972351,0.1542549729347229,-0.1542549729347229,1CrSe2-1
6FK-1_pbe,0,5.179072856903076,5.259280681610107,0.08020782470703125,0.08020782470703125,6FK-1
1AsFS-1_pbe,0,2.1130120754241943,1.7989659309387207,0.31404614448547363,-0.31404614448547363,1AsFS-1
2Ga2Se3-2_pbe,0,0.4054284989833832,1.0441868305206299,0.6387583315372467,0.6387583315372467,2Ga2Se3-2
2AgI-2_pbe,0,1.8740187883377075,1.6048108339309692,0.2692079544067383,-0.2692079544067383,2AgI-2
2MoHg2O4-1_pbe,0,2.278425455093384,2.4198899269104004,0.1414644718170166,0.1414644718170166,2MoHg2O4-1
2CuMgI3-1_hse,1,4.017883777618408,4.099764347076416,0.08188056945800781,0.08188056945800781,2CuMgI3-1
2ZrS5-1_pbe,0,0.24634131789207458,0.7519049048423767,0.5055635869503021,0.5055635869503021,2ZrS5-1
1MoCr3S8-1_pbe,0,0.8989818692207336,0.7433722019195557,0.15560966730117798,-0.15560966730117798,1MoCr3S8-1
1AgInP2S6-1_hse,1,2.3653078079223633,2.0921294689178467,0.2731783390045166,-0.2731783390045166,1AgInP2S6-1
1ClSbSe-1_hse,1,1.8037234544754028,1.750862956047058,0.05286049842834473,-0.05286049842834473,1ClSbSe-1
2BrHfI-1_pbe,0,0.7326855063438416,0.5395293831825256,0.19315612316131592,-0.19315612316131592,2BrHfI-1
2BrCuSe2-1_pbe,0,0.8361377120018005,1.007210612297058,0.17107290029525757,0.17107290029525757,2BrCuSe2-1
2OTl2-2_pbe,0,1.4480805397033691,1.322694182395935,0.12538635730743408,-0.12538635730743408,2OTl2-2
4IInS-1_pbe,0,1.8753715753555298,1.8553062677383423,0.0200653076171875,-0.0200653076171875,4IInS-1
2YCl2Te2-1_pbe,0,0.9747668504714966,1.1294387578964233,0.15467190742492676,0.15467190742492676,2YCl2Te2-1
2AgBrCdSe-1_pbe,0,1.0800538063049316,1.4525567293167114,0.3725029230117798,0.3725029230117798,2AgBrCdSe-1
1ClHf2Ti2Br7-1_pbe,0,0.5289269685745239,0.5666199326515198,0.03769296407699585,0.03769296407699585,1ClHf2Ti2Br7-1
1CuInP2Se6-1_hse,1,2.050906181335449,1.7741211652755737,0.2767850160598755,-0.2767850160598755,1CuInP2Se6-1
1ClZr2Br5-1_hse,1,1.053249716758728,0.790192186832428,0.26305752992630005,-0.26305752992630005,1ClZr2Br5-1
4NaSbS2-1_hse,1,2.101515054702759,2.509039878845215,0.40752482414245605,0.40752482414245605,4NaSbS2-1
2CKO3-1_pbe,0,0.9872577786445618,1.0981369018554688,0.11087912321090698,0.11087912321090698,2CKO3-1
4BaClSbSe2-1_pbe,0,1.5839532613754272,1.5511596202850342,0.032793641090393066,-0.032793641090393066,4BaClSbSe2-1
6AsO2-1_pbe,0,0.3689318597316742,3.5088391304016113,3.139907270669937,3.139907270669937,6AsO2-1
2AuHgBr3-1_pbe,0,0.7819536924362183,1.0458546876907349,0.2639009952545166,0.2639009952545166,2AuHgBr3-1
4AsLiO2-1_pbe,0,4.006328582763672,3.6400279998779297,0.3663005828857422,-0.3663005828857422,4AsLiO2-1
2ClInS-2_hse,1,3.523175001144409,3.186983108520508,0.33619189262390137,-0.33619189262390137,2ClInS-2
2PbTe-2_hse,1,0.8645070195198059,0.9615879654884338,0.09708094596862793,0.09708094596862793,2PbTe-2
2PbBr2-2_pbe,0,2.238557815551758,1.7964509725570679,0.44210684299468994,-0.44210684299468994,2PbBr2-2
1BiCuSeTe-1_hse,1,0.33871108293533325,1.3273969888687134,0.9886859059333801,0.9886859059333801,1BiCuSeTe-1
2ScI2S2-1_hse,1,1.8678884506225586,2.358989715576172,0.4911012649536133,0.4911012649536133,2ScI2S2-1
2TeZnH2O4-1_pbe,0,3.9327168464660645,4.341855525970459,0.40913867950439453,0.40913867950439453,2TeZnH2O4-1
2Al2Se3-3_hse,1,2.033627986907959,1.8898297548294067,0.14379823207855225,-0.14379823207855225,2Al2Se3-3
4AuBrHO-1_pbe,0,0.07214470952749252,0.22909587621688843,0.1569511666893959,0.1569511666893959,4AuBrHO-1
2ClRhSe-2_hse,1,0.19457194209098816,0.13054104149341583,0.06403090059757233,-0.06403090059757233,2ClRhSe-2
4SiTe2-1_pbe,0,1.292757511138916,1.1559748649597168,0.13678264617919922,-0.13678264617919922,4SiTe2-1
1S3Pt4Se5-1_hse,1,1.8291127681732178,1.8817849159240723,0.05267214775085449,0.05267214775085449,1S3Pt4Se5-1
2As2S3-4_hse,1,3.246669292449951,3.169963836669922,0.0767054557800293,-0.0767054557800293,2As2S3-4
1HgI2-1_pbe,0,1.5404696464538574,1.581403374671936,0.04093372821807861,0.04093372821807861,1HgI2-1
2TlNi2S3-1_hse,1,1.4623723030090332,0.6681594252586365,0.7942128777503967,-0.7942128777503967,2TlNi2S3-1
2AuCdITe-1_hse,1,1.501220464706421,2.072307586669922,0.571087121963501,0.571087121963501,2AuCdITe-1
1HIOSr-1_hse,1,2.016108274459839,5.352798938751221,3.336690664291382,3.336690664291382,1HIOSr-1
2CKNS-1_pbe,0,4.187765121459961,3.422834634780884,0.7649304866790771,-0.7649304866790771,2CKNS-1
1GeLi2H6O6-1_hse,1,5.8211846351623535,5.862011909484863,0.040827274322509766,0.040827274322509766,1GeLi2H6O6-1
1Ag2Cl2Te3As4-1_pbe,0,1.3243807554244995,1.1107276678085327,0.2136530876159668,-0.2136530876159668,1Ag2Cl2Te3As4-1
2RhF3-2_pbe,0,1.4875049591064453,0.5527113080024719,0.9347936511039734,-0.9347936511039734,2RhF3-2
6ClCu-1_hse,1,2.321772813796997,3.3724918365478516,1.0507190227508545,1.0507190227508545,6ClCu-1
2HfS3-1_hse,1,2.1090176105499268,2.5578343868255615,0.44881677627563477,0.44881677627563477,2HfS3-1
1SnCl2-2_hse,1,3.5372068881988525,3.4568252563476562,0.08038163185119629,-0.08038163185119629,1SnCl2-2
1Ag2I2S3P4-1_pbe,0,1.472139835357666,1.6336251497268677,0.16148531436920166,0.16148531436920166,1Ag2I2S3P4-1
2ClFSr-1_hse,1,7.351129531860352,7.143439769744873,0.20768976211547852,-0.20768976211547852,2ClFSr-1
2GeTa2Te4-1_hse,1,0.4466521739959717,0.483419269323349,0.03676709532737732,0.03676709532737732,2GeTa2Te4-1
1AlCdInSe4-1_pbe,0,0.3010525703430176,0.5746310949325562,0.2735785245895386,0.2735785245895386,1AlCdInSe4-1
1Ta3I8-1_hse,1,0.6940606832504272,0.9513228535652161,0.2572621703147888,0.2572621703147888,1Ta3I8-1
2AlISe-2_hse,1,2.2394258975982666,2.0347752571105957,0.2046506404876709,-0.2046506404876709,2AlISe-2
1VGa2Te4-1_hse,1,0.5907734632492065,1.087117314338684,0.49634385108947754,0.49634385108947754,1VGa2Te4-1
1AlGaSe2-1_hse,1,2.7649996280670166,2.3838672637939453,0.3811323642730713,-0.3811323642730713,1AlGaSe2-1
1ClGeWI5-1_pbe,0,0.12970510125160217,0.5330808758735657,0.4033757746219635,0.4033757746219635,1ClGeWI5-1
2ZrI2S2-1_pbe,0,1.3858015537261963,1.2263511419296265,0.15945041179656982,-0.15945041179656982,2ZrI2S2-1
4ClCuS-1_pbe,0,0.8219799399375916,0.8266751170158386,0.00469517707824707,0.00469517707824707,4ClCuS-1
4AsClSrSe2-1_hse,1,2.3712620735168457,2.8288049697875977,0.45754289627075195,0.45754289627075195,4AsClSrSe2-1
1MnNbSe4-1_pbe,0,0.2110392302274704,0.19365695118904114,0.01738227903842926,-0.01738227903842926,1MnNbSe4-1
1BrISr-1_pbe,0,4.109461307525635,4.038258075714111,0.07120323181152344,-0.07120323181152344,1BrISr-1
2BrOY-1_pbe,0,3.491502046585083,3.7651984691619873,0.2736964225769043,0.2736964225769043,2BrOY-1
2SiZrTe4-1_pbe,0,0.5738062858581543,0.5283607840538025,0.04544550180435181,-0.04544550180435181,2SiZrTe4-1
2CPSnH3O3-1_hse,1,5.0488996505737305,5.00186014175415,0.04703950881958008,-0.04703950881958008,2CPSnH3O3-1
2PSbSe3-1_hse,1,1.4171262979507446,1.5236878395080566,0.10656154155731201,0.10656154155731201,2PSbSe3-1
6ILi-1_pbe,0,4.149570465087891,4.0688347816467285,0.08073568344116211,-0.08073568344116211,6ILi-1
2ClK-2_hse,1,6.135935306549072,6.165411472320557,0.029476165771484375,0.029476165771484375,2ClK-2
2CoI3-1_hse,1,1.8764992952346802,2.8759472370147705,0.9994479417800903,0.9994479417800903,2CoI3-1
1SrAg2F12-1_pbe,0,1.2950286865234375,1.150756597518921,0.1442720890045166,-0.1442720890045166,1SrAg2F12-1
1PbI2-1_hse,1,2.2996718883514404,1.9364672899246216,0.36320459842681885,-0.36320459842681885,1PbI2-1
1ClGaMnBr5-1_pbe,0,0.5352627635002136,0.3059835433959961,0.22927922010421753,-0.22927922010421753,1ClGaMnBr5-1
2SrF2S2H4-1_pbe,0,4.891420841217041,5.3437089920043945,0.4522881507873535,0.4522881507873535,2SrF2S2H4-1
1TiPd3Se8-1_hse,1,0.5131958723068237,0.6090976595878601,0.09590178728103638,0.09590178728103638,1TiPd3Se8-1
2SbF3-1_pbe,0,5.08728551864624,4.013021469116211,1.0742640495300293,-1.0742640495300293,2SbF3-1
4SVF3-1_hse,1,4.129167556762695,2.6598801612854004,1.469287395477295,-1.469287395477295,4SVF3-1
2AuCl-1_pbe,0,2.118299961090088,2.3157458305358887,0.19744586944580078,0.19744586944580078,2AuCl-1
1AgCuI2-1_pbe,0,1.9112024307250977,2.0802817344665527,0.16907930374145508,0.16907930374145508,1AgCuI2-1
2LiTaI6-1_pbe,0,0.9074890613555908,0.8781524300575256,0.029336631298065186,-0.029336631298065186,2LiTaI6-1
4ZnCl2-1_pbe,0,4.023880958557129,4.043837547302246,0.019956588745117188,0.019956588745117188,4ZnCl2-1
1BiHS2O6-1_pbe,0,2.4941599369049072,3.6465048789978027,1.1523449420928955,1.1523449420928955,1BiHS2O6-1
1MnI2-2_pbe,0,1.2239376306533813,1.2510267496109009,0.02708911895751953,0.02708911895751953,1MnI2-2
2FRe3S4-1_hse,1,2.3842830657958984,1.7839328050613403,0.6003502607345581,-0.6003502607345581,2FRe3S4-1
2AlCl3-1_hse,1,6.980368137359619,6.271897792816162,0.708470344543457,-0.708470344543457,2AlCl3-1
2AlTe-2_hse,1,2.598095655441284,2.451004981994629,0.14709067344665527,-0.14709067344665527,2AlTe-2
1BrSbTe-1_hse,1,1.6152169704437256,1.1961218118667603,0.41909515857696533,-0.41909515857696533,1BrSbTe-1
2BrCoI-1_hse,1,2.2142322063446045,2.200145721435547,0.014086484909057617,-0.014086484909057617,2BrCoI-1
2WCl3-2_pbe,0,0.48718592524528503,0.4388432204723358,0.04834270477294922,-0.04834270477294922,2WCl3-2
2ClSY-2_pbe,0,3.758514404296875,3.4958951473236084,0.2626192569732666,-0.2626192569732666,2ClSY-2
3ClNa-1_hse,1,6.282805442810059,6.418672561645508,0.13586711883544922,0.13586711883544922,3ClNa-1
6BrCu-1_pbe,0,1.974679708480835,1.8289438486099243,0.14573585987091064,-0.14573585987091064,6BrCu-1
2PdSeO3-2_hse,1,2.182095766067505,1.4866174459457397,0.6954783201217651,-0.6954783201217651,2PdSeO3-2
1BrGeHfISSe-1_pbe,0,0.7094923257827759,0.6828069686889648,0.026685357093811035,-0.026685357093811035,1BrGeHfISSe-1
2NaSCd2Br3O3-1_pbe,0,2.5270724296569824,2.616652488708496,0.08958005905151367,0.08958005905151367,2NaSCd2Br3O3-1
2CuSH2O5-1_pbe,0,0.4511226713657379,0.7033283710479736,0.2522056996822357,0.2522056996822357,2CuSH2O5-1
1AgCuBr2-1_hse,1,3.7993428707122803,3.9292140007019043,0.12987112998962402,0.12987112998962402,1AgCuBr2-1
2InI3-2_pbe,0,0.6570581197738647,1.7929357290267944,1.1358776092529297,1.1358776092529297,2InI3-2
2NiI2O6-1_pbe,0,0.5446231365203857,0.7279437780380249,0.18332064151763916,0.18332064151763916,2NiI2O6-1
2TeCu2-1_pbe,0,0.09466259926557541,0.14167365431785583,0.047011055052280426,0.047011055052280426,2TeCu2-1
1BrIS2V2-1_hse,1,0.6377583742141724,0.4647118151187897,0.1730465590953827,-0.1730465590953827,1BrIS2V2-1
2SnBr2-1_pbe,0,2.1011855602264404,1.8111978769302368,0.2899876832962036,-0.2899876832962036,2SnBr2-1
2CGePH3S3-1_hse,1,3.4992220401763916,3.267399549484253,0.23182249069213867,-0.23182249069213867,2CGePH3S3-1
1FSSb-1_pbe,0,1.8019148111343384,1.6383625268936157,0.16355228424072266,-0.16355228424072266,1FSSb-1
2ClIrSe-2_hse,1,2.235016345977783,2.100949764251709,0.13406658172607422,-0.13406658172607422,2ClIrSe-2
2AgClTe2-1_pbe,0,1.2913678884506226,1.0261253118515015,0.2652425765991211,-0.2652425765991211,2AgClTe2-1
4AlClSe-2_hse,1,4.991527080535889,4.76915979385376,0.2223672866821289,-0.2223672866821289,4AlClSe-2
2PdSeO3-1_hse,1,2.6630473136901855,2.0228664875030518,0.6401808261871338,-0.6401808261871338,2PdSeO3-1
1BrIrSe-1_pbe,0,1.259630799293518,1.1245239973068237,0.13510680198669434,-0.13510680198669434,1BrIrSe-1
2Al2S3-2_pbe,0,2.524919033050537,2.504721164703369,0.02019786834716797,-0.02019786834716797,2Al2S3-2
1HSbTe2O6-1_pbe,0,2.7975194454193115,2.9316821098327637,0.13416266441345215,0.13416266441345215,1HSbTe2O6-1
1HfZr3S8-1_pbe,0,1.153550386428833,1.1504813432693481,0.0030690431594848633,-0.0030690431594848633,1HfZr3S8-1
1BrHf2S2Cl3-1_pbe,0,2.2539491653442383,1.7465626001358032,0.5073865652084351,-0.5073865652084351,1BrHf2S2Cl3-1
2RhSe-3_hse,1,0.3374408185482025,0.18792879581451416,0.14951202273368835,-0.14951202273368835,2RhSe-3
1BrInMnS-1_hse,1,2.023494243621826,1.9283475875854492,0.09514665603637695,-0.09514665603637695,1BrInMnS-1
1CaCl2-3_pbe,0,5.530090808868408,5.749578952789307,0.21948814392089844,0.21948814392089844,1CaCl2-3
2MgPSe3-1_hse,1,2.964062213897705,2.618713617324829,0.345348596572876,-0.345348596572876,2MgPSe3-1
2AsBr3-1_hse,1,3.2996020317077637,3.565749168395996,0.2661471366882324,0.2661471366882324,2AsBr3-1
1ClIGe2O3-1_hse,1,1.9461915493011475,2.510667085647583,0.5644755363464355,0.5644755363464355,1ClIGe2O3-1
2PSnTl-1_hse,1,0.6249696612358093,1.3293277025222778,0.7043580412864685,0.7043580412864685,2PSnTl-1
2AgVI3-1_hse,1,3.10013484954834,2.8682286739349365,0.23190617561340332,-0.23190617561340332,2AgVI3-1
2GaGeS3-1_hse,1,2.33059024810791,2.2294564247131348,0.10113382339477539,-0.10113382339477539,2GaGeS3-1
2CrSnTe3-1_pbe,0,0.08550899475812912,0.19946369528770447,0.11395470052957535,0.11395470052957535,2CrSnTe3-1
2GeHPS3-1_pbe,0,2.4642117023468018,2.0714993476867676,0.3927123546600342,-0.3927123546600342,2GeHPS3-1
1Cl2Cu2Te3As4-1_pbe,0,0.8077139854431152,0.7780494093894958,0.029664576053619385,-0.029664576053619385,1Cl2Cu2Te3As4-1
2GaTe-1_pbe,0,1.2966556549072266,1.0875059366226196,0.20914971828460693,-0.20914971828460693,2GaTe-1
2Rh2S3-1_pbe,0,0.4400174617767334,0.3820481300354004,0.05796933174133301,-0.05796933174133301,2Rh2S3-1
2TaF2S2-1_pbe,0,1.4195579290390015,1.499512791633606,0.07995486259460449,0.07995486259460449,2TaF2S2-1
2AlGeTe3-1_pbe,0,0.9432953000068665,0.7915287613868713,0.15176653861999512,-0.15176653861999512,2AlGeTe3-1
2NiAs2I2O3-1_pbe,0,0.5943582653999329,0.5593237280845642,0.03503453731536865,-0.03503453731536865,2NiAs2I2O3-1
2AuHgITe-1_pbe,0,0.46897584199905396,0.577300488948822,0.10832464694976807,0.10832464694976807,2AuHgITe-1
2InF3-2_pbe,0,4.962830066680908,4.438652038574219,0.5241780281066895,-0.5241780281066895,2InF3-2
2HgRb2Cl4-1_pbe,0,3.3471357822418213,3.3090481758117676,0.03808760643005371,-0.03808760643005371,2HgRb2Cl4-1
2AgCdClS-1_pbe,0,1.2989197969436646,1.4188324213027954,0.11991262435913086,0.11991262435913086,2AgCdClS-1
2LiNH2-1_pbe,0,2.8054375648498535,3.0199379920959473,0.21450042724609375,0.21450042724609375,2LiNH2-1
1NbZrBr3I3-1_pbe,0,0.07263322919607162,0.7272108197212219,0.6545775905251503,0.6545775905251503,1NbZrBr3I3-1
2InTe-1_hse,1,1.811660885810852,1.3784493207931519,0.4332115650177002,-0.4332115650177002,2InTe-1
2AlAsS3-1_pbe,0,1.1391057968139648,1.3763296604156494,0.23722386360168457,0.23722386360168457,2AlAsS3-1
1BiFS2O6-1_hse,1,3.804722309112549,4.791863918304443,0.9871416091918945,0.9871416091918945,1BiFS2O6-1
2MgSeWO6-1_hse,1,5.090910911560059,5.445415496826172,0.3545045852661133,0.3545045852661133,2MgSeWO6-1
1P2Pd3S8-1_hse,1,2.8755855560302734,2.442336082458496,0.43324947357177734,-0.43324947357177734,1P2Pd3S8-1
2As2O3-4_pbe,0,3.7909908294677734,3.117753505706787,0.6732373237609863,-0.6732373237609863,2As2O3-4
1CuScAs2Se6-1_pbe,0,0.34641432762145996,0.6363072991371155,0.2898929715156555,0.2898929715156555,1CuScAs2Se6-1
2CuI-1_hse,1,3.3590495586395264,3.2029106616973877,0.15613889694213867,-0.15613889694213867,2CuI-1
1WCu2S4-1_pbe,0,1.5342814922332764,1.0300769805908203,0.504204511642456,-0.504204511642456,1WCu2S4-1
2PSbO4-1_pbe,0,4.374085903167725,4.206919193267822,0.16716670989990234,-0.16716670989990234,2PSbO4-1
1HgCl2-2_pbe,0,2.4678471088409424,2.736696243286133,0.26884913444519043,0.26884913444519043,1HgCl2-2
2BiCl3-5_pbe,0,2.43349289894104,2.1642096042633057,0.2692832946777344,-0.2692832946777344,2BiCl3-5
4NaSbO2-2_pbe,0,3.5220208168029785,3.613295078277588,0.09127426147460938,0.09127426147460938,4NaSbO2-2
2SeSn-1_pbe,0,0.922535240650177,1.1475812196731567,0.22504597902297974,0.22504597902297974,2SeSn-1
1Cu2I2S3Sb4-1_hse,1,2.2313880920410156,2.4021129608154297,0.17072486877441406,0.17072486877441406,1Cu2I2S3Sb4-1
1CoNaAs2Se6-1_pbe,0,0.34320151805877686,0.40490713715553284,0.06170561909675598,0.06170561909675598,1CoNaAs2Se6-1
1SBi2Se2-1_hse,1,0.8573883771896362,0.8912380337715149,0.03384965658187866,0.03384965658187866,1SBi2Se2-1
1BaSb2F12-1_hse,1,7.344033241271973,6.600363254547119,0.7436699867248535,-0.7436699867248535,1BaSb2F12-1
2AlSiTe-1_pbe,0,1.5061184167861938,1.211647629737854,0.29447078704833984,-0.29447078704833984,2AlSiTe-1
2BiHSe2-1_hse,1,0.9584229588508606,1.0375620126724243,0.07913905382156372,0.07913905382156372,2BiHSe2-1
1CoITe-1_pbe,0,0.4352128207683563,0.15112806856632233,0.284084752202034,-0.284084752202034,1CoITe-1
6AgCl-4_hse,1,3.7051005363464355,3.775667190551758,0.07056665420532227,0.07056665420532227,6AgCl-4
1WCu2S4-1_hse,1,2.9941112995147705,2.5158743858337402,0.4782369136810303,-0.4782369136810303,1WCu2S4-1
2IOTl-1_hse,1,0.8652815222740173,1.410234808921814,0.5449532866477966,0.5449532866477966,2IOTl-1
1BiFS-1_pbe,0,1.4474776983261108,1.387420415878296,0.06005728244781494,-0.06005728244781494,1BiFS-1
2CGePH3O3-1_hse,1,5.7440900802612305,5.340511798858643,0.4035782814025879,-0.4035782814025879,2CGePH3O3-1
4LiPS2-1_hse,1,2.289655923843384,2.6923065185546875,0.4026505947113037,0.4026505947113037,4LiPS2-1
1VTe2-1_pbe,0,0.21223761141300201,0.20886579155921936,0.003371819853782654,-0.003371819853782654,1VTe2-1
2HgF2-1_pbe,0,1.555330514907837,2.034691333770752,0.47936081886291504,0.47936081886291504,2HgF2-1
1CrW3Te8-1_hse,1,0.9367921352386475,1.1360529661178589,0.19926083087921143,0.19926083087921143,1CrW3Te8-1
1PtNa2H6O6-1_hse,1,4.67382287979126,4.709808826446533,0.03598594665527344,0.03598594665527344,1PtNa2H6O6-1
2CoHS2-1_pbe,0,0.3641049861907959,0.3447514474391937,0.019353538751602173,-0.019353538751602173,2CoHS2-1
1MnZrBr6-1_hse,1,3.5844011306762695,2.488898515701294,1.0955026149749756,-1.0955026149749756,1MnZrBr6-1
2ZrI2Te2-1_hse,1,1.6812793016433716,1.1683868169784546,0.512892484664917,-0.512892484664917,2ZrI2Te2-1
2AuKSe-1_hse,1,2.5411365032196045,2.51015567779541,0.030980825424194336,-0.030980825424194336,2AuKSe-1
4BrTeY-1_hse,1,1.1442595720291138,1.4731940031051636,0.3289344310760498,0.3289344310760498,4BrTeY-1
4FHgI-1_pbe,0,1.6764167547225952,2.0327329635620117,0.3563162088394165,0.3563162088394165,4FHgI-1
2AlGeS3-1_hse,1,2.9087188243865967,2.376215934753418,0.5325028896331787,-0.5325028896331787,2AlGeS3-1
1ZnCl2-1_pbe,0,4.213054656982422,4.370472431182861,0.15741777420043945,0.15741777420043945,1ZnCl2-1
2SZnH2O4-1_pbe,0,4.521038055419922,4.793777942657471,0.27273988723754883,0.27273988723754883,2SZnH2O4-1
3ITl-1_pbe,0,1.7371653318405151,1.9356123208999634,0.19844698905944824,0.19844698905944824,3ITl-1
2CrWS4-1_hse,1,1.4416861534118652,2.4692203998565674,1.0275342464447021,1.0275342464447021,2CrWS4-1
1GeS2-1_hse,1,2.433992385864258,1.4331167936325073,1.0008755922317505,-1.0008755922317505,1GeS2-1
1SnI2-1_pbe,0,1.836618423461914,1.7266885042190552,0.10992991924285889,-0.10992991924285889,1SnI2-1
1GeCl2-3_hse,1,2.1399786472320557,3.0238752365112305,0.8838965892791748,0.8838965892791748,1GeCl2-3
2PbTe-2_pbe,0,0.4340715706348419,0.6560930609703064,0.22202149033546448,0.22202149033546448,2PbTe-2
2MoZnO4-1_pbe,0,2.9151885509490967,2.4917426109313965,0.4234459400177002,-0.4234459400177002,2MoZnO4-1
1ZrLi2H6S6-1_pbe,0,2.712831735610962,2.750983953475952,0.038152217864990234,0.038152217864990234,1ZrLi2H6S6-1
2FInTe-1_hse,1,2.6468465328216553,2.674431800842285,0.027585268020629883,0.027585268020629883,2FInTe-1
2BrCdSbS2-1_pbe,0,1.2255750894546509,1.2707406282424927,0.0451655387878418,0.0451655387878418,2BrCdSbS2-1
2AuCl-1_hse,1,3.1612303256988525,3.7443437576293945,0.583113431930542,0.583113431930542,2AuCl-1
2FScSe-1_hse,1,2.1557648181915283,2.614668369293213,0.45890355110168457,0.45890355110168457,2FScSe-1
1Se2Bi3Sb3S7-1_pbe,0,0.29764291644096375,0.5218010544776917,0.2241581380367279,0.2241581380367279,1Se2Bi3Sb3S7-1
2BiBrTe-1_pbe,0,0.2246173769235611,0.4775151312351227,0.2528977543115616,0.2528977543115616,2BiBrTe-1
2AgHgI3-1_pbe,0,1.00846529006958,0.9304874539375305,0.07797783613204956,-0.07797783613204956,2AgHgI3-1
4ClSeTi-1_pbe,0,0.041782066226005554,0.3512512147426605,0.30946914851665497,0.30946914851665497,4ClSeTi-1
4AuCuSe-1_hse,1,1.6931133270263672,1.3076423406600952,0.385470986366272,-0.385470986366272,4AuCuSe-1
1CdF2O2Pb2-1_hse,1,4.073697090148926,4.105618000030518,0.0319209098815918,0.0319209098815918,1CdF2O2Pb2-1
2AlITe-2_hse,1,0.8696908354759216,2.519740581512451,1.6500497460365295,1.6500497460365295,2AlITe-2
2HInS2-1_pbe,0,1.8811395168304443,2.327467441558838,0.44632792472839355,0.44632792472839355,2HInS2-1
1BiBrS-2_pbe,0,1.1878769397735596,1.1102455854415894,0.07763135433197021,-0.07763135433197021,1BiBrS-2
1PCu3O4-1_pbe,0,1.2900574207305908,1.4545519351959229,0.16449451446533203,0.16449451446533203,1PCu3O4-1
1HfTi3S8-1_pbe,0,0.8581132292747498,0.570395827293396,0.28771740198135376,-0.28771740198135376,1HfTi3S8-1
2InPS3-1_pbe,0,0.8393070101737976,1.224552869796753,0.3852458596229553,0.3852458596229553,2InPS3-1
4AsClSrTe2-1_pbe,0,0.9561091661453247,1.0348323583602905,0.07872319221496582,0.07872319221496582,4AsClSrTe2-1
2PtI2-1_pbe,0,0.7835646867752075,0.4763146936893463,0.3072499930858612,-0.3072499930858612,2PtI2-1
2BrInS-2_hse,1,2.833834648132324,2.7562689781188965,0.07756567001342773,-0.07756567001342773,2BrInS-2
1CrMo3Se8-1_pbe,0,0.9514912366867065,0.7837576270103455,0.16773360967636108,-0.16773360967636108,1CrMo3Se8-1
2FRhS-1_pbe,0,0.9044821858406067,0.8022088408470154,0.10227334499359131,-0.10227334499359131,2FRhS-1
1Cl2Cu2S3P4-1_hse,1,3.1233229637145996,3.266122341156006,0.14279937744140625,0.14279937744140625,1Cl2Cu2S3P4-1
2HfI2Se2-1_hse,1,2.344964027404785,2.383639097213745,0.03867506980895996,0.03867506980895996,2HfI2Se2-1
3AgCl-3_pbe,0,2.4965598583221436,2.4682469367980957,0.02831292152404785,-0.02831292152404785,3AgCl-3
4ClLi-1_pbe,0,6.096560478210449,5.89724588394165,0.19931459426879883,-0.19931459426879883,4ClLi-1
4LiSbS2-1_pbe,0,1.8547375202178955,1.922950029373169,0.06821250915527344,0.06821250915527344,4LiSbS2-1
1AuVP2Se6-1_hse,1,1.7119898796081543,1.306418776512146,0.4055711030960083,-0.4055711030960083,1AuVP2Se6-1
1TeNb3F7-1_pbe,0,0.8119590282440186,0.700870931148529,0.1110880970954895,-0.1110880970954895,1TeNb3F7-1
2CdSH2O4-1_pbe,0,3.846464157104492,4.205399036407471,0.3589348793029785,0.3589348793029785,2CdSH2O4-1
2BrClZr-1_pbe,0,0.5930606722831726,0.6119264960289001,0.01886582374572754,0.01886582374572754,2BrClZr-1
2BrNZr-1_hse,1,2.7587313652038574,2.5347323417663574,0.2239990234375,-0.2239990234375,2BrNZr-1
2AsBiS3-2_pbe,0,1.3647373914718628,1.673144817352295,0.30840742588043213,0.30840742588043213,2AsBiS3-2
1Mo2Ta2O11-1_hse,1,4.348665237426758,4.439560413360596,0.09089517593383789,0.09089517593383789,1Mo2Ta2O11-1
2YCl3-3_pbe,0,4.419929027557373,4.44770622253418,0.02777719497680664,0.02777719497680664,2YCl3-3
2NiNb2S5-1_pbe,0,0.07760298252105713,0.11768878996372223,0.0400858074426651,0.0400858074426651,2NiNb2S5-1
2HfSnSe4-1_pbe,0,0.9462178945541382,0.5636093020439148,0.3826085925102234,-0.3826085925102234,2HfSnSe4-1
1CrMnTeI5-1_pbe,0,0.07805193215608597,0.07672733068466187,0.0013246014714241028,-0.0013246014714241028,1CrMnTeI5-1
2RbSHg2Br3O3-1_pbe,0,2.8635637760162354,2.7454748153686523,0.11808896064758301,-0.11808896064758301,2RbSHg2Br3O3-1
4SeO2-1_pbe,0,2.8223588466644287,1.9708539247512817,0.851504921913147,-0.851504921913147,4SeO2-1
1CaBr2-1_hse,1,6.286147117614746,5.650661945343018,0.6354851722717285,-0.6354851722717285,1CaBr2-1
1FeHfBr6-1_pbe,0,0.9381904006004333,1.1439253091812134,0.20573490858078003,0.20573490858078003,1FeHfBr6-1
1MoAg2Te4-1_pbe,0,0.3129030466079712,0.8378435969352722,0.524940550327301,0.524940550327301,1MoAg2Te4-1
2AuBrTe2-1_pbe,0,1.0133512020111084,0.9524669051170349,0.060884296894073486,-0.060884296894073486,2AuBrTe2-1
1HfPdCl6-1_pbe,0,0.8047332763671875,0.7970930337905884,0.007640242576599121,-0.007640242576599121,1HfPdCl6-1
1OSb2Te2-1_pbe,0,0.47857946157455444,0.6887860894203186,0.21020662784576416,0.21020662784576416,1OSb2Te2-1
4ClIPb-1_pbe,0,2.101102352142334,1.8293014764785767,0.2718008756637573,-0.2718008756637573,4ClIPb-1
2LiMnI3-1_hse,1,4.21034049987793,3.9624314308166504,0.2479090690612793,-0.2479090690612793,2LiMnI3-1
1SSeCr2I2-1_hse,1,1.2315598726272583,1.1756170988082886,0.05594277381896973,-0.05594277381896973,1SSeCr2I2-1
2HInTeO4-1_pbe,0,3.789323568344116,3.5731942653656006,0.21612930297851562,-0.21612930297851562,2HInTeO4-1
1SeAg2O4-1_hse,1,3.1211469173431396,3.1359481811523438,0.014801263809204102,0.014801263809204102,1SeAg2O4-1
1BiFS-1_hse,1,2.255408525466919,2.0650999546051025,0.1903085708618164,-0.1903085708618164,1BiFS-1
6ClRb-1_hse,1,5.9359660148620605,5.865216255187988,0.07074975967407227,-0.07074975967407227,6ClRb-1
1ISSeHf2Br3-1_pbe,0,0.5588756799697876,1.2962850332260132,0.7374093532562256,0.7374093532562256,1ISSeHf2Br3-1
2NbCl2Se2-1_pbe,0,1.0803234577178955,1.0022903680801392,0.07803308963775635,-0.07803308963775635,2NbCl2Se2-1
2CdS-1_pbe,0,1.7858198881149292,1.9074441194534302,0.12162423133850098,0.12162423133850098,2CdS-1
2MgTlI3-1_pbe,0,2.6521692276000977,1.896160364151001,0.7560088634490967,-0.7560088634490967,2MgTlI3-1
2AuNiI3-1_pbe,0,0.09760992228984833,0.19469140470027924,0.09708148241043091,0.09708148241043091,2AuNiI3-1
2ClGaTe-1_pbe,0,2.1626808643341064,2.0372653007507324,0.12541556358337402,-0.12541556358337402,2ClGaTe-1
4HgTe-1_hse,1,0.8990030288696289,0.31761619448661804,0.5813868343830109,-0.5813868343830109,4HgTe-1
1HfZrPd2I4S4-1_hse,1,1.9251443147659302,1.9971431493759155,0.07199883460998535,0.07199883460998535,1HfZrPd2I4S4-1
2BrHfI-1_hse,1,1.1497584581375122,1.04811692237854,0.10164153575897217,-0.10164153575897217,2BrHfI-1
1Ta3Br8-1_hse,1,0.821432888507843,1.049558162689209,0.22812527418136597,0.22812527418136597,1Ta3Br8-1
4AlClSe-1_hse,1,5.087424278259277,4.997744083404541,0.08968019485473633,-0.08968019485473633,4AlClSe-1
2HgPt2Se3-1_pbe,0,0.15275296568870544,0.3952185809612274,0.24246561527252197,0.24246561527252197,2HgPt2Se3-1
2AlClSe-4_pbe,0,1.4161230325698853,1.807060956954956,0.3909379243850708,0.3909379243850708,2AlClSe-4
1OVCl2-1_pbe,0,0.8055005073547363,0.9867294430732727,0.18122893571853638,0.18122893571853638,1OVCl2-1
4SVF3-1_pbe,0,2.0597822666168213,0.7860912084579468,1.2736910581588745,-1.2736910581588745,4SVF3-1
1ISbTe-2_pbe,0,1.0106334686279297,0.5740340352058411,0.4365994334220886,-0.4365994334220886,1ISbTe-2
1AsSb-1_pbe,0,1.2617899179458618,0.8466492891311646,0.41514062881469727,-0.41514062881469727,1AsSb-1
2ZrO3-1_hse,1,5.7596435546875,5.363725185394287,0.3959183692932129,-0.3959183692932129,2ZrO3-1
4AsPdS-1_hse,1,1.5013790130615234,1.5508495569229126,0.04947054386138916,0.04947054386138916,4AsPdS-1
2In2Cl3-1_hse,1,3.574146032333374,3.648077964782715,0.07393193244934082,0.07393193244934082,2In2Cl3-1
1HfNiBr6-1_pbe,0,1.355201005935669,0.8627249598503113,0.49247604608535767,-0.49247604608535767,1HfNiBr6-1
2GaSbO3-1_hse,1,4.9730329513549805,5.226326942443848,0.2532939910888672,0.2532939910888672,2GaSbO3-1
2PdBr2-1_hse,1,2.0124354362487793,1.7582155466079712,0.2542198896408081,-0.2542198896408081,2PdBr2-1
4CuFO-1_hse,1,2.2585697174072266,2.7930026054382324,0.5344328880310059,0.5344328880310059,4CuFO-1
1AgMoBr4-1_pbe,0,0.4434591233730316,0.5324054956436157,0.0889463722705841,0.0889463722705841,1AgMoBr4-1
2NiTe2-1_hse,1,1.7029218673706055,0.7415638566017151,0.9613580107688904,-0.9613580107688904,2NiTe2-1
2BiCuS2-1_hse,1,0.8958962559700012,0.33794835209846497,0.5579479038715363,-0.5579479038715363,2BiCuS2-1
2ZnBr2Sb2S3-1_pbe,0,1.4287724494934082,2.035155773162842,0.6063833236694336,0.6063833236694336,2ZnBr2Sb2S3-1
2HgRb2I4-1_pbe,0,2.33772611618042,2.6729578971862793,0.3352317810058594,0.3352317810058594,2HgRb2I4-1
1CdBr2-3_hse,1,3.373303174972534,3.2730178833007812,0.10028529167175293,-0.10028529167175293,1CdBr2-3
2HgPt2Te3-1_hse,1,0.2120872288942337,0.2673768103122711,0.055289581418037415,0.055289581418037415,2HgPt2Te3-1
1AgMnAu2I3Se3-1_pbe,0,0.149495929479599,0.9858675599098206,0.8363716304302216,0.8363716304302216,1AgMnAu2I3Se3-1
1ISbSe-1_hse,1,1.5291528701782227,1.544189691543579,0.015036821365356445,0.015036821365356445,1ISbSe-1
1SSeBi2Cl2-1_hse,1,1.5151782035827637,1.3469854593276978,0.16819274425506592,-0.16819274425506592,1SSeBi2Cl2-1
4LiSbO2-2_hse,1,4.469648838043213,4.342008590698242,0.1276402473449707,-0.1276402473449707,4LiSbO2-2
1SAg2O4-1_pbe,0,2.164461374282837,2.21388840675354,0.049427032470703125,0.049427032470703125,1SAg2O4-1
2AgF2-1_pbe,0,0.004376931115984917,0.2899717688560486,0.28559483774006367,0.28559483774006367,2AgF2-1
2InSiS3-1_pbe,0,1.8483957052230835,2.05029296875,0.2018972635269165,0.2018972635269165,2InSiS3-1
4In2Te3-1_pbe,0,0.9641402363777161,0.7690491080284119,0.1950911283493042,-0.1950911283493042,4In2Te3-1
3MnI2-2_hse,1,3.8386383056640625,3.011047840118408,0.8275904655456543,-0.8275904655456543,3MnI2-2
4AsLiO2-2_hse,1,5.391756534576416,5.226909160614014,0.16484737396240234,-0.16484737396240234,4AsLiO2-2
1BrISSn2-1_pbe,0,0.9141048192977905,1.1807695627212524,0.2666647434234619,0.2666647434234619,1BrISSn2-1
1SSeIn3Br5-1_pbe,0,1.9185724258422852,1.4852920770645142,0.433280348777771,-0.433280348777771,1SSeIn3Br5-1
2IInS-2_pbe,0,1.5393556356430054,1.1404987573623657,0.39885687828063965,-0.39885687828063965,2IInS-2
2CaCl2S2H4-1_hse,1,6.475373268127441,6.155083656311035,0.32028961181640625,-0.32028961181640625,2CaCl2S2H4-1
2MoWO4-1_hse,1,1.840100646018982,1.5571688413619995,0.2829318046569824,-0.2829318046569824,2MoWO4-1
2Sb2S3-1_pbe,0,1.8818752765655518,1.916319727897644,0.034444451332092285,0.034444451332092285,2Sb2S3-1
2LiMgI3-1_pbe,0,3.5646793842315674,3.9412412643432617,0.37656188011169434,0.37656188011169434,2LiMgI3-1
2Ag3I4-1_pbe,0,1.343796968460083,1.5265848636627197,0.18278789520263672,0.18278789520263672,2Ag3I4-1
1AgGeF6-1_hse,1,2.553025722503662,2.1974382400512695,0.3555874824523926,-0.3555874824523926,1AgGeF6-1
4Ga2Se3-1_pbe,0,1.7756147384643555,1.403903603553772,0.3717111349105835,-0.3717111349105835,4Ga2Se3-1
1Br2Cu2S3Sb4-1_hse,1,2.6761555671691895,2.3313913345336914,0.34476423263549805,-0.34476423263549805,1Br2Cu2S3Sb4-1
1BiClTe-1_pbe,0,0.5994997620582581,0.7286067605018616,0.12910699844360352,0.12910699844360352,1BiClTe-1
2BrClSn-1_pbe,0,2.3030807971954346,2.151585102081299,0.15149569511413574,-0.15149569511413574,2BrClSn-1
2ClTa2Te6-1_hse,1,1.1360793113708496,0.9295670390129089,0.20651227235794067,-0.20651227235794067,2ClTa2Te6-1
2OSn-1_pbe,0,3.020261526107788,2.508725643157959,0.5115358829498291,-0.5115358829498291,2OSn-1
2CHRbO3-1_hse,1,6.135748386383057,5.953510761260986,0.1822376251220703,-0.1822376251220703,2CHRbO3-1
2ISeY-1_hse,1,3.753178358078003,3.6735143661499023,0.07966399192810059,-0.07966399192810059,2ISeY-1
2AgI-1_hse,1,2.7818496227264404,2.5547115802764893,0.22713804244995117,-0.22713804244995117,2AgI-1
1TeBi2Se2-1_pbe,0,0.11061620712280273,0.2681718170642853,0.15755560994148254,0.15755560994148254,1TeBi2Se2-1
2Ga2Te3-2_pbe,0,0.35855966806411743,0.382878839969635,0.024319171905517578,0.024319171905517578,2Ga2Te3-2
1BiFSe-1_pbe,0,1.2578833103179932,1.0496158599853516,0.2082674503326416,-0.2082674503326416,1BiFSe-1
1MgNa2Te2H4S8-1_pbe,0,2.3394172191619873,2.130546808242798,0.20887041091918945,-0.20887041091918945,1MgNa2Te2H4S8-1
1AgBrPdCl5-1_hse,1,1.1323696374893188,2.1604995727539062,1.0281299352645874,1.0281299352645874,1AgBrPdCl5-1
2KSHg2Cl3O3-1_pbe,0,3.268259048461914,3.1389598846435547,0.12929916381835938,-0.12929916381835938,2KSHg2Cl3O3-1
1SSeI2Sb2-1_pbe,0,1.1350291967391968,0.40130361914634705,0.7337255775928497,-0.7337255775928497,1SSeI2Sb2-1
2KSCd2I3O3-1_pbe,0,2.2844655513763428,2.239434003829956,0.04503154754638672,-0.04503154754638672,2KSCd2I3O3-1
1Ag2I2S3Sb4-1_hse,1,2.1666316986083984,2.558967113494873,0.3923354148864746,0.3923354148864746,1Ag2I2S3Sb4-1
1WCr3Se8-1_pbe,0,0.6770262718200684,0.7299409508705139,0.05291467905044556,0.05291467905044556,1WCr3Se8-1
2BiBrS-1_hse,1,1.6210854053497314,1.4894764423370361,0.1316089630126953,-0.1316089630126953,2BiBrS-1
2HgNa2I4-1_hse,1,2.857287883758545,2.863858222961426,0.006570339202880859,0.006570339202880859,2HgNa2I4-1
2AsCrS3-1_pbe,0,0.7975380420684814,0.8153048157691956,0.01776677370071411,0.01776677370071411,2AsCrS3-1
1Ag2I2Te3P4-1_pbe,0,1.0152255296707153,1.0623968839645386,0.04717135429382324,0.04717135429382324,1Ag2I2Te3P4-1
1CuSbAs2Se6-1_pbe,0,0.5094599723815918,0.6782326102256775,0.1687726378440857,0.1687726378440857,1CuSbAs2Se6-1
2YCl3-1_hse,1,6.725866317749023,6.457761764526367,0.26810455322265625,-0.26810455322265625,2YCl3-1
4BrInTe-1_hse,1,2.763878583908081,2.3637027740478516,0.4001758098602295,-0.4001758098602295,4BrInTe-1
2FGePS3-1_pbe,0,2.508410930633545,2.0679128170013428,0.44049811363220215,-0.44049811363220215,2FGePS3-1
4CuITe-1_hse,1,1.0973095893859863,1.2811650037765503,0.18385541439056396,0.18385541439056396,4CuITe-1
1CaSn3Br4S4-1_pbe,0,0.7116596102714539,1.463901162147522,0.7522415518760681,0.7522415518760681,1CaSn3Br4S4-1
2TlPt2S3-1_hse,1,2.073613405227661,2.325664520263672,0.25205111503601074,0.25205111503601074,2TlPt2S3-1
1HfPdBr6-1_hse,1,2.002605676651001,2.2624478340148926,0.2598421573638916,0.2598421573638916,1HfPdBr6-1
1VAl2Se4-1_hse,1,1.1972814798355103,0.8406214118003845,0.35666006803512573,-0.35666006803512573,1VAl2Se4-1
2AsCoTe3-1_pbe,0,0.015322580933570862,0.15177090466022491,0.13644832372665405,0.13644832372665405,2AsCoTe3-1
2GeTa2Se4-1_hse,1,0.1967756748199463,0.5181794762611389,0.3214038014411926,0.3214038014411926,2GeTa2Se4-1
2BaBrH-1_pbe,0,3.6771867275238037,3.4132280349731445,0.2639586925506592,-0.2639586925506592,2BaBrH-1
1BiI3-1_pbe,0,1.0008918046951294,1.3105227947235107,0.30963099002838135,0.30963099002838135,1BiI3-1
4BrTeTi-1_hse,1,0.5985122323036194,0.6947059035301208,0.09619367122650146,0.09619367122650146,4BrTeTi-1
12HgSe-1_pbe,0,0.5939956307411194,0.02923024818301201,0.5647653825581074,-0.5647653825581074,12HgSe-1
2InSnTe-1_pbe,0,0.011059468612074852,0.6401918530464172,0.6291323844343424,0.6291323844343424,2InSnTe-1
1MgLi2S2H4O8-1_pbe,0,4.729470252990723,4.784388065338135,0.05491781234741211,0.05491781234741211,1MgLi2S2H4O8-1
2BrCrS-1_hse,1,2.022873640060425,2.2758116722106934,0.25293803215026855,0.25293803215026855,2BrCrS-1
1SiSe2-2_hse,1,1.072199821472168,1.6996842622756958,0.6274844408035278,0.6274844408035278,1SiSe2-2
1Cl2Cu2Se3P4-1_pbe,0,1.0122464895248413,1.020603060722351,0.008356571197509766,0.008356571197509766,1Cl2Cu2Se3P4-1
2PRuS3-1_pbe,0,0.32608652114868164,0.5723415613174438,0.2462550401687622,0.2462550401687622,2PRuS3-1
2CaPb2F6-1_pbe,0,4.18842077255249,3.5347402095794678,0.6536805629730225,-0.6536805629730225,2CaPb2F6-1
1CHf2O2-1_hse,1,1.6809817552566528,1.3517152070999146,0.3292665481567383,-0.3292665481567383,1CHf2O2-1
2Sb2O3-1_pbe,0,3.5279455184936523,3.1503124237060547,0.37763309478759766,-0.37763309478759766,2Sb2O3-1
1MnZrBr6-1_pbe,0,1.6431355476379395,0.7140263319015503,0.9291092157363892,-0.9291092157363892,1MnZrBr6-1
1Cl2Ge2O3-1_hse,1,4.46162748336792,4.738549709320068,0.27692222595214844,0.27692222595214844,1Cl2Ge2O3-1
4AsLiS2-1_pbe,0,1.25046968460083,1.107972264289856,0.14249742031097412,-0.14249742031097412,4AsLiS2-1
1BrClHfZrN2-1_pbe,0,1.9296374320983887,2.0870308876037598,0.1573934555053711,0.1573934555053711,1BrClHfZrN2-1
4ClGaTe-1_hse,1,2.889765739440918,3.091701030731201,0.2019352912902832,0.2019352912902832,4ClGaTe-1
1GeS2-1_pbe,0,1.3444942235946655,0.47576066851615906,0.8687335550785065,-0.8687335550785065,1GeS2-1
1ClBr3Hf4N4-1_hse,1,3.314692735671997,3.209298610687256,0.10539412498474121,-0.10539412498474121,1ClBr3Hf4N4-1
4IrS2-1_pbe,0,0.6924461722373962,0.6654958128929138,0.026950359344482422,-0.026950359344482422,4IrS2-1
4SeSrO3-1_hse,1,6.00082540512085,5.8717217445373535,0.1291036605834961,-0.1291036605834961,4SeSrO3-1
2BrCsF4-1_pbe,0,3.56057071685791,3.520040512084961,0.04053020477294922,-0.04053020477294922,2BrCsF4-1
3AgCl-1_hse,1,3.209367275238037,3.5480523109436035,0.3386850357055664,0.3386850357055664,3AgCl-1
4InCl2-1_pbe,0,2.3924458026885986,2.583791971206665,0.1913461685180664,0.1913461685180664,4InCl2-1
1CdIn2Se4-1_pbe,0,0.1791505068540573,0.5578545928001404,0.37870408594608307,0.37870408594608307,1CdIn2Se4-1
2GaGeSe-1_hse,1,0.9213873147964478,1.771196961402893,0.8498096466064453,0.8498096466064453,2GaGeSe-1
4AsSnTe-1_pbe,0,1.2801058292388916,0.8713060021400452,0.40879982709884644,-0.40879982709884644,4AsSnTe-1
6BrLi-1_pbe,0,4.720568656921387,4.8534464836120605,0.13287782669067383,0.13287782669067383,6BrLi-1
2BrLi-1_pbe,0,5.339108467102051,4.977512836456299,0.36159563064575195,-0.36159563064575195,2BrLi-1
2IKCl4-1_hse,1,3.5713791847229004,3.7651455402374268,0.19376635551452637,0.19376635551452637,2IKCl4-1
1ISbSe-1_pbe,0,1.0117900371551514,0.8741917610168457,0.13759827613830566,-0.13759827613830566,1ISbSe-1
1SeNb3Cl7-1_pbe,0,0.830715537071228,0.6930872797966003,0.13762825727462769,-0.13762825727462769,1SeNb3Cl7-1
1GeZnBr2Se2-1_hse,1,1.5005396604537964,2.147014617919922,0.6464749574661255,0.6464749574661255,1GeZnBr2Se2-1
2SrPb2Cl6-1_hse,1,4.086767196655273,3.9231910705566406,0.1635761260986328,-0.1635761260986328,2SrPb2Cl6-1
2CaHI-1_pbe,0,3.6284093856811523,3.7371888160705566,0.1087794303894043,0.1087794303894043,2CaHI-1
2PRhTe3-1_pbe,0,0.10838799923658371,0.07881195843219757,0.02957604080438614,-0.02957604080438614,2PRhTe3-1
4PSeSi-1_pbe,0,1.9917033910751343,2.062187433242798,0.07048404216766357,0.07048404216766357,4PSeSi-1
2CuFSe2-1_hse,1,2.2701616287231445,1.988721489906311,0.2814401388168335,-0.2814401388168335,2CuFSe2-1
2HgK2I4-1_pbe,0,2.279118537902832,2.283085584640503,0.0039670467376708984,0.0039670467376708984,2HgK2I4-1
1Tl4Se5-1_hse,1,1.8086137771606445,1.3492531776428223,0.45936059951782227,-0.45936059951782227,1Tl4Se5-1
1CdF2O2Sn2-1_pbe,0,2.6925971508026123,2.631516456604004,0.0610806941986084,-0.0610806941986084,1CdF2O2Sn2-1
1PbCl2-2_pbe,0,2.7754085063934326,2.6388182640075684,0.13659024238586426,-0.13659024238586426,1PbCl2-2
4AsSSi-1_hse,1,3.2535998821258545,3.133815288543701,0.11978459358215332,-0.11978459358215332,4AsSSi-1
2HKSe-1_hse,1,3.864920139312744,4.214391231536865,0.3494710922241211,0.3494710922241211,2HKSe-1
2FInO-1_pbe,0,2.2359795570373535,2.1857941150665283,0.050185441970825195,-0.050185441970825195,2FInO-1
1CdI2S2Sn2-1_pbe,0,1.905714511871338,2.048048973083496,0.1423344612121582,0.1423344612121582,1CdI2S2Sn2-1
1BiIS-1_pbe,0,0.7774807810783386,1.1106034517288208,0.3331226706504822,0.3331226706504822,1BiIS-1
2SeCu2-1_pbe,0,0.14617033302783966,0.3436950147151947,0.19752468168735504,0.19752468168735504,2SeCu2-1
2WI3-2_pbe,0,0.7053828239440918,0.4450439512729645,0.2603388726711273,-0.2603388726711273,2WI3-2
2AlS-1_hse,1,2.8805952072143555,3.092644691467285,0.2120494842529297,0.2120494842529297,2AlS-1
3Tl2Se3-1_pbe,0,1.0756540298461914,0.7406827211380005,0.3349713087081909,-0.3349713087081909,3Tl2Se3-1
2NRbRuSCl5-1_hse,1,1.323936104774475,1.3941580057144165,0.0702219009399414,0.0702219009399414,2NRbRuSCl5-1
1SnSe2-1_pbe,0,0.7621676325798035,0.8503869771957397,0.08821934461593628,0.08821934461593628,1SnSe2-1
1FeI2-3_pbe,0,0.14379242062568665,0.2945185899734497,0.15072616934776306,0.15072616934776306,1FeI2-3
1CCl2Sc2-1_hse,1,1.906841516494751,2.3683176040649414,0.46147608757019043,0.46147608757019043,1CCl2Sc2-1
1Al2Mg2Te5-1_hse,1,1.209463119506836,1.0362098217010498,0.17325329780578613,-0.17325329780578613,1Al2Mg2Te5-1
2GaIS-3_pbe,0,0.8326559662818909,0.6795091032981873,0.1531468629837036,-0.1531468629837036,2GaIS-3
2HfCl2Se2-1_pbe,0,1.6230931282043457,0.8872560262680054,0.7358371019363403,-0.7358371019363403,2HfCl2Se2-1
2CsNaSe-1_pbe,0,1.3720239400863647,1.5097882747650146,0.1377643346786499,0.1377643346786499,2CsNaSe-1
1FeHfI6-1_hse,1,2.7948741912841797,2.520174980163574,0.27469921112060547,-0.27469921112060547,1FeHfI6-1
2CCsO3-1_pbe,0,1.047886610031128,1.1652957201004028,0.1174091100692749,0.1174091100692749,2CCsO3-1
1IS2Se2Br3In4-1_pbe,0,1.5496219396591187,1.0814077854156494,0.46821415424346924,-0.46821415424346924,1IS2Se2Br3In4-1
2INb2Se6-1_hse,1,1.0329495668411255,1.0324299335479736,0.0005196332931518555,-0.0005196332931518555,2INb2Se6-1
2BrIPb-1_pbe,0,1.7491146326065063,1.648704171180725,0.10041046142578125,-0.10041046142578125,2BrIPb-1
2AlBr3-2_pbe,0,3.549924850463867,3.6235311031341553,0.07360625267028809,0.07360625267028809,2AlBr3-2
2CdPSe3-1_pbe,0,1.2709516286849976,1.2613255977630615,0.009626030921936035,-0.009626030921936035,2CdPSe3-1
2ScBr2S2-1_pbe,0,1.5331895351409912,1.420436978340149,0.11275255680084229,-0.11275255680084229,2ScBr2S2-1
2ClIZr-1_hse,1,0.9967231154441833,0.8349301218986511,0.16179299354553223,-0.16179299354553223,2ClIZr-1
2AgBr-5_pbe,0,2.1187849044799805,1.9299603700637817,0.18882453441619873,-0.18882453441619873,2AgBr-5
2GaPTe3-1_pbe,0,0.28548261523246765,0.420711487531662,0.13522887229919434,0.13522887229919434,2GaPTe3-1
2OsCl4-1_hse,1,1.0099430084228516,0.073735311627388,0.9362076967954636,-0.9362076967954636,2OsCl4-1
1CH2Sc2-1_hse,1,2.0089948177337646,2.2144503593444824,0.20545554161071777,0.20545554161071777,1CH2Sc2-1
2GaGeSe-1_pbe,0,0.38959673047065735,1.151910424232483,0.7623136937618256,0.7623136937618256,2GaGeSe-1
4AsBaClTe2-1_pbe,0,0.9256540536880493,0.9999379515647888,0.0742838978767395,0.0742838978767395,4AsBaClTe2-1
2NbOCl2-1_hse,1,1.9514925479888916,1.9791747331619263,0.027682185173034668,0.027682185173034668,2NbOCl2-1
2KSeHg2Br3O3-1_pbe,0,2.3580174446105957,2.3528523445129395,0.00516510009765625,-0.00516510009765625,2KSeHg2Br3O3-1
1AsISe-1_pbe,0,1.1511183977127075,0.8271997570991516,0.3239186406135559,-0.3239186406135559,1AsISe-1
2CrPS4-1_hse,1,2.403926134109497,1.9886044263839722,0.4153217077255249,-0.4153217077255249,2CrPS4-1
1BiHTe2S6-1_pbe,0,1.3421916961669922,1.360935091972351,0.018743395805358887,0.018743395805358887,1BiHTe2S6-1
2CoSbSe3-1_hse,1,0.02162698470056057,0.7432525753974915,0.7216255906969309,0.7216255906969309,2CoSbSe3-1
2HfIN-1_hse,1,2.66399884223938,2.250340461730957,0.41365838050842285,-0.41365838050842285,2HfIN-1
1CuGeF6-1_pbe,0,0.42285194993019104,0.15479151904582977,0.26806043088436127,-0.26806043088436127,1CuGeF6-1
4AgSeO3-1_pbe,0,0.12075468897819519,0.35780543088912964,0.23705074191093445,0.23705074191093445,4AgSeO3-1
2BiIn-1_pbe,0,0.03717174381017685,0.07812613248825073,0.04095438867807388,0.04095438867807388,2BiIn-1
1PbCl2-3_hse,1,2.793997287750244,2.772429943084717,0.021567344665527344,-0.021567344665527344,1PbCl2-3
2BrCaH-1_hse,1,5.531185626983643,5.464326858520508,0.06685876846313477,-0.06685876846313477,2BrCaH-1
1CaAu2F12-1_pbe,0,1.5664269924163818,1.4741644859313965,0.09226250648498535,-0.09226250648498535,1CaAu2F12-1
4BaBiFSe2-1_pbe,0,0.9029976725578308,0.6731074452400208,0.22989022731781006,-0.22989022731781006,4BaBiFSe2-1
2AlITe-2_pbe,0,0.3894740343093872,1.7771613597869873,1.3876873254776,1.3876873254776,2AlITe-2
2HLiS-1_pbe,0,3.968592405319214,3.6198859214782715,0.3487064838409424,-0.3487064838409424,2HLiS-1
2P2O3-4_pbe,0,4.234427452087402,4.029201984405518,0.20522546768188477,-0.20522546768188477,2P2O3-4
1AuInSI2-1_pbe,0,0.9903712272644043,1.401185154914856,0.41081392765045166,0.41081392765045166,1AuInSI2-1
2H2Si2O5-1_pbe,0,5.470510959625244,4.227981090545654,1.2425298690795898,-1.2425298690795898,2H2Si2O5-1
1ClSbTe-1_hse,1,1.866078495979309,1.3552868366241455,0.5107916593551636,-0.5107916593551636,1ClSbTe-1
2RuSe2-1_hse,1,1.595236897468567,1.9935201406478882,0.3982832431793213,0.3982832431793213,2RuSe2-1
1AuClOWI3-1_pbe,0,0.10615478456020355,0.3778131902217865,0.27165840566158295,0.27165840566158295,1AuClOWI3-1
1AgCrP2S6-1_pbe,0,1.0098532438278198,0.9801283478736877,0.02972489595413208,-0.02972489595413208,1AgCrP2S6-1
2BrGaS-1_hse,1,3.2843446731567383,3.7611210346221924,0.4767763614654541,0.4767763614654541,2BrGaS-1
2GaInS3-1_hse,1,2.8306660652160645,2.321422576904297,0.5092434883117676,-0.5092434883117676,2GaInS3-1
1BaBrI-1_pbe,0,4.136566162109375,3.920553684234619,0.21601247787475586,-0.21601247787475586,1BaBrI-1
2LiTaI6-1_hse,1,1.9616256952285767,1.8573634624481201,0.10426223278045654,-0.10426223278045654,2LiTaI6-1
2FGePO3-1_hse,1,5.826801776885986,6.03305721282959,0.20625543594360352,0.20625543594360352,2FGePO3-1
1CaCl2-1_hse,1,7.440699100494385,6.524722576141357,0.9159765243530273,-0.9159765243530273,1CaCl2-1
1FeHfH6-1_pbe,0,1.7406452894210815,0.44497260451316833,1.2956726849079132,-1.2956726849079132,1FeHfH6-1
1CdI2O2Pb2-1_hse,1,3.104111909866333,2.6890835762023926,0.41502833366394043,-0.41502833366394043,1CdI2O2Pb2-1
4CuITe-1_pbe,0,0.5644887089729309,0.628223180770874,0.06373447179794312,0.06373447179794312,4CuITe-1
1YBr2-1_hse,1,0.9011866450309753,0.6365631818771362,0.2646234631538391,-0.2646234631538391,1YBr2-1
4BSbO3-1_pbe,0,3.8556745052337646,3.819723129272461,0.03595137596130371,-0.03595137596130371,4BSbO3-1
4GeAs2-1_hse,1,1.7288824319839478,1.547197699546814,0.1816847324371338,-0.1816847324371338,4GeAs2-1
1MgI2-3_pbe,0,2.56592059135437,2.7878000736236572,0.2218794822692871,0.2218794822692871,1MgI2-3
2KNRuSCl5-1_pbe,0,0.2576637864112854,0.3554361164569855,0.09777233004570007,0.09777233004570007,2KNRuSCl5-1
2CdLiBr3-1_pbe,0,3.286329507827759,3.2332983016967773,0.053031206130981445,-0.053031206130981445,2CdLiBr3-1
2RuS2-1_hse,1,1.5833182334899902,1.8504000902175903,0.2670818567276001,0.2670818567276001,2RuS2-1
2AuRbS-1_hse,1,1.7779406309127808,1.8456326723098755,0.06769204139709473,0.06769204139709473,2AuRbS-1
2BrClPt-1_pbe,0,0.9485874176025391,0.9081630706787109,0.040424346923828125,-0.040424346923828125,2BrClPt-1
4NaO3-1_pbe,0,0.7071590423583984,0.1691734343767166,0.5379856079816818,-0.5379856079816818,4NaO3-1
2Co2S3-1_pbe,0,0.09565950930118561,0.1112840324640274,0.015624523162841797,0.015624523162841797,2Co2S3-1
2WF2O2-1_pbe,0,2.359577178955078,2.1849117279052734,0.1746654510498047,-0.1746654510498047,2WF2O2-1
2BrNb2Te6-1_pbe,0,0.7359241843223572,0.5231797695159912,0.21274441480636597,-0.21274441480636597,2BrNb2Te6-1
1CoN2C4O4H8-1_pbe,0,0.393451064825058,0.7555962800979614,0.36214521527290344,0.36214521527290344,1CoN2C4O4H8-1
1SnBi2Te4-1_hse,1,0.3598504364490509,0.518564760684967,0.15871432423591614,0.15871432423591614,1SnBi2Te4-1
1SnCl2-1_hse,1,3.1840789318084717,3.258117914199829,0.07403898239135742,0.07403898239135742,1SnCl2-1
2GaI3-1_hse,1,1.8843814134597778,2.3416848182678223,0.45730340480804443,0.45730340480804443,2GaI3-1
2SSb2O6-1_pbe,0,4.130842685699463,3.649216651916504,0.481626033782959,-0.481626033782959,2SSb2O6-1
2NaSTl-1_pbe,0,1.923874020576477,1.947811245918274,0.023937225341796875,0.023937225341796875,2NaSTl-1
2AlSiTe3-1_hse,1,1.6725993156433105,2.046987533569336,0.3743882179260254,0.3743882179260254,2AlSiTe3-1
4AgNaSe-1_pbe,0,0.5106480717658997,0.7177395224571228,0.20709145069122314,0.20709145069122314,4AgNaSe-1
1As2Te3-1_pbe,0,0.518584132194519,0.332437127828598,0.18614700436592102,-0.18614700436592102,1As2Te3-1
2HSLi3O4-1_hse,1,5.693607807159424,6.0185980796813965,0.32499027252197266,0.32499027252197266,2HSLi3O4-1
2BaAs2O6-1_hse,1,5.0141425132751465,5.746488094329834,0.7323455810546875,0.7323455810546875,2BaAs2O6-1
2SiTa2Se4-1_pbe,0,0.37969744205474854,0.26589587330818176,0.11380156874656677,-0.11380156874656677,2SiTa2Se4-1
6AgCl-4_pbe,0,2.3976364135742188,2.344705581665039,0.05293083190917969,-0.05293083190917969,6AgCl-4
2CrGeS3-1_pbe,0,0.7752289772033691,1.0925806760787964,0.31735169887542725,0.31735169887542725,2CrGeS3-1
4SiP2-1_hse,1,2.2984800338745117,2.3954505920410156,0.0969705581665039,0.0969705581665039,4SiP2-1
2GaGeSe3-1_hse,1,1.6290582418441772,1.7513185739517212,0.12226033210754395,0.12226033210754395,2GaGeSe3-1
1HfSe2-2_hse,1,1.6264218091964722,1.6271754503250122,0.0007536411285400391,0.0007536411285400391,1HfSe2-2
2CoFO-1_pbe,0,0.10076939314603806,0.03034352883696556,0.0704258643090725,-0.0704258643090725,2CoFO-1
1HgCl2O2Pb2-1_hse,1,3.761226177215576,3.8160836696624756,0.054857492446899414,0.054857492446899414,1HgCl2O2Pb2-1
1CdBr2-2_pbe,0,2.925236940383911,3.004291534423828,0.07905459403991699,0.07905459403991699,1CdBr2-2
1ONb3Cl7-1_pbe,0,0.8602867126464844,0.4567698538303375,0.40351685881614685,-0.40351685881614685,1ONb3Cl7-1
1HgBr2O2Pb2-1_pbe,0,2.3293027877807617,2.358893394470215,0.029590606689453125,0.029590606689453125,1HgBr2O2Pb2-1
2RuSe2-1_pbe,0,0.7787942886352539,0.9341320395469666,0.15533775091171265,0.15533775091171265,2RuSe2-1
2In2S3-1_hse,1,2.5810346603393555,2.1406848430633545,0.440349817276001,-0.440349817276001,2In2S3-1
2SrCl2O2H4-1_pbe,0,5.570052623748779,5.568152904510498,0.00189971923828125,-0.00189971923828125,2SrCl2O2H4-1
2CuFeCl3-1_pbe,0,0.8562401533126831,1.479757308959961,0.6235171556472778,0.6235171556472778,2CuFeCl3-1
2PbSe-1_hse,1,1.3115477561950684,1.0127756595611572,0.29877209663391113,-0.29877209663391113,2PbSe-1
4BaFPS2-1_hse,1,2.959987163543701,3.1927313804626465,0.2327442169189453,0.2327442169189453,4BaFPS2-1
1Br2Ni2Ba3O5-1_pbe,0,0.027050485834479332,0.018888894468545914,0.008161591365933418,-0.008161591365933418,1Br2Ni2Ba3O5-1
4AgCl2-1_hse,1,0.9707574844360352,0.6317346096038818,0.3390228748321533,-0.3390228748321533,4AgCl2-1
1VBr2-1_pbe,0,1.2515456676483154,1.231876254081726,0.019669413566589355,-0.019669413566589355,1VBr2-1
2KNOsSCl5-1_pbe,0,0.32064732909202576,0.5681031346321106,0.24745580554008484,0.24745580554008484,2KNOsSCl5-1
2CsPZn-1_pbe,0,0.04195742681622505,0.6303373575210571,0.5883799307048321,0.5883799307048321,2CsPZn-1
2WCl3-3_hse,1,1.1649142503738403,1.454851746559143,0.28993749618530273,0.28993749618530273,2WCl3-3
1MnBr2-2_pbe,0,1.7753942012786865,1.6683794260025024,0.10701477527618408,-0.10701477527618408,1MnBr2-2
2Ta2Ni3Se5-1_pbe,0,0.17452839016914368,0.10350444912910461,0.07102394104003906,-0.07102394104003906,2Ta2Ni3Se5-1
2CdCuCl3-1_pbe,0,1.6451164484024048,1.5901261568069458,0.054990291595458984,-0.054990291595458984,2CdCuCl3-1
1PdNi2Br4Cl4-1_hse,1,1.604482650756836,1.0548688173294067,0.5496138334274292,-0.5496138334274292,1PdNi2Br4Cl4-1
2OsO2-1_hse,1,1.004622459411621,1.8756822347640991,0.871059775352478,0.871059775352478,2OsO2-1
4AsGeS-1_pbe,0,2.0412678718566895,1.65986168384552,0.38140618801116943,-0.38140618801116943,4AsGeS-1
1BaSb2F12-1_pbe,0,4.965795516967773,4.252474308013916,0.7133212089538574,-0.7133212089538574,1BaSb2F12-1
2CrCl3-1_hse,1,4.047036170959473,4.092754364013672,0.04571819305419922,0.04571819305419922,2CrCl3-1
3BrK-1_hse,1,5.31059455871582,5.338249683380127,0.02765512466430664,0.02765512466430664,3BrK-1
2AgBrS2-1_hse,1,2.24249005317688,1.5384619235992432,0.7040281295776367,-0.7040281295776367,2AgBrS2-1
1AlNaAs2Se6-1_pbe,0,1.045976161956787,1.9295789003372192,0.8836027383804321,0.8836027383804321,1AlNaAs2Se6-1
4P2S3-1_pbe,0,1.8324815034866333,2.2986297607421875,0.4661482572555542,0.4661482572555542,4P2S3-1
4TiSe2-1_hse,1,0.03617563843727112,0.264369934797287,0.22819429636001587,0.22819429636001587,4TiSe2-1
1Tl2Se5-1_pbe,0,0.8621538281440735,0.6776732802391052,0.18448054790496826,-0.18448054790496826,1Tl2Se5-1
2GeHPS3-1_hse,1,3.3891804218292236,2.955786943435669,0.4333934783935547,-0.4333934783935547,2GeHPS3-1
2HfBr2S2-1_hse,1,2.880479574203491,2.9636409282684326,0.0831613540649414,0.0831613540649414,2HfBr2S2-1
1ClIn2Br3-1_pbe,0,1.806694507598877,2.559251308441162,0.7525568008422852,0.7525568008422852,1ClIn2Br3-1
1MgB2H8-1_hse,1,7.486423969268799,7.803082466125488,0.31665849685668945,0.31665849685668945,1MgB2H8-1
6ClCu-1_pbe,0,0.73853600025177,1.2426687479019165,0.5041327476501465,0.5041327476501465,6ClCu-1
1PdK2H6O6-1_hse,1,4.383878707885742,4.568498611450195,0.18461990356445312,0.18461990356445312,1PdK2H6O6-1
4AgF-1_pbe,0,0.5324170589447021,0.4185057282447815,0.11391133069992065,-0.11391133069992065,4AgF-1
1BrIV-1_pbe,0,1.1883971691131592,1.3600283861160278,0.17163121700286865,0.17163121700286865,1BrIV-1
2FInSe-2_hse,1,3.0364630222320557,2.3135721683502197,0.7228908538818359,-0.7228908538818359,2FInSe-2
2ClMnSbS2-1_hse,1,1.6188642978668213,1.5239427089691162,0.09492158889770508,-0.09492158889770508,2ClMnSbS2-1
4NaSeS2-1_pbe,0,1.14988112449646,1.6053601503372192,0.4554790258407593,0.4554790258407593,4NaSeS2-1
8FIn-2_pbe,0,0.7978261113166809,0.8983705639839172,0.10054445266723633,0.10054445266723633,8FIn-2
4PPdTe-1_pbe,0,0.7326810359954834,0.7692395448684692,0.03655850887298584,0.03655850887298584,4PPdTe-1
1GeO2-2_hse,1,4.8629374504089355,4.339336395263672,0.5236010551452637,-0.5236010551452637,1GeO2-2
2BrCdCuTe-1_hse,1,2.46579647064209,2.259552478790283,0.20624399185180664,-0.20624399185180664,2BrCdCuTe-1
2CrPS4-1_pbe,0,0.8192017078399658,0.7226776480674744,0.09652405977249146,-0.09652405977249146,2CrPS4-1
2CKSF3O3-1_hse,1,7.673819065093994,7.471487522125244,0.20233154296875,-0.20233154296875,2CKSF3O3-1
1BiClS-2_hse,1,2.2714109420776367,1.7091370820999146,0.5622738599777222,-0.5622738599777222,1BiClS-2
1AgBiP2Se6-1_hse,1,1.9791375398635864,1.8082404136657715,0.17089712619781494,-0.17089712619781494,1AgBiP2Se6-1
1MgK2H4S10-1_hse,1,3.1114962100982666,3.0141186714172363,0.09737753868103027,-0.09737753868103027,1MgK2H4S10-1
2Sb2Se3-1_pbe,0,1.3887617588043213,1.2498441934585571,0.13891756534576416,-0.13891756534576416,2Sb2Se3-1
2AgHBr2-1_pbe,0,2.208754539489746,1.16349196434021,1.0452625751495361,-1.0452625751495361,2AgHBr2-1
1GeO2-1_pbe,0,3.6413164138793945,3.228929281234741,0.4123871326446533,-0.4123871326446533,1GeO2-1
2SbSiSe3-1_pbe,0,1.0103344917297363,0.8038502335548401,0.20648425817489624,-0.20648425817489624,2SbSiSe3-1
2FRe3S4-1_pbe,0,1.6208014488220215,1.106289029121399,0.5145124197006226,-0.5145124197006226,2FRe3S4-1
1STeGe2-1_hse,1,1.215905785560608,1.6200568675994873,0.4041510820388794,0.4041510820388794,1STeGe2-1
4SSbSi-1_pbe,0,2.167581081390381,2.1035568714141846,0.06402420997619629,-0.06402420997619629,4SSbSi-1
2PbSe3-1_pbe,0,0.5781290531158447,0.802004873752594,0.22387582063674927,0.22387582063674927,2PbSe3-1
2FGaS-1_pbe,0,3.546116352081299,3.106827735900879,0.4392886161804199,-0.4392886161804199,2FGaS-1
6SnF2-1_pbe,0,3.818967819213867,3.2676167488098145,0.5513510704040527,-0.5513510704040527,6SnF2-1
1MoSeTe-1_hse,1,1.594014048576355,1.4696522951126099,0.12436175346374512,-0.12436175346374512,1MoSeTe-1
1TeS2Sb2-1_pbe,0,0.8027582168579102,0.44478556513786316,0.357972651720047,-0.357972651720047,1TeS2Sb2-1
2CKOH3N4-1_pbe,0,4.514484882354736,3.633270025253296,0.8812148571014404,-0.8812148571014404,2CKOH3N4-1
1CoBr2-1_pbe,0,0.17393337190151215,0.23204931616783142,0.058115944266319275,0.058115944266319275,1CoBr2-1
1LiTlI4O12-1_hse,1,3.4206113815307617,4.021378040313721,0.600766658782959,0.600766658782959,1LiTlI4O12-1
4SnSb2-1_pbe,0,0.735494077205658,0.6318261027336121,0.1036679744720459,-0.1036679744720459,4SnSb2-1
1ClS2Br4O4Mn5-1_pbe,0,0.21759279072284698,0.11215636134147644,0.10543642938137054,-0.10543642938137054,1ClS2Br4O4Mn5-1
2AuTe-1_pbe,0,0.6181339025497437,0.1295756846666336,0.48855821788311005,-0.48855821788311005,2AuTe-1
2CuKS-1_pbe,0,1.6225323677062988,1.4579049348831177,0.16462743282318115,-0.16462743282318115,2CuKS-1
2HPSnO3-1_pbe,0,4.300153732299805,4.0612359046936035,0.23891782760620117,-0.23891782760620117,2HPSnO3-1
1NiRuTa2Se6-1_pbe,0,0.33792534470558167,0.19343028962612152,0.14449505507946014,-0.14449505507946014,1NiRuTa2Se6-1
2AgSnCl3-1_pbe,0,2.52608323097229,2.3449223041534424,0.18116092681884766,-0.18116092681884766,2AgSnCl3-1
2AsFPbO3-1_pbe,0,3.334026336669922,3.0237314701080322,0.31029486656188965,-0.31029486656188965,2AsFPbO3-1
4AgCl-1_pbe,0,1.9960439205169678,1.9365575313568115,0.05948638916015625,-0.05948638916015625,4AgCl-1
2HfBr2Te2-1_hse,1,1.7229523658752441,1.4432872533798218,0.27966511249542236,-0.27966511249542236,2HfBr2Te2-1
1NbOScSeBr4-1_hse,1,3.241576671600342,3.231217861175537,0.010358810424804688,-0.010358810424804688,1NbOScSeBr4-1
1PdNa2H6O6-1_pbe,0,2.4676218032836914,2.28532075881958,0.18230104446411133,-0.18230104446411133,1PdNa2H6O6-1
2ClTl-4_pbe,0,2.6585381031036377,3.0927634239196777,0.43422532081604004,0.43422532081604004,2ClTl-4
2B2O3-2_pbe,0,5.060547828674316,5.669918537139893,0.6093707084655762,0.6093707084655762,2B2O3-2
1STeZr-1_hse,1,0.22623687982559204,0.8255147337913513,0.5992778539657593,0.5992778539657593,1STeZr-1
2AuCl-2_pbe,0,1.1176193952560425,1.4134422540664673,0.2958228588104248,0.2958228588104248,2AuCl-2
2CdCuBr3-1_pbe,0,1.5699758529663086,1.77642023563385,0.2064443826675415,0.2064443826675415,2CdCuBr3-1
1CdIn2S4-1_pbe,0,0.5972054600715637,0.5320692658424377,0.06513619422912598,-0.06513619422912598,1CdIn2S4-1
1OBi2S2-1_pbe,0,0.566418468952179,0.8278206586837769,0.2614021897315979,0.2614021897315979,1OBi2S2-1
2RhBr3-1_pbe,0,1.3439295291900635,1.5980459451675415,0.254116415977478,0.254116415977478,2RhBr3-1
1AuBiP2Se6-1_hse,1,1.6037739515304565,1.5845345258712769,0.019239425659179688,-0.019239425659179688,1AuBiP2Se6-1
1SrCl2-2_pbe,0,4.944465160369873,5.267322063446045,0.3228569030761719,0.3228569030761719,1SrCl2-2
2BrSSc-1_hse,1,3.5609865188598633,3.5061426162719727,0.054843902587890625,-0.054843902587890625,2BrSSc-1
2AgITe2-1_hse,1,1.8890849351882935,1.674681544303894,0.21440339088439941,-0.21440339088439941,2AgITe2-1
2ClGePO3-1_hse,1,5.831420421600342,6.20598840713501,0.37456798553466797,0.37456798553466797,2ClGePO3-1
2ZrCl2S2-1_pbe,0,1.6004540920257568,1.953347086906433,0.35289299488067627,0.35289299488067627,2ZrCl2S2-1
2HPSnO3-1_hse,1,5.337225437164307,5.259962558746338,0.07726287841796875,-0.07726287841796875,2HPSnO3-1
2FPSnS3-1_pbe,0,2.337634563446045,2.1758828163146973,0.16175174713134766,-0.16175174713134766,2FPSnS3-1
2SnBr2-3_pbe,0,2.608240842819214,2.404628276824951,0.2036125659942627,-0.2036125659942627,2SnBr2-3
2FeBr3-2_pbe,0,0.042728766798973083,0.1968284696340561,0.154099702835083,0.154099702835083,2FeBr3-2
2LiTaF6-1_hse,1,8.725162506103516,8.456300735473633,0.2688617706298828,-0.2688617706298828,2LiTaF6-1
2IScTe-2_pbe,0,1.1224558353424072,0.9579357504844666,0.16452008485794067,-0.16452008485794067,2IScTe-2
1InLiI4O12-1_pbe,0,2.787963390350342,2.8825812339782715,0.09461784362792969,0.09461784362792969,1InLiI4O12-1
2ClGaS-3_pbe,0,1.417121410369873,1.2750190496444702,0.14210236072540283,-0.14210236072540283,2ClGaS-3
2MoS2-1_pbe,0,0.051028478890657425,0.8389034867286682,0.7878750078380108,0.7878750078380108,2MoS2-1
2In2O3-1_pbe,0,1.5199588537216187,2.2200231552124023,0.7000643014907837,0.7000643014907837,2In2O3-1
2AgClSe2-1_pbe,0,1.33979332447052,1.295653223991394,0.04414010047912598,-0.04414010047912598,2AgClSe2-1
1CrSSe-1_pbe,0,0.7819913625717163,0.9268693923950195,0.14487802982330322,0.14487802982330322,1CrSSe-1
2SeAg2-1_hse,1,2.0703141689300537,2.649503707885742,0.5791895389556885,0.5791895389556885,2SeAg2-1
1GeCl2-2_pbe,0,2.9548075199127197,2.420577049255371,0.5342304706573486,-0.5342304706573486,1GeCl2-2
2SZnH2O4-1_hse,1,6.106114864349365,6.133843898773193,0.027729034423828125,0.027729034423828125,2SZnH2O4-1
2NiTeS3-1_pbe,0,0.6097036004066467,0.5181185603141785,0.09158504009246826,-0.09158504009246826,2NiTeS3-1
1BrHf2I5-1_hse,1,1.023229956626892,0.5850372314453125,0.4381927251815796,-0.4381927251815796,1BrHf2I5-1
4GeP2-1_pbe,0,1.332651138305664,1.2656227350234985,0.06702840328216553,-0.06702840328216553,4GeP2-1
2ZrI2Se2-1_hse,1,2.243018865585327,1.905314564704895,0.33770430088043213,-0.33770430088043213,2ZrI2Se2-1
1BaCl2-1_pbe,0,5.618229389190674,5.589327812194824,0.02890157699584961,-0.02890157699584961,1BaCl2-1
1HfPdI6-1_hse,1,1.368204116821289,1.753084421157837,0.38488030433654785,0.38488030433654785,1HfPdI6-1
1MnCl2-2_hse,1,5.018603801727295,4.79268741607666,0.22591638565063477,-0.22591638565063477,1MnCl2-2
2BrTa2Se6-1_hse,1,1.0690869092941284,1.116469383239746,0.047382473945617676,0.047382473945617676,2BrTa2Se6-1
1SNb3I7-1_hse,1,1.234822154045105,1.0978319644927979,0.13699018955230713,-0.13699018955230713,1SNb3I7-1
1MoO2-1_pbe,0,0.9123966693878174,0.810064435005188,0.1023322343826294,-0.1023322343826294,1MoO2-1
4PdBr2-1_pbe,0,1.14786958694458,0.5436864495277405,0.6041831374168396,-0.6041831374168396,4PdBr2-1
2AgMnBr3-1_pbe,0,1.7401947975158691,2.076068639755249,0.3358738422393799,0.3358738422393799,2AgMnBr3-1
2AuClS2-2_pbe,0,0.9583685994148254,1.313257098197937,0.3548884987831116,0.3548884987831116,2AuClS2-2
2AuClS2-1_pbe,0,1.1927481889724731,1.2463555335998535,0.05360734462738037,0.05360734462738037,2AuClS2-1
2HfTe5-1_pbe,0,0.15860219299793243,0.2837553024291992,0.12515310943126678,0.12515310943126678,2HfTe5-1
2FPt-1_pbe,0,0.8112962245941162,1.0843372344970703,0.2730410099029541,0.2730410099029541,2FPt-1
4As-1_hse,1,1.3237041234970093,1.2934447526931763,0.030259370803833008,-0.030259370803833008,4As-1
1Cu9Br11-1_pbe,0,0.06263887137174606,0.5195395350456238,0.4569006636738777,0.4569006636738777,1Cu9Br11-1
1FeHfH6-1_hse,1,3.2943828105926514,0.8409138321876526,2.453468978404999,-2.453468978404999,1FeHfH6-1
1CuVP2S6-1_hse,1,1.6581090688705444,1.7046635150909424,0.04655444622039795,0.04655444622039795,1CuVP2S6-1
1AgSbP2S6-1_pbe,0,1.6685357093811035,1.477152943611145,0.1913827657699585,-0.1913827657699585,1AgSbP2S6-1
1MoCu2Te4-1_hse,1,1.2299580574035645,1.223608136177063,0.006349921226501465,-0.006349921226501465,1MoCu2Te4-1
2ClPt-1_hse,1,2.2324142456054688,2.436464786529541,0.20405054092407227,0.20405054092407227,2ClPt-1
4BrIn-2_pbe,0,1.8236886262893677,1.716323971748352,0.10736465454101562,-0.10736465454101562,4BrIn-2
1CdCl2-3_hse,1,4.344091892242432,4.013363361358643,0.33072853088378906,-0.33072853088378906,1CdCl2-3
2AlGeS3-1_pbe,0,2.0135128498077393,1.4967734813690186,0.5167393684387207,-0.5167393684387207,2AlGeS3-1
2AuTe-1_hse,1,1.0669609308242798,0.21832451224327087,0.8486364185810089,-0.8486364185810089,2AuTe-1
2SbScO3-1_hse,1,5.0774383544921875,4.836863040924072,0.24057531356811523,-0.24057531356811523,2SbScO3-1
2CuFeI3-1_pbe,0,0.7536398768424988,0.351959228515625,0.4016806483268738,-0.4016806483268738,2CuFeI3-1
1Ta3I8-1_pbe,0,0.15533870458602905,0.41508883237838745,0.2597501277923584,0.2597501277923584,1Ta3I8-1
1PtSeMn2S5-1_pbe,0,0.5251703262329102,0.07067354023456573,0.4544967859983444,-0.4544967859983444,1PtSeMn2S5-1
1BrSbSe-2_hse,1,2.036512851715088,1.8982964754104614,0.13821637630462646,-0.13821637630462646,1BrSbSe-2
2ClCuHgS-1_hse,1,2.3456947803497314,2.299285411834717,0.04640936851501465,-0.04640936851501465,2ClCuHgS-1
1GeK2H6S6-1_pbe,0,2.309980630874634,2.5170211791992188,0.20704054832458496,0.20704054832458496,1GeK2H6S6-1
6CuI-1_pbe,0,0.5738020539283752,1.7579299211502075,1.1841278672218323,1.1841278672218323,6CuI-1
1Bi2Si3O9-1_pbe,0,3.732511281967163,4.028886795043945,0.2963755130767822,0.2963755130767822,1Bi2Si3O9-1
1CrTe2-2_pbe,0,0.45328330993652344,0.45240089297294617,0.0008824169635772705,-0.0008824169635772705,1CrTe2-2
1Mg7Br12-1_pbe,0,1.880842685699463,1.5377264022827148,0.34311628341674805,-0.34311628341674805,1Mg7Br12-1
2PdNb2Te5-1_pbe,0,0.04140577092766762,0.03475845232605934,0.006647318601608276,-0.006647318601608276,2PdNb2Te5-1
1CdCl2-1_pbe,0,3.8682847023010254,3.5027947425842285,0.3654899597167969,-0.3654899597167969,1CdCl2-1
1AsBrS-2_pbe,0,1.4165188074111938,1.088684320449829,0.32783448696136475,-0.32783448696136475,1AsBrS-2
2CdCl-1_hse,1,2.309699058532715,2.263654947280884,0.046044111251831055,-0.046044111251831055,2CdCl-1
2MoSeZnO6-1_pbe,0,3.388981819152832,3.1719043254852295,0.21707749366760254,-0.21707749366760254,2MoSeZnO6-1
2FRhSe-1_hse,1,2.223074197769165,2.013302803039551,0.20977139472961426,-0.20977139472961426,2FRhSe-1
2NiSeO3-1_pbe,0,0.3099547326564789,0.40790560841560364,0.09795087575912476,0.09795087575912476,2NiSeO3-1
2AlInS3-1_hse,1,3.282748222351074,3.0548927783966064,0.22785544395446777,-0.22785544395446777,2AlInS3-1
2BaI2-1_pbe,0,3.6334385871887207,3.8415346145629883,0.20809602737426758,0.20809602737426758,2BaI2-1
6AuI-1_hse,1,1.703405499458313,1.9743720293045044,0.2709665298461914,0.2709665298461914,6AuI-1
1SCu2O4-1_pbe,0,2.0532689094543457,0.5952597260475159,1.4580091834068298,-1.4580091834068298,1SCu2O4-1
2SnTa2Te4-1_pbe,0,0.24804408848285675,0.2862893044948578,0.03824521601200104,0.03824521601200104,2SnTa2Te4-1
1SrAs2F12-1_hse,1,7.119181156158447,7.417876720428467,0.29869556427001953,0.29869556427001953,1SrAs2F12-1
3CuI-3_pbe,0,1.895733118057251,1.8389036655426025,0.05682945251464844,-0.05682945251464844,3CuI-3
6PbS-1_pbe,0,0.47277969121932983,0.9392979741096497,0.4665182828903198,0.4665182828903198,6PbS-1
2BrIPd-1_pbe,0,0.5852774977684021,0.3810512125492096,0.2042262852191925,-0.2042262852191925,2BrIPd-1
2SrP2S6-1_hse,1,3.3984086513519287,3.115791082382202,0.28261756896972656,-0.28261756896972656,2SrP2S6-1
2BrIrSe-2_pbe,0,1.0779765844345093,1.1029499769210815,0.024973392486572266,0.024973392486572266,2BrIrSe-2
1TiZrHf2Br8-1_hse,1,1.1547088623046875,1.2456413507461548,0.09093248844146729,0.09093248844146729,1TiZrHf2Br8-1
2CdPS3-1_pbe,0,1.8866647481918335,1.6109009981155396,0.27576375007629395,-0.27576375007629395,2CdPS3-1
2BrRhTe-1_hse,1,1.9646446704864502,1.9043117761611938,0.06033289432525635,-0.06033289432525635,2BrRhTe-1
2BrCdCuS-1_hse,1,2.5731592178344727,2.5567750930786133,0.016384124755859375,-0.016384124755859375,2BrCdCuS-1
1MgI2-2_pbe,0,3.456193208694458,3.362065315246582,0.09412789344787598,-0.09412789344787598,1MgI2-2
1STa3F7-1_hse,1,1.7987014055252075,2.340942621231079,0.5422412157058716,0.5422412157058716,1STa3F7-1
2NNaOsSCl5-1_pbe,0,0.5458635091781616,0.5824108719825745,0.03654736280441284,0.03654736280441284,2NNaOsSCl5-1
1CoF2-1_pbe,0,0.5971911549568176,2.2531676292419434,1.6559764742851257,1.6559764742851257,1CoF2-1
2HfSiTe4-1_hse,1,1.1569101810455322,0.8349857330322266,0.32192444801330566,-0.32192444801330566,2HfSiTe4-1
2IK-2_pbe,0,3.8849518299102783,3.9329493045806885,0.047997474670410156,0.047997474670410156,2IK-2
1ReAg2Cl6-1_pbe,0,0.7776381373405457,0.8485538363456726,0.07091569900512695,0.07091569900512695,1ReAg2Cl6-1
1STl2-1_hse,1,1.9651306867599487,1.6622852087020874,0.30284547805786133,-0.30284547805786133,1STl2-1
1CdBr2-1_hse,1,4.158939361572266,3.875858783721924,0.2830805778503418,-0.2830805778503418,1CdBr2-1
2CCsSH3O3-1_hse,1,6.115817070007324,5.814024448394775,0.30179262161254883,-0.30179262161254883,2CCsSH3O3-1
2OsCl3-1_pbe,0,0.06286201626062393,0.08309146761894226,0.02022945135831833,0.02022945135831833,2OsCl3-1
2As2S3-1_pbe,0,2.2719953060150146,2.0718789100646973,0.20011639595031738,-0.20011639595031738,2As2S3-1
2AlGeSe-1_hse,1,1.2398741245269775,1.3060044050216675,0.06613028049468994,0.06613028049468994,2AlGeSe-1
1BrICr2S2-1_hse,1,2.21787428855896,2.813967704772949,0.5960934162139893,0.5960934162139893,1BrICr2S2-1
2InI3-1_pbe,0,1.597185492515564,1.3984683752059937,0.1987171173095703,-0.1987171173095703,2InI3-1
1HfZr3Te8-1_pbe,0,0.21331606805324554,0.3459474742412567,0.13263140618801117,0.13263140618801117,1HfZr3Te8-1
1BiClS-2_pbe,0,1.4303030967712402,1.0573595762252808,0.3729435205459595,-0.3729435205459595,1BiClS-2
2V2O5-3_pbe,0,1.5640208721160889,1.7015290260314941,0.13750815391540527,0.13750815391540527,2V2O5-3
2CdClCuSe-1_pbe,0,0.8397887945175171,1.0981734991073608,0.25838470458984375,0.25838470458984375,2CdClCuSe-1
1MoW3O8-1_hse,1,1.9610174894332886,1.7033052444458008,0.2577122449874878,-0.2577122449874878,1MoW3O8-1
2TiBr2Se2-1_hse,1,2.2681708335876465,1.9607888460159302,0.3073819875717163,-0.3073819875717163,2TiBr2Se2-1
2FeAs2Br2O3-1_pbe,0,0.21100150048732758,0.39787557721138,0.18687407672405243,0.18687407672405243,2FeAs2Br2O3-1
4In2Se3-1_hse,1,2.08076548576355,2.2894554138183594,0.20868992805480957,0.20868992805480957,4In2Se3-1
1MgBr2-1_pbe,0,4.588106632232666,4.071162223815918,0.516944408416748,-0.516944408416748,1MgBr2-1
1GeNa2H6S6-1_hse,1,3.3175156116485596,3.356924295425415,0.03940868377685547,0.03940868377685547,1GeNa2H6S6-1
3HgTe-1_pbe,0,0.6722872257232666,0.048830803483724594,0.623456422239542,-0.623456422239542,3HgTe-1
6FRb-1_hse,1,6.807472229003906,6.4540486335754395,0.3534235954284668,-0.3534235954284668,6FRb-1
1ReCu2I6-1_hse,1,1.592401385307312,1.1422563791275024,0.45014500617980957,-0.45014500617980957,1ReCu2I6-1
2BrLiO2-1_hse,1,4.325520038604736,4.732910633087158,0.4073905944824219,0.4073905944824219,2BrLiO2-1
1AgInP2S6-1_pbe,0,1.3172937631607056,0.9703064560890198,0.3469873070716858,-0.3469873070716858,1AgInP2S6-1
1ZrK2H6S6-1_pbe,0,2.688847541809082,2.732205867767334,0.04335832595825195,0.04335832595825195,1ZrK2H6S6-1
2IInO-1_pbe,0,1.1909043788909912,0.5961334109306335,0.5947709679603577,-0.5947709679603577,2IInO-1
2CuINC3F4-1_hse,1,1.6214382648468018,1.9870396852493286,0.36560142040252686,0.36560142040252686,2CuINC3F4-1
4BrIn-1_pbe,0,2.9218335151672363,2.3643805980682373,0.557452917098999,-0.557452917098999,4BrIn-1
2NiTa2Se5-1_hse,1,0.17373041808605194,0.22832980751991272,0.05459938943386078,0.05459938943386078,2NiTa2Se5-1
2BrScTe-1_hse,1,1.6174038648605347,1.5496150255203247,0.06778883934020996,-0.06778883934020996,2BrScTe-1
8AgCl-2_pbe,0,1.7454627752304077,2.05540132522583,0.30993854999542236,0.30993854999542236,8AgCl-2
1BrISV-1_pbe,0,0.5366640686988831,0.2958610951900482,0.24080297350883484,-0.24080297350883484,1BrISV-1
1AgMnCl2Br4-1_pbe,0,0.12105812132358551,0.37770774960517883,0.2566496282815933,0.2566496282815933,1AgMnCl2Br4-1
2AsBeTl-1_hse,1,0.4400756359100342,0.5684036612510681,0.12832802534103394,0.12832802534103394,2AsBeTl-1
1BaI2-2_hse,1,4.273588180541992,4.795088291168213,0.5215001106262207,0.5215001106262207,1BaI2-2
4OAs2S2-1_pbe,0,2.0777974128723145,2.3300631046295166,0.25226569175720215,0.25226569175720215,4OAs2S2-1
2P2Se3-1_pbe,0,1.9916945695877075,1.7632557153701782,0.2284388542175293,-0.2284388542175293,2P2Se3-1
2NbOBr2-1_hse,1,1.9228322505950928,2.092574119567871,0.16974186897277832,0.16974186897277832,2NbOBr2-1
4NaPS2-1_pbe,0,2.5901026725769043,2.683896064758301,0.09379339218139648,0.09379339218139648,4NaPS2-1
4TaSe3-1_pbe,0,0.004685233812779188,-0.024479974061250687,0.029165207874029875,-0.029165207874029875,4TaSe3-1
2AsCoSe3-1_hse,1,0.004934919532388449,0.7260189056396484,0.72108398610726,0.72108398610726,2AsCoSe3-1
2PbTe-1_hse,1,0.8778946399688721,0.611551821231842,0.26634281873703003,-0.26634281873703003,2PbTe-1
2BiCl3-3_pbe,0,2.180891275405884,2.0327982902526855,0.14809298515319824,-0.14809298515319824,2BiCl3-3
2TiI3-1_pbe,0,0.031044041737914085,0.3810800015926361,0.350035959854722,0.350035959854722,2TiI3-1
2PtTa2Se7-1_pbe,0,0.014174701645970345,0.05879070982336998,0.044616008177399635,0.044616008177399635,2PtTa2Se7-1
2SiTe2-1_pbe,0,0.515531599521637,0.8024036288261414,0.2868720293045044,0.2868720293045044,2SiTe2-1
