formula,proto_uid,proto_formula,proto_layergroup,proto_lgnum,proto_international,proto_bravais_type,proto_gap_hse,proto_ehull,proto_dyn_stab,substitution,s_chem_rf,src_en,tgt_en,substitution_en_delta,src_radius,tgt_radius,substitution_radius_delta,substitution_radius_delta_frac,substitution_risk,needs_relaxation,reduced_formula,candidate_layergroup,candidate_layergroup_norm,exists_same_formula,exists_same_formula_layergroup,novelty_class,matched_c2db_uids,matched_c2db_layergroups,matched_same_lg_uids,matched_same_lg_gap_hse,matched_same_lg_gap_pbe,matched_same_lg_ehull,matched_same_lg_dyn_stab,candidate_index,gap_pred,is_uwbg,gap_bin
NaB(PS3)2,1AlNaP2S6-1,NaAl(PS3)2,c211,10,C2,Centered rectangular (oc),3.964560037279047,2.6645352591003756e-16,Yes,Al→B,0.705,1.61,2.04,0.42999999999999994,1.18,0.87,0.30999999999999994,0.2627118644067796,medium,True,NaB(PS3)2,c211,c211,False,False,new_composition,,,,,,,,1,3.744086265563965,True,2-4
NaAl(S3N)2,1AlNaP2S6-1,NaAl(PS3)2,c211,10,C2,Centered rectangular (oc),3.964560037279047,2.6645352591003756e-16,Yes,P→N,0.84,2.19,3.04,0.8500000000000001,0.98,0.56,0.41999999999999993,0.4285714285714285,high,True,NaAl(S3N)2,c211,c211,False,False,new_composition,,,,,,,,2,2.1703073978424072,False,2-4
LiB(PS3)2,1AlLiP2S6-1,LiAl(PS3)2,c211,10,C2,Centered rectangular (oc),3.872884141474959,3.552713678800501e-16,Yes,Al→B,0.7,1.61,2.04,0.42999999999999994,1.18,0.87,0.30999999999999994,0.2627118644067796,medium,True,LiB(PS3)2,c211,c211,False,False,new_composition,,,,,,,,3,3.6617631912231445,True,2-4
LiAl(S3N)2,1AlLiP2S6-1,LiAl(PS3)2,c211,10,C2,Centered rectangular (oc),3.872884141474959,3.552713678800501e-16,Yes,P→N,0.835,2.19,3.04,0.8500000000000001,0.98,0.56,0.41999999999999993,0.4285714285714285,high,True,LiAl(S3N)2,c211,c211,False,False,new_composition,,,,,,,,4,1.9747470617294312,False,0-2
Te2HNO6,1HSbTe2O6-1,SbTe2HO6,cm11,13,Cm,Centered rectangular (oc),3.9750290568341096,0.04125560484827773,Yes,Sb→N,0.58,2.05,3.04,0.9900000000000002,1.33,0.56,0.77,0.5789473684210527,high,True,Te2HNO6,cm11,cm11,False,False,new_composition,,,,,,,,6,1.4095261096954346,False,0-2
Te2PHO6,1HSbTe2O6-1,SbTe2HO6,cm11,13,Cm,Centered rectangular (oc),3.9750290568341096,0.04125560484827773,Yes,Sb→P,0.74,2.05,2.19,0.14000000000000012,1.33,0.98,0.3500000000000001,0.26315789473684215,medium,True,Te2PHO6,cm11,cm11,False,False,new_composition,,,,,,,,7,4.991519451141357,True,4-6
Te2AsHO6,1HSbTe2O6-1,SbTe2HO6,cm11,13,Cm,Centered rectangular (oc),3.9750290568341096,0.04125560484827773,Yes,Sb→As,0.735,2.05,2.18,0.13000000000000034,1.33,1.14,0.19000000000000017,0.142857142857143,low,False,Te2AsHO6,cm11,cm11,False,False,new_composition,,,,,,,,8,4.2571821212768555,True,4-6
PH(SeO3)2,1HSbSe2O6-1,SbH(SeO3)2,cm11,13,Cm,Centered rectangular (oc),4.43058901937219,0.0,Yes,Sb→P,0.745,2.05,2.19,0.14000000000000012,1.33,0.98,0.3500000000000001,0.26315789473684215,medium,True,PH(SeO3)2,cm11,cm11,False,False,new_composition,,,,,,,,9,3.254706382751465,False,2-4
AsH(SeO3)2,1HSbSe2O6-1,SbH(SeO3)2,cm11,13,Cm,Centered rectangular (oc),4.43058901937219,0.0,Yes,Sb→As,0.74,2.05,2.18,0.13000000000000034,1.33,1.14,0.19000000000000017,0.142857142857143,low,False,AsH(SeO3)2,cm11,cm11,False,False,new_composition,,,,,,,,10,5.162388324737549,True,4-6
Si2Cl2O3,1Cl2Ge2O3-1,Ge2Cl2O3,cm11,13,Cm,Centered rectangular (oc),4.461627490214204,0.06441106126605765,Yes,Ge→Si,0.565,2.01,1.9,0.10999999999999988,1.25,1.11,0.1399999999999999,0.11199999999999992,low,False,Si2Cl2O3,cm11,cm11,False,False,new_composition,,,,,,,,11,6.542701244354248,True,6-8
Ge2O3F2,1Cl2Ge2O3-1,Ge2Cl2O3,cm11,13,Cm,Centered rectangular (oc),4.461627490214204,0.06441106126605765,Yes,Cl→F,0.555,3.16,3.98,0.8199999999999998,0.79,0.42,0.37000000000000005,0.4683544303797469,high,True,Ge2O3F2,cm11,cm11,False,False,new_composition,,,,,,,,12,5.06586217880249,True,4-6
TaO2F,2ClTaO2-1,TaClO2,pmma,41,Pmma,Rectangular (op),4.040024234385061,0.0,Yes,Cl→F,0.61,3.16,3.98,0.8199999999999998,0.79,0.42,0.37000000000000005,0.4683544303797469,high,True,TaO2F,pmma,pmma,False,False,new_composition,,,,,,,,14,4.5384111404418945,True,4-6
KBrO2,2BrLiO2-1,LiBrO2,p-42_1m,58,P-42_1m,Square (tp),4.325519864113333,0.0921545568641815,Yes,Li→K,0.785,0.98,0.82,0.16000000000000003,1.67,2.43,0.7600000000000002,0.4550898203592816,high,True,KBrO2,p-42_1m,p-42_1m,False,False,new_composition,,,,,,,,20,3.532622814178467,True,2-4
RbBrO2,2BrLiO2-1,LiBrO2,p-42_1m,58,P-42_1m,Square (tp),4.325519864113333,0.0921545568641815,Yes,Li→Rb,0.8,0.98,0.82,0.16000000000000003,1.67,2.65,0.98,0.5868263473053892,high,True,RbBrO2,p-42_1m,p-42_1m,False,False,new_composition,,,,,,,,21,4.101883411407471,True,4-6
CsBrO2,2BrLiO2-1,LiBrO2,p-42_1m,58,P-42_1m,Square (tp),4.325519864113333,0.0921545568641815,Yes,Li→Cs,0.745,0.98,0.79,0.18999999999999995,1.67,2.98,1.31,0.784431137724551,high,True,CsBrO2,p-42_1m,p-42_1m,False,False,new_composition,,,,,,,,22,3.714313507080078,True,2-4
ScClF2,2ClScBr2-1,ScBr2Cl,cm11,13,Cm,Centered rectangular (oc),4.935391666345325,0.0,Yes,Br→F,0.605,2.96,3.98,1.02,0.94,0.42,0.52,0.5531914893617021,high,True,ScClF2,cm11,cm11,False,False,new_composition,,,,,,,,24,7.469786643981934,True,6-8
KClO2,2ClLiO2-1,LiClO2,p-42_1m,58,P-42_1m,Square (tp),5.196933542303896,0.15338332760737283,Yes,Li→K,0.885,0.98,0.82,0.16000000000000003,1.67,2.43,0.7600000000000002,0.4550898203592816,high,True,KClO2,p-42_1m,p-42_1m,False,False,new_composition,,,,,,,,31,5.13809871673584,True,4-6
RbClO2,2ClLiO2-1,LiClO2,p-42_1m,58,P-42_1m,Square (tp),5.196933542303896,0.15338332760737283,Yes,Li→Rb,0.845,0.98,0.82,0.16000000000000003,1.67,2.65,0.98,0.5868263473053892,high,True,RbClO2,p-42_1m,p-42_1m,False,False,new_composition,,,,,,,,32,5.93306303024292,True,4-6
CsClO2,2ClLiO2-1,LiClO2,p-42_1m,58,P-42_1m,Square (tp),5.196933542303896,0.15338332760737283,Yes,Li→Cs,0.86,0.98,0.79,0.18999999999999995,1.67,2.98,1.31,0.784431137724551,high,True,CsClO2,p-42_1m,p-42_1m,False,False,new_composition,,,,,,,,33,3.913677215576172,True,2-4
RbCSN,2CNNaS-1,NaCSN,pm2_1n,32,Pmn2_1,Rectangular (op),5.136968561316429,0.10160772714642863,Yes,Na→Rb,0.73,0.93,0.82,0.1100000000000001,1.9,2.65,0.75,0.39473684210526316,high,True,RbCSN,pm2_1n,pm2_1n,False,False,new_composition,,,,,,,,37,4.380658149719238,True,4-6
CsCSN,2CNNaS-1,NaCSN,pm2_1n,32,Pmn2_1,Rectangular (op),5.136968561316429,0.10160772714642863,Yes,Na→Cs,0.55,0.93,0.79,0.14,1.9,2.98,1.08,0.568421052631579,high,True,CsCSN,pm2_1n,pm2_1n,False,False,new_composition,,,,,,,,38,1.9296343326568604,False,0-2
NaPCS,2CNNaS-1,NaCSN,pm2_1n,32,Pmn2_1,Rectangular (op),5.136968561316429,0.10160772714642863,Yes,N→P,0.64,3.04,2.19,0.8500000000000001,0.56,0.98,0.41999999999999993,0.7499999999999998,high,True,NaPCS,pm2_1n,pm2_1n,False,False,new_composition,,,,,,,,39,2.2906386852264404,False,2-4
NaSiSN,2CNNaS-1,NaCSN,pm2_1n,32,Pmn2_1,Rectangular (op),5.136968561316429,0.10160772714642863,Yes,C→Si,0.88,2.55,1.9,0.6499999999999999,0.67,1.11,0.44000000000000006,0.6567164179104478,high,True,NaSiSN,pm2_1n,pm2_1n,False,False,new_composition,,,,,,,,40,5.744593620300293,True,4-6
NaGeSN,2CNNaS-1,NaCSN,pm2_1n,32,Pmn2_1,Rectangular (op),5.136968561316429,0.10160772714642863,Yes,C→Ge,0.79,2.55,2.01,0.54,0.67,1.25,0.58,0.8656716417910446,high,True,NaGeSN,pm2_1n,pm2_1n,False,False,new_composition,,,,,,,,41,4.455928802490234,True,4-6
KSiNO,2CKNO-1,KCNO,pm2_1n,32,Pmn2_1,Rectangular (op),5.9297110295034114,0.0015619099483856758,Yes,C→Si,0.88,2.55,1.9,0.6499999999999999,0.67,1.11,0.44000000000000006,0.6567164179104478,high,True,KSiNO,pm2_1n,pm2_1n,False,False,new_composition,,,,,,,,42,6.361518859863281,True,6-8
KGeNO,2CKNO-1,KCNO,pm2_1n,32,Pmn2_1,Rectangular (op),5.9297110295034114,0.0015619099483856758,Yes,C→Ge,0.825,2.55,2.01,0.54,0.67,1.25,0.58,0.8656716417910446,high,True,KGeNO,pm2_1n,pm2_1n,False,False,new_composition,,,,,,,,43,5.1041483879089355,True,4-6
KPCO,2CKNO-1,KCNO,pm2_1n,32,Pmn2_1,Rectangular (op),5.9297110295034114,0.0015619099483856758,Yes,N→P,0.81,3.04,2.19,0.8500000000000001,0.56,0.98,0.41999999999999993,0.7499999999999998,high,True,KPCO,pm2_1n,pm2_1n,False,False,new_composition,,,,,,,,44,2.048306941986084,False,2-4
KAsCO,2CKNO-1,KCNO,pm2_1n,32,Pmn2_1,Rectangular (op),5.9297110295034114,0.0015619099483856758,Yes,N→As,0.775,3.04,2.18,0.8599999999999999,0.56,1.14,0.5799999999999998,1.0357142857142854,high,True,KAsCO,pm2_1n,pm2_1n,False,False,new_composition,,,,,,,,45,5.0186004638671875,True,4-6
KSbCO,2CKNO-1,KCNO,pm2_1n,32,Pmn2_1,Rectangular (op),5.9297110295034114,0.0015619099483856758,Yes,N→Sb,0.725,3.04,2.05,0.9900000000000002,0.56,1.33,0.77,1.375,high,True,KSbCO,pm2_1n,pm2_1n,False,False,new_composition,,,,,,,,46,4.455965518951416,True,4-6
LiCNO,2CKNO-1,KCNO,pm2_1n,32,Pmn2_1,Rectangular (op),5.9297110295034114,0.0015619099483856758,Yes,K→Li,0.845,0.82,0.98,0.16000000000000003,2.43,1.67,0.7600000000000002,0.3127572016460906,high,True,LiCNO,pm2_1n,pm2_1n,False,False,new_composition,,,,,,,,47,5.5817694664001465,True,4-6
RbCNO,2CKNO-1,KCNO,pm2_1n,32,Pmn2_1,Rectangular (op),5.9297110295034114,0.0015619099483856758,Yes,K→Rb,0.895,0.82,0.82,0.0,2.43,2.65,0.21999999999999975,0.0905349794238682,low,False,RbCNO,pm2_1n,pm2_1n,False,False,new_composition,,,,,,,,49,5.157138347625732,True,4-6
CsCNO,2CKNO-1,KCNO,pm2_1n,32,Pmn2_1,Rectangular (op),5.9297110295034114,0.0015619099483856758,Yes,K→Cs,0.825,0.82,0.79,0.029999999999999916,2.43,2.98,0.5499999999999998,0.2263374485596707,medium,True,CsCNO,pm2_1n,pm2_1n,False,False,new_composition,,,,,,,,50,3.623084545135498,True,2-4
NaSiNO,2CNNaO-1,NaCNO,pm2_1n,32,Pmn2_1,Rectangular (op),6.126999170941806,0.02746345176679965,Yes,C→Si,0.915,2.55,1.9,0.6499999999999999,0.67,1.11,0.44000000000000006,0.6567164179104478,high,True,NaSiNO,pm2_1n,pm2_1n,False,False,new_composition,,,,,,,,54,6.48742151260376,True,6-8
NaGeNO,2CNNaO-1,NaCNO,pm2_1n,32,Pmn2_1,Rectangular (op),6.126999170941806,0.02746345176679965,Yes,C→Ge,0.92,2.55,2.01,0.54,0.67,1.25,0.58,0.8656716417910446,high,True,NaGeNO,pm2_1n,pm2_1n,False,False,new_composition,,,,,,,,55,5.4150590896606445,True,4-6
NaPCO,2CNNaO-1,NaCNO,pm2_1n,32,Pmn2_1,Rectangular (op),6.126999170941806,0.02746345176679965,Yes,N→P,0.885,3.04,2.19,0.8500000000000001,0.56,0.98,0.41999999999999993,0.7499999999999998,high,True,NaPCO,pm2_1n,pm2_1n,False,False,new_composition,,,,,,,,56,3.715141773223877,True,2-4
NaAsCO,2CNNaO-1,NaCNO,pm2_1n,32,Pmn2_1,Rectangular (op),6.126999170941806,0.02746345176679965,Yes,N→As,0.865,3.04,2.18,0.8599999999999999,0.56,1.14,0.5799999999999998,1.0357142857142854,high,True,NaAsCO,pm2_1n,pm2_1n,False,False,new_composition,,,,,,,,57,4.434564113616943,True,4-6
NaSbCO,2CNNaO-1,NaCNO,pm2_1n,32,Pmn2_1,Rectangular (op),6.126999170941806,0.02746345176679965,Yes,N→Sb,0.845,3.04,2.05,0.9900000000000002,0.56,1.33,0.77,1.375,high,True,NaSbCO,pm2_1n,pm2_1n,False,False,new_composition,,,,,,,,58,4.206100940704346,True,4-6
CuSiClO,2CClCuO-1,CuCClO,pm2_1n,32,Pmn2_1,Rectangular (op),4.689025857841006,0.11940713574273021,Yes,C→Si,0.505,2.55,1.9,0.6499999999999999,0.67,1.11,0.44000000000000006,0.6567164179104478,high,True,CuSiClO,pm2_1n,pm2_1n,False,False,new_composition,,,,,,,,59,4.0396647453308105,True,4-6
CuGeClO,2CClCuO-1,CuCClO,pm2_1n,32,Pmn2_1,Rectangular (op),4.689025857841006,0.11940713574273021,Yes,C→Ge,0.51,2.55,2.01,0.54,0.67,1.25,0.58,0.8656716417910446,high,True,CuGeClO,pm2_1n,pm2_1n,False,False,new_composition,,,,,,,,60,3.883009433746338,True,2-4
KSiSN,2CKNS-1,KCSN,pm2_1n,32,Pmn2_1,Rectangular (op),5.187544404701348,0.0658803848794296,Yes,C→Si,0.73,2.55,1.9,0.6499999999999999,0.67,1.11,0.44000000000000006,0.6567164179104478,high,True,KSiSN,pm2_1n,pm2_1n,False,False,new_composition,,,,,,,,61,5.829889297485352,True,4-6
KGeSN,2CKNS-1,KCSN,pm2_1n,32,Pmn2_1,Rectangular (op),5.187544404701348,0.0658803848794296,Yes,C→Ge,0.59,2.55,2.01,0.54,0.67,1.25,0.58,0.8656716417910446,high,True,KGeSN,pm2_1n,pm2_1n,False,False,new_composition,,,,,,,,62,4.8814311027526855,True,4-6
Be(HS)2,1BaH2S2-1,Ba(HS)2,p-3m1,72,P-3m1,Hexagonal (hp),4.7777828619354725,0.014906444166816612,Yes,Ba→Be,0.57,0.89,1.57,0.68,2.53,1.12,1.4099999999999997,0.5573122529644268,high,True,Be(HS)2,p-3m1,p-3m1,False,False,new_composition,,,,,,,,69,4.182071685791016,True,4-6
Be(HO)2,1BaH2O2-1,Ba(HO)2,p-3m1,72,P-3m1,Hexagonal (hp),5.260634798908016,0.027865465120387255,Yes,Ba→Be,0.675,0.89,1.57,0.68,2.53,1.12,1.4099999999999997,0.5573122529644268,high,True,Be(HO)2,p-3m1,p-3m1,False,False,new_composition,,,,,,,,73,5.417781829833984,True,4-6
Be(HSe)2,1MgH2Se2-1,Mg(HSe)2,p-3m1,72,P-3m1,Hexagonal (hp),3.727194633026653,0.029771375566862268,Yes,Mg→Be,0.52,1.31,1.57,0.26,1.45,1.12,0.32999999999999985,0.22758620689655162,medium,True,Be(HSe)2,p-3m1,p-3m1,False,False,new_composition,,,,,,,,78,3.5317835807800293,True,2-4
Zn2OF2,1OCl2Zn2-1,Zn2Cl2O,p-4m2,59,P-4m2,Square (tp),3.792699925703861,0.04414777655311859,Yes,Cl→F,0.705,3.16,3.98,0.8199999999999998,0.79,0.42,0.37000000000000005,0.4683544303797469,high,True,Zn2OF2,p-4m2,p-4m2,False,False,new_composition,,,,,,,,82,4.388434886932373,True,4-6
LiICl4,2CsICl4-1,CsICl4,p4/mbm,63,P4/mbm,Square (tp),3.619991290746435,0.0,Yes,Cs→Li,0.855,0.79,0.98,0.18999999999999995,2.98,1.67,1.31,0.43959731543624164,high,True,LiICl4,p4/mbm,p4/mbm,False,False,new_composition,,,,,,,,124,3.4426164627075195,True,2-4
NaICl4,2CsICl4-1,CsICl4,p4/mbm,63,P4/mbm,Square (tp),3.619991290746435,0.0,Yes,Cs→Na,0.885,0.79,0.93,0.14,2.98,1.9,1.08,0.36241610738255037,high,True,NaICl4,p4/mbm,p4/mbm,False,False,new_composition,,,,,,,,125,3.912008762359619,True,2-4
CsCl4F,2CsICl4-1,CsICl4,p4/mbm,63,P4/mbm,Square (tp),3.619991290746435,0.0,Yes,I→F,0.835,2.66,3.98,1.3199999999999998,1.15,0.42,0.73,0.6347826086956522,high,True,CsCl4F,p4/mbm,p4/mbm,False,False,new_composition,,,,,,,,127,2.180198907852173,False,2-4
CsIBr4,2CsICl4-1,CsICl4,p4/mbm,63,P4/mbm,Square (tp),3.619991290746435,0.0,Yes,Cl→Br,0.735,3.16,2.96,0.20000000000000018,0.79,0.94,0.1499999999999999,0.18987341772151886,medium,True,CsIBr4,p4/mbm,p4/mbm,False,False,new_composition,,,,,,,,131,2.6513915061950684,False,2-4
CsI5,2CsICl4-1,CsICl4,p4/mbm,63,P4/mbm,Square (tp),3.619991290746435,0.0,Yes,Cl→I,0.705,3.16,2.66,0.5,0.79,1.15,0.3599999999999999,0.4556962025316454,high,True,CsI5,p4/mbm,p4/mbm,False,False,new_composition,,,,,,,,132,2.259766101837158,False,2-4
LiIF4,2CsIF4-1,CsIF4,p4/mbm,63,P4/mbm,Square (tp),4.762112361273225,0.0,Yes,Cs→Li,0.86,0.79,0.98,0.18999999999999995,2.98,1.67,1.31,0.43959731543624164,high,True,LiIF4,p4/mbm,p4/mbm,False,False,new_composition,,,,,,,,133,3.6655988693237305,True,2-4
NaIF4,2CsIF4-1,CsIF4,p4/mbm,63,P4/mbm,Square (tp),4.762112361273225,0.0,Yes,Cs→Na,0.855,0.79,0.93,0.14,2.98,1.9,1.08,0.36241610738255037,high,True,NaIF4,p4/mbm,p4/mbm,False,False,new_composition,,,,,,,,134,3.901287078857422,True,2-4
CsF5,2CsIF4-1,CsIF4,p4/mbm,63,P4/mbm,Square (tp),4.762112361273225,0.0,Yes,I→F,0.94,2.66,3.98,1.3199999999999998,1.15,0.42,0.73,0.6347826086956522,high,True,CsF5,p4/mbm,p4/mbm,False,False,new_composition,,,,,,,,136,1.8130755424499512,False,0-2
SbNO4,2PSbO4-1,SbPO4,p2_1/m11,15,P2_1/m,Rectangular (op),5.769998647690189,0.004841107190361645,Yes,P→N,0.535,2.19,3.04,0.8500000000000001,0.98,0.56,0.41999999999999993,0.4285714285714285,high,True,SbNO4,p2_1/m11,p2_1/m11,False,False,new_composition,,,,,,,,140,2.9871044158935547,False,2-4
PNO4,2PSbO4-1,SbPO4,p2_1/m11,15,P2_1/m,Rectangular (op),5.769998647690189,0.004841107190361645,Yes,Sb→N,0.665,2.05,3.04,0.9900000000000002,1.33,0.56,0.77,0.5789473684210527,high,True,PNO4,p2_1/m11,p2_1/m11,False,False,new_composition,,,,,,,,143,2.5886011123657227,False,2-4
BiNO4,2BiPO4-1,BiPO4,p2_1/m11,15,P2_1/m,Rectangular (op),4.96949337906136,0.08120510124696405,Yes,P→N,0.51,2.19,3.04,0.8500000000000001,0.98,0.56,0.41999999999999993,0.4285714285714285,high,True,BiNO4,p2_1/m11,p2_1/m11,False,False,new_composition,,,,,,,,146,5.265061378479004,True,4-6
LiBrCl4,2BrKCl4-1,KBrCl4,p4/mbm,63,P4/mbm,Square (tp),3.67262571391008,0.001518735834271349,Yes,K→Li,0.875,0.82,0.98,0.16000000000000003,2.43,1.67,0.7600000000000002,0.3127572016460906,high,True,LiBrCl4,p4/mbm,p4/mbm,False,False,new_composition,,,,,,,,149,3.763620376586914,True,2-4
NaBrCl4,2BrKCl4-1,KBrCl4,p4/mbm,63,P4/mbm,Square (tp),3.67262571391008,0.001518735834271349,Yes,K→Na,0.86,0.82,0.93,0.1100000000000001,2.43,1.9,0.5300000000000002,0.21810699588477375,medium,True,NaBrCl4,p4/mbm,p4/mbm,False,False,new_composition,,,,,,,,150,3.5220017433166504,True,2-4
KBr5,2BrKCl4-1,KBrCl4,p4/mbm,63,P4/mbm,Square (tp),3.67262571391008,0.001518735834271349,Yes,Cl→Br,0.97,3.16,2.96,0.20000000000000018,0.79,0.94,0.1499999999999999,0.18987341772151886,medium,True,KBr5,p4/mbm,p4/mbm,False,False,new_composition,,,,,,,,153,3.1356964111328125,False,2-4
KI4Br,2BrKCl4-1,KBrCl4,p4/mbm,63,P4/mbm,Square (tp),3.67262571391008,0.001518735834271349,Yes,Cl→I,0.83,3.16,2.66,0.5,0.79,1.15,0.3599999999999999,0.4556962025316454,high,True,KI4Br,p4/mbm,p4/mbm,False,False,new_composition,,,,,,,,154,3.8461570739746094,True,2-4
KCl4F,2BrKCl4-1,KBrCl4,p4/mbm,63,P4/mbm,Square (tp),3.67262571391008,0.001518735834271349,Yes,Br→F,0.885,2.96,3.98,1.02,0.94,0.42,0.52,0.5531914893617021,high,True,KCl4F,p4/mbm,p4/mbm,False,False,new_composition,,,,,,,,155,0.9792465567588806,False,0-2
KF5,2ClKF4-1,KClF4,p4/mbm,63,P4/mbm,Square (tp),5.658228882379254,0.0,Yes,Cl→F,0.925,3.16,3.98,0.8199999999999998,0.79,0.42,0.37000000000000005,0.4683544303797469,high,True,KF5,p4/mbm,p4/mbm,False,False,new_composition,,,,,,,,157,5.432004928588867,True,4-6
KBr4Cl,2ClKF4-1,KClF4,p4/mbm,63,P4/mbm,Square (tp),5.658228882379254,0.0,Yes,F→Br,0.92,3.98,2.96,1.02,0.42,0.94,0.52,1.2380952380952381,high,True,KBr4Cl,p4/mbm,p4/mbm,False,False,new_composition,,,,,,,,158,3.6782026290893555,True,2-4
KI4Cl,2ClKF4-1,KClF4,p4/mbm,63,P4/mbm,Square (tp),5.658228882379254,0.0,Yes,F→I,0.915,3.98,2.66,1.3199999999999998,0.42,1.15,0.73,1.7380952380952381,high,True,KI4Cl,p4/mbm,p4/mbm,False,False,new_composition,,,,,,,,159,4.7443766593933105,True,4-6
LiClF4,2ClKF4-1,KClF4,p4/mbm,63,P4/mbm,Square (tp),5.658228882379254,0.0,Yes,K→Li,0.89,0.82,0.98,0.16000000000000003,2.43,1.67,0.7600000000000002,0.3127572016460906,high,True,LiClF4,p4/mbm,p4/mbm,False,False,new_composition,,,,,,,,160,5.4854559898376465,True,4-6
NaClF4,2ClKF4-1,KClF4,p4/mbm,63,P4/mbm,Square (tp),5.658228882379254,0.0,Yes,K→Na,0.86,0.82,0.93,0.1100000000000001,2.43,1.9,0.5300000000000002,0.21810699588477375,medium,True,NaClF4,p4/mbm,p4/mbm,False,False,new_composition,,,,,,,,161,5.41737699508667,True,4-6
ScCuCl4,1CuYCl4-1,YCuCl4,p-1,2,P-1,Oblique (mp),4.813375012088784,0.030140964470896314,Yes,Y→Sc,0.52,1.22,1.36,0.14000000000000012,2.12,1.84,0.28,0.1320754716981132,low,False,ScCuCl4,p-1,p-1,False,False,new_composition,,,,,,,,163,3.9123597145080566,True,2-4
YCuF4,1CuYCl4-1,YCuCl4,p-1,2,P-1,Oblique (mp),4.813375012088784,0.030140964470896314,Yes,Cl→F,0.695,3.16,3.98,0.8199999999999998,0.79,0.42,0.37000000000000005,0.4683544303797469,high,True,YCuF4,p-1,p-1,False,False,new_composition,,,,,,,,164,2.589385509490967,False,2-4
YCuBr4,1CuYCl4-1,YCuCl4,p-1,2,P-1,Oblique (mp),4.813375012088784,0.030140964470896314,Yes,Cl→Br,0.69,3.16,2.96,0.20000000000000018,0.79,0.94,0.1499999999999999,0.18987341772151886,medium,True,YCuBr4,p-1,p-1,False,False,new_composition,,,,,,,,165,3.996737003326416,True,2-4
YCuI4,1CuYCl4-1,YCuCl4,p-1,2,P-1,Oblique (mp),4.813375012088784,0.030140964470896314,Yes,Cl→I,0.625,3.16,2.66,0.5,0.79,1.15,0.3599999999999999,0.4556962025316454,high,True,YCuI4,p-1,p-1,False,False,new_composition,,,,,,,,166,2.900106430053711,False,2-4
KIBr4,2IKCl4-1,KICl4,p4/mbm,63,P4/mbm,Square (tp),3.571379152892664,0.0024375808136693302,Yes,Cl→Br,0.82,3.16,2.96,0.20000000000000018,0.79,0.94,0.1499999999999999,0.18987341772151886,medium,True,KIBr4,p4/mbm,p4/mbm,False,False,new_composition,,,,,,,,168,3.149017333984375,False,2-4
KI5,2IKCl4-1,KICl4,p4/mbm,63,P4/mbm,Square (tp),3.571379152892664,0.0024375808136693302,Yes,Cl→I,0.905,3.16,2.66,0.5,0.79,1.15,0.3599999999999999,0.4556962025316454,high,True,KI5,p4/mbm,p4/mbm,False,False,new_composition,,,,,,,,169,2.9750776290893555,False,2-4
RbBr5,2BrRbCl4-1,RbBrCl4,p4/mbm,63,P4/mbm,Square (tp),3.6608850852847032,0.0,Yes,Cl→Br,0.945,3.16,2.96,0.20000000000000018,0.79,0.94,0.1499999999999999,0.18987341772151886,medium,True,RbBr5,p4/mbm,p4/mbm,False,False,new_composition,,,,,,,,172,3.18776798248291,False,2-4
RbI4Br,2BrRbCl4-1,RbBrCl4,p4/mbm,63,P4/mbm,Square (tp),3.6608850852847032,0.0,Yes,Cl→I,0.76,3.16,2.66,0.5,0.79,1.15,0.3599999999999999,0.4556962025316454,high,True,RbI4Br,p4/mbm,p4/mbm,False,False,new_composition,,,,,,,,173,3.421762466430664,True,2-4
RbCl4F,2BrRbCl4-1,RbBrCl4,p4/mbm,63,P4/mbm,Square (tp),3.6608850852847032,0.0,Yes,Br→F,0.89,2.96,3.98,1.02,0.94,0.42,0.52,0.5531914893617021,high,True,RbCl4F,p4/mbm,p4/mbm,False,False,new_composition,,,,,,,,174,0.7302079796791077,False,0-2
RbIBr4,2IRbCl4-1,RbICl4,p4/mbm,63,P4/mbm,Square (tp),3.6038306957424178,0.0,Yes,Cl→Br,0.76,3.16,2.96,0.20000000000000018,0.79,0.94,0.1499999999999999,0.18987341772151886,medium,True,RbIBr4,p4/mbm,p4/mbm,False,False,new_composition,,,,,,,,177,3.2457499504089355,False,2-4
RbI5,2IRbCl4-1,RbICl4,p4/mbm,63,P4/mbm,Square (tp),3.6038306957424178,0.0,Yes,Cl→I,0.855,3.16,2.66,0.5,0.79,1.15,0.3599999999999999,0.4556962025316454,high,True,RbI5,p4/mbm,p4/mbm,False,False,new_composition,,,,,,,,178,2.890956401824951,False,2-4
LiBrF4,2BrKF4-1,KBrF4,p4/mbm,63,P4/mbm,Square (tp),5.160503542441187,0.06320680420435565,Yes,K→Li,0.88,0.82,0.98,0.16000000000000003,2.43,1.67,0.7600000000000002,0.3127572016460906,high,True,LiBrF4,p4/mbm,p4/mbm,False,False,new_composition,,,,,,,,180,5.115254878997803,True,4-6
NaBrF4,2BrKF4-1,KBrF4,p4/mbm,63,P4/mbm,Square (tp),5.160503542441187,0.06320680420435565,Yes,K→Na,0.865,0.82,0.93,0.1100000000000001,2.43,1.9,0.5300000000000002,0.21810699588477375,medium,True,NaBrF4,p4/mbm,p4/mbm,False,False,new_composition,,,,,,,,181,5.069770812988281,True,4-6
LiClO3,2ClRbO3-1,RbClO3,p2_1/m11,15,P2_1/m,Rectangular (op),6.795183220703832,0.06181947680062842,Yes,Rb→Li,0.87,0.82,0.98,0.16000000000000003,2.65,1.67,0.98,0.369811320754717,high,True,LiClO3,p2_1/m11,p2_1/m11,False,False,new_composition,,,,,,,,184,7.1182355880737305,True,6-8
RbO3F,2ClRbO3-1,RbClO3,p2_1/m11,15,P2_1/m,Rectangular (op),6.795183220703832,0.06181947680062842,Yes,Cl→F,0.82,3.16,3.98,0.8199999999999998,0.79,0.42,0.37000000000000005,0.4683544303797469,high,True,RbO3F,p2_1/m11,p2_1/m11,False,False,new_composition,,,,,,,,187,5.632248401641846,True,4-6
CaAgF3,2AgCaCl3-1,CaAgCl3,p-31m,71,P-31m,Hexagonal (hp),4.977593596418084,5.378138823246559e-05,Yes,Cl→F,0.935,3.16,3.98,0.8199999999999998,0.79,0.42,0.37000000000000005,0.4683544303797469,high,True,CaAgF3,p-31m,p-31m,False,False,new_composition,,,,,,,,190,6.107631683349609,True,6-8
BeAgCl3,2AgCaCl3-1,CaAgCl3,p-31m,71,P-31m,Hexagonal (hp),4.977593596418084,5.378138823246559e-05,Yes,Ca→Be,0.75,1.0,1.57,0.5700000000000001,1.94,1.12,0.8199999999999998,0.42268041237113396,high,True,BeAgCl3,p-31m,p-31m,False,False,new_composition,,,,,,,,193,4.764050006866455,True,4-6
SrAgCl3,2AgCaCl3-1,CaAgCl3,p-31m,71,P-31m,Hexagonal (hp),4.977593596418084,5.378138823246559e-05,Yes,Ca→Sr,0.95,1.0,0.95,0.050000000000000044,1.94,2.19,0.25,0.1288659793814433,low,False,SrAgCl3,p-31m,p-31m,False,False,new_composition,,,,,,,,195,4.19038200378418,True,4-6
BaAgCl3,2AgCaCl3-1,CaAgCl3,p-31m,71,P-31m,Hexagonal (hp),4.977593596418084,5.378138823246559e-05,Yes,Ca→Ba,0.845,1.0,0.89,0.10999999999999999,1.94,2.53,0.5899999999999999,0.3041237113402061,high,True,BaAgCl3,p-31m,p-31m,False,False,new_composition,,,,,,,,196,4.8075690269470215,True,4-6
NaMnBr3,2LiMnBr3-1,LiMnBr3,p-31m,71,P-31m,Hexagonal (hp),4.745187548083139,0.040271511757406134,Yes,Li→Na,0.66,0.98,0.93,0.04999999999999993,1.67,1.9,0.22999999999999998,0.1377245508982036,low,False,NaMnBr3,p-31m,p-31m,False,False,new_composition,,,,,,,,197,3.2986602783203125,False,2-4
KMnBr3,2LiMnBr3-1,LiMnBr3,p-31m,71,P-31m,Hexagonal (hp),4.745187548083139,0.040271511757406134,Yes,Li→K,0.56,0.98,0.82,0.16000000000000003,1.67,2.43,0.7600000000000002,0.4550898203592816,high,True,KMnBr3,p-31m,p-31m,False,False,new_composition,,,,,,,,198,3.2379212379455566,False,2-4
RbMnBr3,2LiMnBr3-1,LiMnBr3,p-31m,71,P-31m,Hexagonal (hp),4.745187548083139,0.040271511757406134,Yes,Li→Rb,0.5,0.98,0.82,0.16000000000000003,1.67,2.65,0.98,0.5868263473053892,high,True,RbMnBr3,p-31m,p-31m,False,False,new_composition,,,,,,,,199,1.8365163803100586,False,0-2
LiMnF3,2LiMnBr3-1,LiMnBr3,p-31m,71,P-31m,Hexagonal (hp),4.745187548083139,0.040271511757406134,Yes,Br→F,0.73,2.96,3.98,1.02,0.94,0.42,0.52,0.5531914893617021,high,True,LiMnF3,p-31m,p-31m,False,False,new_composition,,,,,,,,200,4.26141357421875,True,4-6
BeAgBr3,2AgCaBr3-1,CaAgBr3,p-31m,71,P-31m,Hexagonal (hp),4.3869873792919325,0.0014465910885025578,Yes,Ca→Be,0.72,1.0,1.57,0.5700000000000001,1.94,1.12,0.8199999999999998,0.42268041237113396,high,True,BeAgBr3,p-31m,p-31m,False,False,new_composition,,,,,,,,203,3.914304256439209,True,2-4
BaAgBr3,2AgCaBr3-1,CaAgBr3,p-31m,71,P-31m,Hexagonal (hp),4.3869873792919325,0.0014465910885025578,Yes,Ca→Ba,0.71,1.0,0.89,0.10999999999999999,1.94,2.53,0.5899999999999999,0.3041237113402061,high,True,BaAgBr3,p-31m,p-31m,False,False,new_composition,,,,,,,,206,3.8108325004577637,True,2-4
LiNO3,2CsNO3-1,CsNO3,p2_1/m11,15,P2_1/m,Rectangular (op),5.324298339270695,0.0,Yes,Cs→Li,0.855,0.79,0.98,0.18999999999999995,2.98,1.67,1.31,0.43959731543624164,high,True,LiNO3,p2_1/m11,p2_1/m11,False,False,new_composition,,,,,,,,208,4.161329746246338,True,4-6
CsPO3,2CsNO3-1,CsNO3,p2_1/m11,15,P2_1/m,Rectangular (op),5.324298339270695,0.0,Yes,N→P,0.715,3.04,2.19,0.8500000000000001,0.56,0.98,0.41999999999999993,0.7499999999999998,high,True,CsPO3,p2_1/m11,p2_1/m11,False,False,new_composition,,,,,,,,211,5.613558292388916,True,4-6
CsAsO3,2CsNO3-1,CsNO3,p2_1/m11,15,P2_1/m,Rectangular (op),5.324298339270695,0.0,Yes,N→As,0.705,3.04,2.18,0.8599999999999999,0.56,1.14,0.5799999999999998,1.0357142857142854,high,True,CsAsO3,p2_1/m11,p2_1/m11,False,False,new_composition,,,,,,,,212,6.375959396362305,True,6-8
CsSbO3,2CsNO3-1,CsNO3,p2_1/m11,15,P2_1/m,Rectangular (op),5.324298339270695,0.0,Yes,N→Sb,0.625,3.04,2.05,0.9900000000000002,0.56,1.33,0.77,1.375,high,True,CsSbO3,p2_1/m11,p2_1/m11,False,False,new_composition,,,,,,,,213,6.9137372970581055,True,6-8
LiCdF3,2CdLiCl3-1,LiCdCl3,p-31m,71,P-31m,Hexagonal (hp),5.422771206052861,0.035453049291366764,Yes,Cl→F,0.755,3.16,3.98,0.8199999999999998,0.79,0.42,0.37000000000000005,0.4683544303797469,high,True,LiCdF3,p-31m,p-31m,False,False,new_composition,,,,,,,,214,6.242985248565674,True,6-8
NaCdCl3,2CdLiCl3-1,LiCdCl3,p-31m,71,P-31m,Hexagonal (hp),5.422771206052861,0.035453049291366764,Yes,Li→Na,0.93,0.98,0.93,0.04999999999999993,1.67,1.9,0.22999999999999998,0.1377245508982036,low,False,NaCdCl3,p-31m,p-31m,False,False,new_composition,,,,,,,,216,5.371504306793213,True,4-6
KCdCl3,2CdLiCl3-1,LiCdCl3,p-31m,71,P-31m,Hexagonal (hp),5.422771206052861,0.035453049291366764,Yes,Li→K,0.905,0.98,0.82,0.16000000000000003,1.67,2.43,0.7600000000000002,0.4550898203592816,high,True,KCdCl3,p-31m,p-31m,False,False,new_composition,,,,,,,,217,5.394475936889648,True,4-6
RbCdCl3,2CdLiCl3-1,LiCdCl3,p-31m,71,P-31m,Hexagonal (hp),5.422771206052861,0.035453049291366764,Yes,Li→Rb,0.865,0.98,0.82,0.16000000000000003,1.67,2.65,0.98,0.5868263473053892,high,True,RbCdCl3,p-31m,p-31m,False,False,new_composition,,,,,,,,218,4.6906280517578125,True,4-6
CsCdCl3,2CdLiCl3-1,LiCdCl3,p-31m,71,P-31m,Hexagonal (hp),5.422771206052861,0.035453049291366764,Yes,Li→Cs,0.7,0.98,0.79,0.18999999999999995,1.67,2.98,1.31,0.784431137724551,high,True,CsCdCl3,p-31m,p-31m,False,False,new_composition,,,,,,,,219,4.767836570739746,True,4-6
SrLiI3,2NaSrI3-1,NaSrI3,p-31m,71,P-31m,Hexagonal (hp),4.712225290689499,0.05515423417875383,Yes,Na→Li,0.9,0.93,0.98,0.04999999999999993,1.9,1.67,0.22999999999999998,0.12105263157894737,low,False,SrLiI3,p-31m,p-31m,False,False,new_composition,,,,,,,,220,4.986696243286133,True,4-6
KSrI3,2NaSrI3-1,NaSrI3,p-31m,71,P-31m,Hexagonal (hp),4.712225290689499,0.05515423417875383,Yes,Na→K,0.72,0.93,0.82,0.1100000000000001,1.9,2.43,0.5300000000000002,0.2789473684210528,medium,True,KSrI3,p-31m,p-31m,False,False,new_composition,,,,,,,,221,3.89268159866333,True,2-4
RbSrI3,2NaSrI3-1,NaSrI3,p-31m,71,P-31m,Hexagonal (hp),4.712225290689499,0.05515423417875383,Yes,Na→Rb,0.71,0.93,0.82,0.1100000000000001,1.9,2.65,0.75,0.39473684210526316,high,True,RbSrI3,p-31m,p-31m,False,False,new_composition,,,,,,,,222,4.106520175933838,True,4-6
CsSrI3,2NaSrI3-1,NaSrI3,p-31m,71,P-31m,Hexagonal (hp),4.712225290689499,0.05515423417875383,Yes,Na→Cs,0.685,0.93,0.79,0.14,1.9,2.98,1.08,0.568421052631579,high,True,CsSrI3,p-31m,p-31m,False,False,new_composition,,,,,,,,223,3.649662971496582,True,2-4
NaSrF3,2NaSrI3-1,NaSrI3,p-31m,71,P-31m,Hexagonal (hp),4.712225290689499,0.05515423417875383,Yes,I→F,0.93,2.66,3.98,1.3199999999999998,1.15,0.42,0.73,0.6347826086956522,high,True,NaSrF3,p-31m,p-31m,False,False,new_composition,,,,,,,,224,9.1738862991333,True,8-10
NaSrCl3,2NaSrI3-1,NaSrI3,p-31m,71,P-31m,Hexagonal (hp),4.712225290689499,0.05515423417875383,Yes,I→Cl,0.81,2.66,3.16,0.5,1.15,0.79,0.3599999999999999,0.3130434782608695,high,True,NaSrCl3,p-31m,p-31m,False,False,new_composition,,,,,,,,225,7.578201770782471,True,6-8
NaSrBr3,2NaSrI3-1,NaSrI3,p-31m,71,P-31m,Hexagonal (hp),4.712225290689499,0.05515423417875383,Yes,I→Br,0.805,2.66,2.96,0.2999999999999998,1.15,0.94,0.20999999999999996,0.18260869565217389,medium,True,NaSrBr3,p-31m,p-31m,False,False,new_composition,,,,,,,,226,6.353784084320068,True,6-8
NaBeI3,2NaSrI3-1,NaSrI3,p-31m,71,P-31m,Hexagonal (hp),4.712225290689499,0.05515423417875383,Yes,Sr→Be,0.93,0.95,1.57,0.6200000000000001,2.19,1.12,1.0699999999999998,0.48858447488584467,high,True,NaBeI3,p-31m,p-31m,False,False,new_composition,,,,,,,,227,4.950212001800537,True,4-6
NaMgI3,2NaSrI3-1,NaSrI3,p-31m,71,P-31m,Hexagonal (hp),4.712225290689499,0.05515423417875383,Yes,Sr→Mg,0.88,0.95,1.31,0.3600000000000001,2.19,1.45,0.74,0.3378995433789954,high,True,NaMgI3,p-31m,p-31m,False,False,new_composition,,,,,,,,228,4.65604305267334,True,4-6
BaNaI3,2NaSrI3-1,NaSrI3,p-31m,71,P-31m,Hexagonal (hp),4.712225290689499,0.05515423417875383,Yes,Sr→Ba,0.83,0.95,0.89,0.05999999999999994,2.19,2.53,0.33999999999999986,0.15525114155251135,medium,True,BaNaI3,p-31m,p-31m,False,False,new_composition,,,,,,,,230,4.466765880584717,True,4-6
MgAgF3,2AgMgBr3-1,MgAgBr3,p-31m,71,P-31m,Hexagonal (hp),4.269294399239725,0.01098097541563714,Yes,Br→F,0.82,2.96,3.98,1.02,0.94,0.42,0.52,0.5531914893617021,high,True,MgAgF3,p-31m,p-31m,False,False,new_composition,,,,,,,,231,5.943068981170654,True,4-6
KO3F,2ClKO3-1,KClO3,p2_1/m11,15,P2_1/m,Rectangular (op),7.00366850108305,0.06648555661043716,Yes,Cl→F,0.825,3.16,3.98,0.8199999999999998,0.79,0.42,0.37000000000000005,0.4683544303797469,high,True,KO3F,p2_1/m11,p2_1/m11,False,False,new_composition,,,,,,,,233,6.25687837600708,True,6-8
SbNO3,2AsSbO3-1,SbAsO3,p11a,5,Pc,Oblique (mp),5.103340051266794,0.0,Yes,As→N,0.525,2.18,3.04,0.8599999999999999,1.14,0.56,0.5799999999999998,0.5087719298245613,high,True,SbNO3,p11a,p11a,False,False,new_composition,,,,,,,,238,2.3516931533813477,False,2-4
AsNO3,2AsSbO3-1,SbAsO3,p11a,5,Pc,Oblique (mp),5.103340051266794,0.0,Yes,Sb→N,0.6,2.05,3.04,0.9900000000000002,1.33,0.56,0.77,0.5789473684210527,high,True,AsNO3,p11a,p11a,False,False,new_composition,,,,,,,,241,3.5131335258483887,True,2-4
SrAgF3,2AgSrI3-1,SrAgI3,p-31m,71,P-31m,Hexagonal (hp),3.706506256927966,0.018911016305791506,Yes,I→F,0.865,2.66,3.98,1.3199999999999998,1.15,0.42,0.73,0.6347826086956522,high,True,SrAgF3,p-31m,p-31m,False,False,new_composition,,,,,,,,244,5.035387992858887,True,4-6
BaAgI3,2AgSrI3-1,SrAgI3,p-31m,71,P-31m,Hexagonal (hp),3.706506256927966,0.018911016305791506,Yes,Sr→Ba,0.605,0.95,0.89,0.05999999999999994,2.19,2.53,0.33999999999999986,0.15525114155251135,medium,True,BaAgI3,p-31m,p-31m,False,False,new_composition,,,,,,,,245,3.3894033432006836,False,2-4
InNO3,2InSbO3-1,InSbO3,p-31m,71,P-31m,Hexagonal (hp),4.247006353099858,0.025321849374576287,Yes,Sb→N,0.52,2.05,3.04,0.9900000000000002,1.33,0.56,0.77,0.5789473684210527,high,True,InNO3,p-31m,p-31m,False,False,new_composition,,,,,,,,246,4.405289649963379,True,4-6
AlNO3,2AlAsO3-1,AlAsO3,p-31m,71,P-31m,Hexagonal (hp),5.969293617398447,0.0,Yes,As→N,0.585,2.18,3.04,0.8599999999999999,1.14,0.56,0.5799999999999998,0.5087719298245613,high,True,AlNO3,p-31m,p-31m,False,False,new_composition,,,,,,,,249,4.415619850158691,True,4-6
BAsO3,2AlAsO3-1,AlAsO3,p-31m,71,P-31m,Hexagonal (hp),5.969293617398447,0.0,Yes,Al→B,0.62,1.61,2.04,0.42999999999999994,1.18,0.87,0.30999999999999994,0.2627118644067796,medium,True,BAsO3,p-31m,p-31m,False,False,new_composition,,,,,,,,252,6.104794025421143,True,6-8
SrCuI3,2CuMgI3-1,MgCuI3,p-31m,71,P-31m,Hexagonal (hp),4.017883932987779,0.020512095773533457,Yes,Mg→Sr,0.88,1.31,0.95,0.3600000000000001,1.45,2.19,0.74,0.5103448275862069,high,True,SrCuI3,p-31m,p-31m,False,False,new_composition,,,,,,,,255,3.620643138885498,True,2-4
BaCuI3,2CuMgI3-1,MgCuI3,p-31m,71,P-31m,Hexagonal (hp),4.017883932987779,0.020512095773533457,Yes,Mg→Ba,0.66,1.31,0.89,0.42000000000000004,1.45,2.53,1.0799999999999998,0.7448275862068965,high,True,BaCuI3,p-31m,p-31m,False,False,new_composition,,,,,,,,256,3.5047335624694824,True,2-4
MgCuF3,2CuMgI3-1,MgCuI3,p-31m,71,P-31m,Hexagonal (hp),4.017883932987779,0.020512095773533457,Yes,I→F,0.735,2.66,3.98,1.3199999999999998,1.15,0.42,0.73,0.6347826086956522,high,True,MgCuF3,p-31m,p-31m,False,False,new_composition,,,,,,,,257,6.482892036437988,True,6-8
MgCuCl3,2CuMgI3-1,MgCuI3,p-31m,71,P-31m,Hexagonal (hp),4.017883932987779,0.020512095773533457,Yes,I→Cl,0.79,2.66,3.16,0.5,1.15,0.79,0.3599999999999999,0.3130434782608695,high,True,MgCuCl3,p-31m,p-31m,False,False,new_composition,,,,,,,,258,5.6754231452941895,True,4-6
BeCuBr3,2CuMgBr3-1,MgCuBr3,p-31m,71,P-31m,Hexagonal (hp),4.595893458217286,0.01795218967633865,Yes,Mg→Be,0.715,1.31,1.57,0.26,1.45,1.12,0.32999999999999985,0.22758620689655162,medium,True,BeCuBr3,p-31m,p-31m,False,False,new_composition,,,,,,,,260,2.8255319595336914,False,2-4
CaCuBr3,2CuMgBr3-1,MgCuBr3,p-31m,71,P-31m,Hexagonal (hp),4.595893458217286,0.01795218967633865,Yes,Mg→Ca,0.905,1.31,1.0,0.31000000000000005,1.45,1.94,0.49,0.33793103448275863,high,True,CaCuBr3,p-31m,p-31m,False,False,new_composition,,,,,,,,261,4.566516399383545,True,4-6
SrCuBr3,2CuMgBr3-1,MgCuBr3,p-31m,71,P-31m,Hexagonal (hp),4.595893458217286,0.01795218967633865,Yes,Mg→Sr,0.9,1.31,0.95,0.3600000000000001,1.45,2.19,0.74,0.5103448275862069,high,True,SrCuBr3,p-31m,p-31m,False,False,new_composition,,,,,,,,262,4.459156513214111,True,4-6
BaCuBr3,2CuMgBr3-1,MgCuBr3,p-31m,71,P-31m,Hexagonal (hp),4.595893458217286,0.01795218967633865,Yes,Mg→Ba,0.735,1.31,0.89,0.42000000000000004,1.45,2.53,1.0799999999999998,0.7448275862068965,high,True,BaCuBr3,p-31m,p-31m,False,False,new_composition,,,,,,,,263,3.9140477180480957,True,2-4
LiBeBr3,2LiMgBr3-1,LiMgBr3,p-31m,71,P-31m,Hexagonal (hp),5.674179509123846,0.04101406104567218,Yes,Mg→Be,0.95,1.31,1.57,0.26,1.45,1.12,0.32999999999999985,0.22758620689655162,medium,True,LiBeBr3,p-31m,p-31m,False,False,new_composition,,,,,,,,265,5.856773376464844,True,4-6
LiCaBr3,2LiMgBr3-1,LiMgBr3,p-31m,71,P-31m,Hexagonal (hp),5.674179509123846,0.04101406104567218,Yes,Mg→Ca,0.845,1.31,1.0,0.31000000000000005,1.45,1.94,0.49,0.33793103448275863,high,True,LiCaBr3,p-31m,p-31m,False,False,new_composition,,,,,,,,266,6.011180877685547,True,6-8
SrLiBr3,2LiMgBr3-1,LiMgBr3,p-31m,71,P-31m,Hexagonal (hp),5.674179509123846,0.04101406104567218,Yes,Mg→Sr,0.835,1.31,0.95,0.3600000000000001,1.45,2.19,0.74,0.5103448275862069,high,True,SrLiBr3,p-31m,p-31m,False,False,new_composition,,,,,,,,267,5.484180927276611,True,4-6
BaLiBr3,2LiMgBr3-1,LiMgBr3,p-31m,71,P-31m,Hexagonal (hp),5.674179509123846,0.04101406104567218,Yes,Mg→Ba,0.845,1.31,0.89,0.42000000000000004,1.45,2.53,1.0799999999999998,0.7448275862068965,high,True,BaLiBr3,p-31m,p-31m,False,False,new_composition,,,,,,,,268,4.885239124298096,True,4-6
NaMgBr3,2LiMgBr3-1,LiMgBr3,p-31m,71,P-31m,Hexagonal (hp),5.674179509123846,0.04101406104567218,Yes,Li→Na,0.905,0.98,0.93,0.04999999999999993,1.67,1.9,0.22999999999999998,0.1377245508982036,low,False,NaMgBr3,p-31m,p-31m,False,False,new_composition,,,,,,,,269,5.7948689460754395,True,4-6
KMgBr3,2LiMgBr3-1,LiMgBr3,p-31m,71,P-31m,Hexagonal (hp),5.674179509123846,0.04101406104567218,Yes,Li→K,0.745,0.98,0.82,0.16000000000000003,1.67,2.43,0.7600000000000002,0.4550898203592816,high,True,KMgBr3,p-31m,p-31m,False,False,new_composition,,,,,,,,270,5.3183207511901855,True,4-6
RbMgBr3,2LiMgBr3-1,LiMgBr3,p-31m,71,P-31m,Hexagonal (hp),5.674179509123846,0.04101406104567218,Yes,Li→Rb,0.74,0.98,0.82,0.16000000000000003,1.67,2.65,0.98,0.5868263473053892,high,True,RbMgBr3,p-31m,p-31m,False,False,new_composition,,,,,,,,271,4.483839988708496,True,4-6
CsMgBr3,2LiMgBr3-1,LiMgBr3,p-31m,71,P-31m,Hexagonal (hp),5.674179509123846,0.04101406104567218,Yes,Li→Cs,0.77,0.98,0.79,0.18999999999999995,1.67,2.98,1.31,0.784431137724551,high,True,CsMgBr3,p-31m,p-31m,False,False,new_composition,,,,,,,,272,5.00541353225708,True,4-6
LiMgF3,2LiMgBr3-1,LiMgBr3,p-31m,71,P-31m,Hexagonal (hp),5.674179509123846,0.04101406104567218,Yes,Br→F,0.955,2.96,3.98,1.02,0.94,0.42,0.52,0.5531914893617021,high,True,LiMgF3,p-31m,p-31m,False,False,new_composition,,,,,,,,273,9.693941116333008,True,8-10
KCaI3,2CaNaI3-1,NaCaI3,p-31m,71,P-31m,Hexagonal (hp),4.678803649065653,0.05939036707001346,Yes,Na→K,0.78,0.93,0.82,0.1100000000000001,1.9,2.43,0.5300000000000002,0.2789473684210528,medium,True,KCaI3,p-31m,p-31m,False,False,new_composition,,,,,,,,277,3.687147617340088,True,2-4
RbCaI3,2CaNaI3-1,NaCaI3,p-31m,71,P-31m,Hexagonal (hp),4.678803649065653,0.05939036707001346,Yes,Na→Rb,0.755,0.93,0.82,0.1100000000000001,1.9,2.65,0.75,0.39473684210526316,high,True,RbCaI3,p-31m,p-31m,False,False,new_composition,,,,,,,,278,3.8643798828125,True,2-4
CsCaI3,2CaNaI3-1,NaCaI3,p-31m,71,P-31m,Hexagonal (hp),4.678803649065653,0.05939036707001346,Yes,Na→Cs,0.725,0.93,0.79,0.14,1.9,2.98,1.08,0.568421052631579,high,True,CsCaI3,p-31m,p-31m,False,False,new_composition,,,,,,,,279,3.507009983062744,True,2-4
NaCaF3,2CaNaI3-1,NaCaI3,p-31m,71,P-31m,Hexagonal (hp),4.678803649065653,0.05939036707001346,Yes,I→F,0.915,2.66,3.98,1.3199999999999998,1.15,0.42,0.73,0.6347826086956522,high,True,NaCaF3,p-31m,p-31m,False,False,new_composition,,,,,,,,280,9.788369178771973,True,8-10
NaCaCl3,2CaNaI3-1,NaCaI3,p-31m,71,P-31m,Hexagonal (hp),4.678803649065653,0.05939036707001346,Yes,I→Cl,0.825,2.66,3.16,0.5,1.15,0.79,0.3599999999999999,0.3130434782608695,high,True,NaCaCl3,p-31m,p-31m,False,False,new_composition,,,,,,,,281,7.668360710144043,True,6-8
NaCaBr3,2CaNaI3-1,NaCaI3,p-31m,71,P-31m,Hexagonal (hp),4.678803649065653,0.05939036707001346,Yes,I→Br,0.805,2.66,2.96,0.2999999999999998,1.15,0.94,0.20999999999999996,0.18260869565217389,medium,True,NaCaBr3,p-31m,p-31m,False,False,new_composition,,,,,,,,282,6.267475128173828,True,6-8
RbPO3,2NRbO3-1,RbNO3,p2_1/m11,15,P2_1/m,Rectangular (op),5.286226532964832,0.0,Yes,N→P,0.705,3.04,2.19,0.8500000000000001,0.56,0.98,0.41999999999999993,0.7499999999999998,high,True,RbPO3,p2_1/m11,p2_1/m11,False,False,new_composition,,,,,,,,284,6.256536483764648,True,6-8
RbAsO3,2NRbO3-1,RbNO3,p2_1/m11,15,P2_1/m,Rectangular (op),5.286226532964832,0.0,Yes,N→As,0.75,3.04,2.18,0.8599999999999999,0.56,1.14,0.5799999999999998,1.0357142857142854,high,True,RbAsO3,p2_1/m11,p2_1/m11,False,False,new_composition,,,,,,,,285,7.043325424194336,True,6-8
RbSbO3,2NRbO3-1,RbNO3,p2_1/m11,15,P2_1/m,Rectangular (op),5.286226532964832,0.0,Yes,N→Sb,0.725,3.04,2.05,0.9900000000000002,0.56,1.33,0.77,1.375,high,True,RbSbO3,p2_1/m11,p2_1/m11,False,False,new_composition,,,,,,,,286,6.4385600090026855,True,6-8
NaMnCl3,2LiMnCl3-1,LiMnCl3,p-31m,71,P-31m,Hexagonal (hp),5.383826679282638,0.032962796714218,Yes,Li→Na,0.885,0.98,0.93,0.04999999999999993,1.67,1.9,0.22999999999999998,0.1377245508982036,low,False,NaMnCl3,p-31m,p-31m,False,False,new_composition,,,,,,,,290,4.494661808013916,True,4-6
KMnCl3,2LiMnCl3-1,LiMnCl3,p-31m,71,P-31m,Hexagonal (hp),5.383826679282638,0.032962796714218,Yes,Li→K,0.815,0.98,0.82,0.16000000000000003,1.67,2.43,0.7600000000000002,0.4550898203592816,high,True,KMnCl3,p-31m,p-31m,False,False,new_composition,,,,,,,,291,3.061372756958008,False,2-4
RbMnCl3,2LiMnCl3-1,LiMnCl3,p-31m,71,P-31m,Hexagonal (hp),5.383826679282638,0.032962796714218,Yes,Li→Rb,0.81,0.98,0.82,0.16000000000000003,1.67,2.65,0.98,0.5868263473053892,high,True,RbMnCl3,p-31m,p-31m,False,False,new_composition,,,,,,,,292,1.408936619758606,False,0-2
CsMnCl3,2LiMnCl3-1,LiMnCl3,p-31m,71,P-31m,Hexagonal (hp),5.383826679282638,0.032962796714218,Yes,Li→Cs,0.825,0.98,0.79,0.18999999999999995,1.67,2.98,1.31,0.784431137724551,high,True,CsMnCl3,p-31m,p-31m,False,False,new_composition,,,,,,,,293,2.7272515296936035,False,2-4
YSbO3,2SbScO3-1,ScSbO3,p-31m,71,P-31m,Hexagonal (hp),5.077438341403328,0.017569160434504384,Yes,Sc→Y,0.635,1.36,1.22,0.14000000000000012,1.84,2.12,0.28,0.15217391304347827,medium,True,YSbO3,p-31m,p-31m,False,False,new_composition,,,,,,,,294,4.460785865783691,True,4-6
CsO3F,2ClCsO3-1,CsClO3,p2_1/m11,15,P2_1/m,Rectangular (op),6.615898979552831,0.05953217352885334,Yes,Cl→F,0.795,3.16,3.98,0.8199999999999998,0.79,0.42,0.37000000000000005,0.4683544303797469,high,True,CsO3F,p2_1/m11,p2_1/m11,False,False,new_composition,,,,,,,,297,4.879428863525391,True,4-6
CoNO3,2CoSbO3-1,CoSbO3,p-31m,71,P-31m,Hexagonal (hp),3.6425457212431938,0.05144821819556604,Yes,Sb→N,0.525,2.05,3.04,0.9900000000000002,1.33,0.56,0.77,0.5789473684210527,high,True,CoNO3,p-31m,p-31m,False,False,new_composition,,,,,,,,301,1.2888035774230957,False,0-2
CaCuF3,2CaCuI3-1,CaCuI3,p-31m,71,P-31m,Hexagonal (hp),4.14049417821903,0.028273355013463862,Yes,I→F,0.835,2.66,3.98,1.3199999999999998,1.15,0.42,0.73,0.6347826086956522,high,True,CaCuF3,p-31m,p-31m,False,False,new_composition,,,,,,,,302,5.1227617263793945,True,4-6
ZnCO3,2GeZnO3-1,ZnGeO3,p-31m,71,P-31m,Hexagonal (hp),4.446110333053714,0.11933395552917467,Yes,Ge→C,0.575,2.01,2.55,0.54,1.25,0.67,0.58,0.46399999999999997,high,True,ZnCO3,p-31m,p-31m,False,False,new_composition,,,,,,,,305,5.713843822479248,True,4-6
LiBeI3,2LiMgI3-1,LiMgI3,p-31m,71,P-31m,Hexagonal (hp),4.513965972185354,0.0534441506616302,Yes,Mg→Be,0.855,1.31,1.57,0.26,1.45,1.12,0.32999999999999985,0.22758620689655162,medium,True,LiBeI3,p-31m,p-31m,False,False,new_composition,,,,,,,,307,4.871477127075195,True,4-6
BaLiI3,2LiMgI3-1,LiMgI3,p-31m,71,P-31m,Hexagonal (hp),4.513965972185354,0.0534441506616302,Yes,Mg→Ba,0.865,1.31,0.89,0.42000000000000004,1.45,2.53,1.0799999999999998,0.7448275862068965,high,True,BaLiI3,p-31m,p-31m,False,False,new_composition,,,,,,,,308,3.945335865020752,True,2-4
KMgI3,2LiMgI3-1,LiMgI3,p-31m,71,P-31m,Hexagonal (hp),4.513965972185354,0.0534441506616302,Yes,Li→K,0.78,0.98,0.82,0.16000000000000003,1.67,2.43,0.7600000000000002,0.4550898203592816,high,True,KMgI3,p-31m,p-31m,False,False,new_composition,,,,,,,,310,4.176044940948486,True,4-6
RbMgI3,2LiMgI3-1,LiMgI3,p-31m,71,P-31m,Hexagonal (hp),4.513965972185354,0.0534441506616302,Yes,Li→Rb,0.8,0.98,0.82,0.16000000000000003,1.67,2.65,0.98,0.5868263473053892,high,True,RbMgI3,p-31m,p-31m,False,False,new_composition,,,,,,,,311,3.622525691986084,True,2-4
CsMgI3,2LiMgI3-1,LiMgI3,p-31m,71,P-31m,Hexagonal (hp),4.513965972185354,0.0534441506616302,Yes,Li→Cs,0.76,0.98,0.79,0.18999999999999995,1.67,2.98,1.31,0.784431137724551,high,True,CsMgI3,p-31m,p-31m,False,False,new_composition,,,,,,,,312,3.320103168487549,False,2-4
GaNO3,2GaSbO3-1,GaSbO3,p-31m,71,P-31m,Hexagonal (hp),4.973032755334708,0.0,Yes,Sb→N,0.615,2.05,3.04,0.9900000000000002,1.33,0.56,0.77,0.5789473684210527,high,True,GaNO3,p-31m,p-31m,False,False,new_composition,,,,,,,,316,2.747927665710449,False,2-4
NaCdBr3,2CdLiBr3-1,LiCdBr3,p-31m,71,P-31m,Hexagonal (hp),4.402416551650122,0.03868142673461854,Yes,Li→Na,0.625,0.98,0.93,0.04999999999999993,1.67,1.9,0.22999999999999998,0.1377245508982036,low,False,NaCdBr3,p-31m,p-31m,False,False,new_composition,,,,,,,,319,4.572573184967041,True,4-6
KCdBr3,2CdLiBr3-1,LiCdBr3,p-31m,71,P-31m,Hexagonal (hp),4.402416551650122,0.03868142673461854,Yes,Li→K,0.63,0.98,0.82,0.16000000000000003,1.67,2.43,0.7600000000000002,0.4550898203592816,high,True,KCdBr3,p-31m,p-31m,False,False,new_composition,,,,,,,,320,4.813859939575195,True,4-6
RbCdBr3,2CdLiBr3-1,LiCdBr3,p-31m,71,P-31m,Hexagonal (hp),4.402416551650122,0.03868142673461854,Yes,Li→Rb,0.525,0.98,0.82,0.16000000000000003,1.67,2.65,0.98,0.5868263473053892,high,True,RbCdBr3,p-31m,p-31m,False,False,new_composition,,,,,,,,321,4.488627910614014,True,4-6
LiBeCl3,2LiMgCl3-1,LiMgCl3,p-31m,71,P-31m,Hexagonal (hp),7.012333418928682,0.03439843260186777,Yes,Mg→Be,0.96,1.31,1.57,0.26,1.45,1.12,0.32999999999999985,0.22758620689655162,medium,True,LiBeCl3,p-31m,p-31m,False,False,new_composition,,,,,,,,323,7.610446929931641,True,6-8
LiCaCl3,2LiMgCl3-1,LiMgCl3,p-31m,71,P-31m,Hexagonal (hp),7.012333418928682,0.03439843260186777,Yes,Mg→Ca,0.855,1.31,1.0,0.31000000000000005,1.45,1.94,0.49,0.33793103448275863,high,True,LiCaCl3,p-31m,p-31m,False,False,new_composition,,,,,,,,324,7.208174705505371,True,6-8
SrLiCl3,2LiMgCl3-1,LiMgCl3,p-31m,71,P-31m,Hexagonal (hp),7.012333418928682,0.03439843260186777,Yes,Mg→Sr,0.82,1.31,0.95,0.3600000000000001,1.45,2.19,0.74,0.5103448275862069,high,True,SrLiCl3,p-31m,p-31m,False,False,new_composition,,,,,,,,325,6.702587604522705,True,6-8
BaLiCl3,2LiMgCl3-1,LiMgCl3,p-31m,71,P-31m,Hexagonal (hp),7.012333418928682,0.03439843260186777,Yes,Mg→Ba,0.825,1.31,0.89,0.42000000000000004,1.45,2.53,1.0799999999999998,0.7448275862068965,high,True,BaLiCl3,p-31m,p-31m,False,False,new_composition,,,,,,,,326,6.190213680267334,True,6-8
NaMgCl3,2LiMgCl3-1,LiMgCl3,p-31m,71,P-31m,Hexagonal (hp),7.012333418928682,0.03439843260186777,Yes,Li→Na,0.92,0.98,0.93,0.04999999999999993,1.67,1.9,0.22999999999999998,0.1377245508982036,low,False,NaMgCl3,p-31m,p-31m,False,False,new_composition,,,,,,,,327,7.012096405029297,True,6-8
KMgCl3,2LiMgCl3-1,LiMgCl3,p-31m,71,P-31m,Hexagonal (hp),7.012333418928682,0.03439843260186777,Yes,Li→K,0.88,0.98,0.82,0.16000000000000003,1.67,2.43,0.7600000000000002,0.4550898203592816,high,True,KMgCl3,p-31m,p-31m,False,False,new_composition,,,,,,,,328,5.686583518981934,True,4-6
RbMgCl3,2LiMgCl3-1,LiMgCl3,p-31m,71,P-31m,Hexagonal (hp),7.012333418928682,0.03439843260186777,Yes,Li→Rb,0.865,0.98,0.82,0.16000000000000003,1.67,2.65,0.98,0.5868263473053892,high,True,RbMgCl3,p-31m,p-31m,False,False,new_composition,,,,,,,,329,5.373379707336426,True,4-6
CsMgCl3,2LiMgCl3-1,LiMgCl3,p-31m,71,P-31m,Hexagonal (hp),7.012333418928682,0.03439843260186777,Yes,Li→Cs,0.85,0.98,0.79,0.18999999999999995,1.67,2.98,1.31,0.784431137724551,high,True,CsMgCl3,p-31m,p-31m,False,False,new_composition,,,,,,,,330,5.401478290557861,True,4-6
InBO3,2GaInO3-1,InGaO3,pm2_1n,32,Pmn2_1,Rectangular (op),3.6648377168787616,0.05551166139117427,Yes,Ga→B,0.715,1.81,2.04,0.22999999999999998,1.36,0.87,0.4900000000000001,0.3602941176470589,high,True,InBO3,pm2_1n,pm2_1n,False,False,new_composition,,,,,,,,333,4.169257164001465,True,4-6
BeCuCl3,2CaCuCl3-1,CaCuCl3,p-31m,71,P-31m,Hexagonal (hp),5.028109040266672,0.021909963679063792,Yes,Ca→Be,0.705,1.0,1.57,0.5700000000000001,1.94,1.12,0.8199999999999998,0.42268041237113396,high,True,BeCuCl3,p-31m,p-31m,False,False,new_composition,,,,,,,,335,2.5844030380249023,False,2-4
SrCuCl3,2CaCuCl3-1,CaCuCl3,p-31m,71,P-31m,Hexagonal (hp),5.028109040266672,0.021909963679063792,Yes,Ca→Sr,0.975,1.0,0.95,0.050000000000000044,1.94,2.19,0.25,0.1288659793814433,low,False,SrCuCl3,p-31m,p-31m,False,False,new_composition,,,,,,,,336,4.638873100280762,True,4-6
BaCuCl3,2CaCuCl3-1,CaCuCl3,p-31m,71,P-31m,Hexagonal (hp),5.028109040266672,0.021909963679063792,Yes,Ca→Ba,0.92,1.0,0.89,0.10999999999999999,1.94,2.53,0.5899999999999999,0.3041237113402061,high,True,BaCuCl3,p-31m,p-31m,False,False,new_composition,,,,,,,,337,4.229358196258545,True,4-6
KPO3,2KNO3-1,KNO3,p2_1/m11,15,P2_1/m,Rectangular (op),5.260665088156969,0.008267535100522139,Yes,N→P,0.775,3.04,2.19,0.8500000000000001,0.56,0.98,0.41999999999999993,0.7499999999999998,high,True,KPO3,p2_1/m11,p2_1/m11,False,False,new_composition,,,,,,,,344,6.1699066162109375,True,6-8
KAsO3,2KNO3-1,KNO3,p2_1/m11,15,P2_1/m,Rectangular (op),5.260665088156969,0.008267535100522139,Yes,N→As,0.725,3.04,2.18,0.8599999999999999,0.56,1.14,0.5799999999999998,1.0357142857142854,high,True,KAsO3,p2_1/m11,p2_1/m11,False,False,new_composition,,,,,,,,345,6.297967433929443,True,6-8
KSbO3,2KNO3-1,KNO3,p2_1/m11,15,P2_1/m,Rectangular (op),5.260665088156969,0.008267535100522139,Yes,N→Sb,0.76,3.04,2.05,0.9900000000000002,0.56,1.33,0.77,1.375,high,True,KSbO3,p2_1/m11,p2_1/m11,False,False,new_composition,,,,,,,,346,5.685910224914551,True,4-6
NaMnI3,2LiMnI3-1,LiMnI3,p-31m,71,P-31m,Hexagonal (hp),4.2103405037779496,0.05441236569238992,Yes,Li→Na,0.53,0.98,0.93,0.04999999999999993,1.67,1.9,0.22999999999999998,0.1377245508982036,low,False,NaMnI3,p-31m,p-31m,False,False,new_composition,,,,,,,,349,2.7714076042175293,False,2-4
CaPS3,2MgPS3-1,MgPS3,p-31m,71,P-31m,Hexagonal (hp),3.9217833893563694,0.0,Yes,Mg→Ca,0.615,1.31,1.0,0.31000000000000005,1.45,1.94,0.49,0.33793103448275863,high,True,CaPS3,p-31m,p-31m,False,False,new_composition,,,,,,,,351,3.857313632965088,True,2-4
MgS3N,2MgPS3-1,MgPS3,p-31m,71,P-31m,Hexagonal (hp),3.9217833893563694,0.0,Yes,P→N,0.725,2.19,3.04,0.8500000000000001,0.98,0.56,0.41999999999999993,0.4285714285714285,high,True,MgS3N,p-31m,p-31m,False,False,new_composition,,,,,,,,352,2.80655574798584,False,2-4
BeIBr,1BaBrI-1,BaIBr,p3m1,69,P3m1,Hexagonal (hp),5.177247334371238,0.041636506657886464,Yes,Ba→Be,0.705,0.89,1.57,0.68,2.53,1.12,1.4099999999999997,0.5573122529644268,high,True,BeIBr,p3m1,p3m1,False,False,new_composition,,,,,,,,356,5.914241313934326,True,4-6
HfPF,2FHfN-1,HfNF,pmmn,46,Pmmn,Rectangular (op),3.5497319843159034,0.0,Yes,N→P,0.62,3.04,2.19,0.8500000000000001,0.56,0.98,0.41999999999999993,0.7499999999999998,high,True,HfPF,pmmn,pmmn,False,False,new_composition,,,,,,,,365,2.548949718475342,False,2-4
CaHF,2CaHI-1,CaHI,p4/nmm,64,P4/nmm,Square (tp),4.708604721714976,0.0,Yes,I→F,0.91,2.66,3.98,1.3199999999999998,1.15,0.42,0.73,0.6347826086956522,high,True,CaHF,p4/nmm,p4/nmm,False,False,new_composition,,,,,,,,367,6.426338195800781,True,6-8
BeHI,2CaHI-1,CaHI,p4/nmm,64,P4/nmm,Square (tp),4.708604721714976,0.0,Yes,Ca→Be,0.51,1.0,1.57,0.5700000000000001,1.94,1.12,0.8199999999999998,0.42268041237113396,high,True,BeHI,p4/nmm,p4/nmm,False,False,new_composition,,,,,,,,370,4.738110065460205,True,4-6
MgHI,2CaHI-1,CaHI,p4/nmm,64,P4/nmm,Square (tp),4.708604721714976,0.0,Yes,Ca→Mg,0.81,1.0,1.31,0.31000000000000005,1.94,1.45,0.49,0.25257731958762886,medium,True,MgHI,p4/nmm,p4/nmm,False,False,new_composition,,,,,,,,371,4.27351713180542,True,4-6
BeBrF,2BrFSr-1,SrBrF,p4/nmm,64,P4/nmm,Square (tp),6.269510738711807,0.001903436617242941,Yes,Sr→Be,0.825,0.95,1.57,0.6200000000000001,2.19,1.12,1.0699999999999998,0.48858447488584467,high,True,BeBrF,p4/nmm,p4/nmm,False,False,new_composition,,,,,,,,385,6.4030985832214355,True,6-8
MgBrF,2BrFSr-1,SrBrF,p4/nmm,64,P4/nmm,Square (tp),6.269510738711807,0.001903436617242941,Yes,Sr→Mg,0.83,0.95,1.31,0.3600000000000001,2.19,1.45,0.74,0.3378995433789954,high,True,MgBrF,p4/nmm,p4/nmm,False,False,new_composition,,,,,,,,386,6.0891618728637695,True,6-8
RbHO,2HNaO-2,NaHO,p4/nmm,64,P4/nmm,Square (tp),5.180520156502341,0.00044363769261224206,Yes,Na→Rb,0.865,0.93,0.82,0.1100000000000001,1.9,2.65,0.75,0.39473684210526316,high,True,RbHO,p4/nmm,p4/nmm,False,False,new_composition,,,,,,,,394,4.199502468109131,True,4-6
CsHO,2HNaO-2,NaHO,p4/nmm,64,P4/nmm,Square (tp),5.180520156502341,0.00044363769261224206,Yes,Na→Cs,0.76,0.93,0.79,0.14,1.9,2.98,1.08,0.568421052631579,high,True,CsHO,p4/nmm,p4/nmm,False,False,new_composition,,,,,,,,395,3.086796283721924,False,2-4
BOF,2FGaO-1,GaOF,pmmn,46,Pmmn,Rectangular (op),4.755211768183427,0.0,Yes,Ga→B,0.505,1.81,2.04,0.22999999999999998,1.36,0.87,0.4900000000000001,0.3602941176470589,high,True,BOF,pmmn,pmmn,False,False,new_composition,,,,,,,,396,8.91257381439209,True,8-10
BClO,2ClGaO-1,GaClO,pmmn,46,Pmmn,Rectangular (op),4.957459341310971,0.0,Yes,Ga→B,0.515,1.81,2.04,0.22999999999999998,1.36,0.87,0.4900000000000001,0.3602941176470589,high,True,BClO,pmmn,pmmn,False,False,new_composition,,,,,,,,399,7.032580852508545,True,6-8
MgIF,2FISr-1,SrIF,p4/nmm,64,P4/nmm,Square (tp),5.170777689308794,0.0,Yes,Sr→Mg,0.785,0.95,1.31,0.3600000000000001,2.19,1.45,0.74,0.3378995433789954,high,True,MgIF,p4/nmm,p4/nmm,False,False,new_composition,,,,,,,,403,5.278224468231201,True,4-6
YSeCl,1BrSeY-1,YSeBr,p3m1,69,P3m1,Hexagonal (hp),4.12197624479649,0.0,Yes,Br→Cl,0.52,2.96,3.16,0.20000000000000018,0.94,0.79,0.1499999999999999,0.1595744680851063,medium,True,YSeCl,p3m1,p3m1,False,False,new_composition,,,,,,,,406,4.321999549865723,True,4-6
BeHCl,2BaClH-1,BaHCl,p4/nmm,64,P4/nmm,Square (tp),4.822970555720868,0.05581777992934237,Yes,Ba→Be,0.745,0.89,1.57,0.68,2.53,1.12,1.4099999999999997,0.5573122529644268,high,True,BeHCl,p4/nmm,p4/nmm,False,False,new_composition,,,,,,,,410,5.936429500579834,True,4-6
MgHCl,2BaClH-1,BaHCl,p4/nmm,64,P4/nmm,Square (tp),4.822970555720868,0.05581777992934237,Yes,Ba→Mg,0.86,0.89,1.31,0.42000000000000004,2.53,1.45,1.0799999999999998,0.4268774703557312,high,True,MgHCl,p4/nmm,p4/nmm,False,False,new_composition,,,,,,,,411,5.861776828765869,True,4-6
BaHF,2BaClH-1,BaHCl,p4/nmm,64,P4/nmm,Square (tp),4.822970555720868,0.05581777992934237,Yes,Cl→F,0.89,3.16,3.98,0.8199999999999998,0.79,0.42,0.37000000000000005,0.4683544303797469,high,True,BaHF,p4/nmm,p4/nmm,False,False,new_composition,,,,,,,,413,5.901045322418213,True,4-6
MgClF,1BrClMg-1,MgBrCl,p3m1,69,P3m1,Hexagonal (hp),5.813815942663741,0.007203172482940741,Yes,Br→F,0.87,2.96,3.98,1.02,0.94,0.42,0.52,0.5531914893617021,high,True,MgClF,p3m1,p3m1,False,False,new_composition,,,,,,,,421,6.709407329559326,True,6-8
RbHSe,2HKSe-1,KHSe,p4/nmm,64,P4/nmm,Square (tp),3.864920103453308,0.0,Yes,K→Rb,0.76,0.82,0.82,0.0,2.43,2.65,0.21999999999999975,0.0905349794238682,low,False,RbHSe,p4/nmm,p4/nmm,False,False,new_composition,,,,,,,,428,3.5148329734802246,True,2-4
CsHSe,2HKSe-1,KHSe,p4/nmm,64,P4/nmm,Square (tp),3.864920103453308,0.0,Yes,K→Cs,0.5,0.82,0.79,0.029999999999999916,2.43,2.98,0.5499999999999998,0.2263374485596707,medium,True,CsHSe,p4/nmm,p4/nmm,False,False,new_composition,,,,,,,,429,3.297335624694824,False,2-4
RbHS,2HKS-2,KHS,p4/nmm,64,P4/nmm,Square (tp),4.368543983520723,0.041794297839903294,Yes,K→Rb,0.7,0.82,0.82,0.0,2.43,2.65,0.21999999999999975,0.0905349794238682,low,False,RbHS,p4/nmm,p4/nmm,False,False,new_composition,,,,,,,,432,4.762171268463135,True,4-6
CsHS,2HKS-2,KHS,p4/nmm,64,P4/nmm,Square (tp),4.368543983520723,0.041794297839903294,Yes,K→Cs,0.68,0.82,0.79,0.029999999999999916,2.43,2.98,0.5499999999999998,0.2263374485596707,medium,True,CsHS,p4/nmm,p4/nmm,False,False,new_composition,,,,,,,,433,5.443070411682129,True,4-6
ZrPF,2FNZr-1,ZrNF,p-3m1,72,P-3m1,Hexagonal (hp),3.5658195476597268,0.019557221048297418,Yes,N→P,0.5,3.04,2.19,0.8500000000000001,0.56,0.98,0.41999999999999993,0.7499999999999998,high,True,ZrPF,p-3m1,p-3m1,False,False,new_composition,,,,,,,,435,2.6857810020446777,False,2-4
BeHBr,2BaBrH-1,BaHBr,p4/nmm,64,P4/nmm,Square (tp),4.779525643337518,0.040754988734800435,Yes,Ba→Be,0.765,0.89,1.57,0.68,2.53,1.12,1.4099999999999997,0.5573122529644268,high,True,BeHBr,p4/nmm,p4/nmm,False,False,new_composition,,,,,,,,438,5.769975185394287,True,4-6
MgHBr,2BaBrH-1,BaHBr,p4/nmm,64,P4/nmm,Square (tp),4.779525643337518,0.040754988734800435,Yes,Ba→Mg,0.85,0.89,1.31,0.42000000000000004,2.53,1.45,1.0799999999999998,0.4268774703557312,high,True,MgHBr,p4/nmm,p4/nmm,False,False,new_composition,,,,,,,,439,5.435557842254639,True,4-6
SrHF,2BrHSr-1,SrHBr,p4/nmm,64,P4/nmm,Square (tp),5.479165700056493,0.0,Yes,Br→F,0.915,2.96,3.98,1.02,0.94,0.42,0.52,0.5531914893617021,high,True,SrHF,p4/nmm,p4/nmm,False,False,new_composition,,,,,,,,441,6.466841220855713,True,6-8
ZnBrF,2BrClZn-1,ZnBrCl,pm2_1b,28,Pmc2_1,Rectangular (op),5.121340614363477,2.9605947323337506e-16,Yes,Cl→F,0.68,3.16,3.98,0.8199999999999998,0.79,0.42,0.37000000000000005,0.4683544303797469,high,True,ZnBrF,pm2_1b,pm2_1b,False,False,new_composition,,,,,,,,453,4.761235237121582,True,4-6
BeICl,2ClISr-1,SrICl,p4/nmm,64,P4/nmm,Square (tp),4.9395900136142,0.0568048497093138,Yes,Sr→Be,0.68,0.95,1.57,0.6200000000000001,2.19,1.12,1.0699999999999998,0.48858447488584467,high,True,BeICl,p4/nmm,p4/nmm,False,False,new_composition,,,,,,,,464,4.232905387878418,True,4-6
BeClF,2CaClF-1,CaClF,p4/nmm,64,P4/nmm,Square (tp),7.586685082888464,0.012101454898505892,Yes,Ca→Be,0.84,1.0,1.57,0.5700000000000001,1.94,1.12,0.8199999999999998,0.42268041237113396,high,True,BeClF,p4/nmm,p4/nmm,False,False,new_composition,,,,,,,,465,7.755741119384766,True,6-8
CdPClO2,2CdClSbO2-1,CdSbClO2,p2_1/m11,15,P2_1/m,Rectangular (op),3.951111668818208,0.03495168505087065,Yes,Sb→P,0.625,2.05,2.19,0.14000000000000012,1.33,0.98,0.3500000000000001,0.26315789473684215,medium,True,CdPClO2,p2_1/m11,p2_1/m11,False,False,new_composition,,,,,,,,479,4.899409294128418,True,4-6
CdAsClO2,2CdClSbO2-1,CdSbClO2,p2_1/m11,15,P2_1/m,Rectangular (op),3.951111668818208,0.03495168505087065,Yes,Sb→As,0.63,2.05,2.18,0.13000000000000034,1.33,1.14,0.19000000000000017,0.142857142857143,low,False,CdAsClO2,p2_1/m11,p2_1/m11,False,False,new_composition,,,,,,,,480,3.815506935119629,True,2-4
CdNO2F,2CdFSbO2-1,CdSbO2F,p2_1/m11,15,P2_1/m,Rectangular (op),3.513098861278168,0.07214107639122265,Yes,Sb→N,0.63,2.05,3.04,0.9900000000000002,1.33,0.56,0.77,0.5789473684210527,high,True,CdNO2F,p2_1/m11,p2_1/m11,False,False,new_composition,,,,,,,,483,0.7466964721679688,False,0-2
CdPO2F,2CdFSbO2-1,CdSbO2F,p2_1/m11,15,P2_1/m,Rectangular (op),3.513098861278168,0.07214107639122265,Yes,Sb→P,0.755,2.05,2.19,0.14000000000000012,1.33,0.98,0.3500000000000001,0.26315789473684215,medium,True,CdPO2F,p2_1/m11,p2_1/m11,False,False,new_composition,,,,,,,,484,4.765073776245117,True,4-6
CdAsO2F,2CdFSbO2-1,CdSbO2F,p2_1/m11,15,P2_1/m,Rectangular (op),3.513098861278168,0.07214107639122265,Yes,Sb→As,0.725,2.05,2.18,0.13000000000000034,1.33,1.14,0.19000000000000017,0.142857142857143,low,False,CdAsO2F,p2_1/m11,p2_1/m11,False,False,new_composition,,,,,,,,485,4.309947490692139,True,4-6
CdPBrO2,2BrCdSbO2-1,CdSbBrO2,p2_1/m11,15,P2_1/m,Rectangular (op),3.5181705802756933,0.017601020398117305,Yes,Sb→P,0.665,2.05,2.19,0.14000000000000012,1.33,0.98,0.3500000000000001,0.26315789473684215,medium,True,CdPBrO2,p2_1/m11,p2_1/m11,False,False,new_composition,,,,,,,,487,4.5680012702941895,True,4-6
CdAsBrO2,2BrCdSbO2-1,CdSbBrO2,p2_1/m11,15,P2_1/m,Rectangular (op),3.5181705802756933,0.017601020398117305,Yes,Sb→As,0.76,2.05,2.18,0.13000000000000034,1.33,1.14,0.19000000000000017,0.142857142857143,low,False,CdAsBrO2,p2_1/m11,p2_1/m11,False,False,new_composition,,,,,,,,488,3.108872890472412,False,2-4
Al2BrCl5,1BrGa2Cl5-1,Ga2BrCl5,cm11,13,Cm,Centered rectangular (oc),4.578774907575783,0.021961594943228135,Yes,Ga→Al,0.635,1.81,1.61,0.19999999999999996,1.36,1.18,0.18000000000000016,0.1323529411764707,low,False,Al2BrCl5,cm11,cm11,False,False,new_composition,,,,,,,,490,5.7711639404296875,True,4-6
Ga2BrF5,1BrGa2Cl5-1,Ga2BrCl5,cm11,13,Cm,Centered rectangular (oc),4.578774907575783,0.021961594943228135,Yes,Cl→F,0.56,3.16,3.98,0.8199999999999998,0.79,0.42,0.37000000000000005,0.4683544303797469,high,True,Ga2BrF5,cm11,cm11,False,False,new_composition,,,,,,,,491,6.154099941253662,True,6-8
Ga2Cl5F,1BrGa2Cl5-1,Ga2BrCl5,cm11,13,Cm,Centered rectangular (oc),4.578774907575783,0.021961594943228135,Yes,Br→F,0.67,2.96,3.98,1.02,0.94,0.42,0.52,0.5531914893617021,high,True,Ga2Cl5F,cm11,cm11,False,False,new_composition,,,,,,,,492,5.952050685882568,True,4-6
ScBi(OF)2,1BiScCl2O2-1,ScBi(ClO)2,pmm2,23,Pmm2,Rectangular (op),3.4597619396708565,0.0614688427941843,Yes,Cl→F,0.52,3.16,3.98,0.8199999999999998,0.79,0.42,0.37000000000000005,0.4683544303797469,high,True,ScBi(OF)2,pmm2,pmm2,False,False,new_composition,,,,,,,,526,3.312727928161621,False,2-4
Be2S2BrCl,1BrClCa2S2-1,Ca2S2BrCl,cm11,13,Cm,Centered rectangular (oc),3.809779240173601,0.08949514700756438,Yes,Ca→Be,0.525,1.0,1.57,0.5700000000000001,1.94,1.12,0.8199999999999998,0.42268041237113396,high,True,Be2S2BrCl,cm11,cm11,False,False,new_composition,,,,,,,,527,3.0829386711120605,False,2-4
Mg2S2BrCl,1BrClCa2S2-1,Ca2S2BrCl,cm11,13,Cm,Centered rectangular (oc),3.809779240173601,0.08949514700756438,Yes,Ca→Mg,0.59,1.0,1.31,0.31000000000000005,1.94,1.45,0.49,0.25257731958762886,medium,True,Mg2S2BrCl,cm11,cm11,False,False,new_composition,,,,,,,,528,3.6006879806518555,True,2-4
Ca2S2BrF,1BrClCa2S2-1,Ca2S2BrCl,cm11,13,Cm,Centered rectangular (oc),3.809779240173601,0.08949514700756438,Yes,Cl→F,0.63,3.16,3.98,0.8199999999999998,0.79,0.42,0.37000000000000005,0.4683544303797469,high,True,Ca2S2BrF,cm11,cm11,False,False,new_composition,,,,,,,,529,3.4903717041015625,True,2-4
CaSBr,1BrClCa2S2-1,Ca2S2BrCl,cm11,13,Cm,Centered rectangular (oc),3.809779240173601,0.08949514700756438,Yes,Cl→Br,0.765,3.16,2.96,0.20000000000000018,0.79,0.94,0.1499999999999999,0.18987341772151886,medium,True,CaSBr,cm11,cm11,False,False,new_composition,,,,,,,,530,3.5777387619018555,True,2-4
Ca2S2ClF,1BrClCa2S2-1,Ca2S2BrCl,cm11,13,Cm,Centered rectangular (oc),3.809779240173601,0.08949514700756438,Yes,Br→F,0.655,2.96,3.98,1.02,0.94,0.42,0.52,0.5531914893617021,high,True,Ca2S2ClF,cm11,cm11,False,False,new_composition,,,,,,,,531,3.3865532875061035,False,2-4
CaSCl,1BrClCa2S2-1,Ca2S2BrCl,cm11,13,Cm,Centered rectangular (oc),3.809779240173601,0.08949514700756438,Yes,Br→Cl,0.8,2.96,3.16,0.20000000000000018,0.94,0.79,0.1499999999999999,0.1595744680851063,medium,True,CaSCl,cm11,cm11,False,False,new_composition,,,,,,,,532,3.449955463409424,True,2-4
TiNiF6,1HfNiF6-1,HfNiF6,p312,67,P312,Hexagonal (hp),6.181179018284299,0.023551528585250114,Yes,Hf→Ti,0.58,1.3,1.54,0.24,2.08,1.76,0.32000000000000006,0.15384615384615388,medium,True,TiNiF6,p312,p312,False,False,new_composition,,,,,,,,535,1.9358121156692505,False,0-2
TiNiCl6,1HfNiCl6-1,HfNiCl6,p312,67,P312,Hexagonal (hp),4.52340806097839,0.0,Yes,Hf→Ti,0.5,1.3,1.54,0.24,2.08,1.76,0.32000000000000006,0.15384615384615388,medium,True,TiNiCl6,p312,p312,False,False,new_composition,,,,,,,,538,3.133450984954834,False,2-4
TiFeCl6,1FeZrCl6-1,ZrFeCl6,p312,67,P312,Hexagonal (hp),3.5451877504854004,0.10754268833265024,Yes,Zr→Ti,0.605,1.33,1.54,0.20999999999999996,2.06,1.76,0.30000000000000004,0.14563106796116507,low,False,TiFeCl6,p312,p312,False,False,new_composition,,,,,,,,540,2.419400691986084,False,2-4
ZrZnF6,1HfZnF6-1,HfZnF6,p312,67,P312,Hexagonal (hp),8.572742466226543,0.024528268992252134,Yes,Hf→Zr,0.685,1.3,1.33,0.030000000000000027,2.08,2.06,0.020000000000000018,0.009615384615384623,low,False,ZrZnF6,p312,p312,False,False,new_composition,,,,,,,,542,8.253069877624512,True,8-10
HfZnCl6,1HfZnF6-1,HfZnF6,p312,67,P312,Hexagonal (hp),8.572742466226543,0.024528268992252134,Yes,F→Cl,0.555,3.98,3.16,0.8199999999999998,0.42,0.79,0.37000000000000005,0.8809523809523812,high,True,HfZnCl6,p312,p312,False,False,new_composition,,,,,,,,543,3.4881677627563477,True,2-4
TlInF6,1InTlCl6-1,TlInCl6,p312,67,P312,Hexagonal (hp),3.724198952503656,0.0,Yes,Cl→F,0.505,3.16,3.98,0.8199999999999998,0.79,0.42,0.37000000000000005,0.4683544303797469,high,True,TlInF6,p312,p312,False,False,new_composition,,,,,,,,544,3.7107458114624023,True,2-4
TiPdF6,1HfPdF6-1,HfPdF6,p312,67,P312,Hexagonal (hp),3.9589511625823297,0.07484476581182964,Yes,Hf→Ti,0.6,1.3,1.54,0.24,2.08,1.76,0.32000000000000006,0.15384615384615388,medium,True,TiPdF6,p312,p312,False,False,new_composition,,,,,,,,548,1.7546665668487549,False,0-2
SnNO3F,2FPSnO3-1,SnPO3F,p11a,5,Pc,Oblique (mp),5.047520415385245,5.921189464667501e-16,Yes,P→N,0.585,2.19,3.04,0.8500000000000001,0.98,0.56,0.41999999999999993,0.4285714285714285,high,True,SnNO3F,p11a,p11a,False,False,new_composition,,,,,,,,551,5.042291641235352,True,4-6
SnPBrO3,2FPSnO3-1,SnPO3F,p11a,5,Pc,Oblique (mp),5.047520415385245,5.921189464667501e-16,Yes,F→Br,0.5,3.98,2.96,1.02,0.42,0.94,0.52,1.2380952380952381,high,True,SnPBrO3,p11a,p11a,False,False,new_composition,,,,,,,,554,3.3547940254211426,False,2-4
PCClO3,2ClGePO3-1,GePClO3,p11a,5,Pc,Oblique (mp),5.831420452682101,0.0,Yes,Ge→C,0.635,2.01,2.55,0.54,1.25,0.67,0.58,0.46399999999999997,high,True,PCClO3,p11a,p11a,False,False,new_composition,,,,,,,,555,6.530910015106201,True,6-8
SiPClO3,2ClGePO3-1,GePClO3,p11a,5,Pc,Oblique (mp),5.831420452682101,0.0,Yes,Ge→Si,0.585,2.01,1.9,0.10999999999999988,1.25,1.11,0.1399999999999999,0.11199999999999992,low,False,SiPClO3,p11a,p11a,False,False,new_composition,,,,,,,,556,7.147660732269287,True,6-8
GeNClO3,2ClGePO3-1,GePClO3,p11a,5,Pc,Oblique (mp),5.831420452682101,0.0,Yes,P→N,0.58,2.19,3.04,0.8500000000000001,0.98,0.56,0.41999999999999993,0.4285714285714285,high,True,GeNClO3,p11a,p11a,False,False,new_composition,,,,,,,,557,3.315415859222412,False,2-4
KSiHO3,2CHKO3-1,KHCO3,p2_111,9,P2_1,Rectangular (op),6.2155469319672925,0.0,Yes,C→Si,0.92,2.55,1.9,0.6499999999999999,0.67,1.11,0.44000000000000006,0.6567164179104478,high,True,KSiHO3,p2_111,p2_111,False,False,new_composition,,,,,,,,561,5.088441848754883,True,4-6
KGeHO3,2CHKO3-1,KHCO3,p2_111,9,P2_1,Rectangular (op),6.2155469319672925,0.0,Yes,C→Ge,0.925,2.55,2.01,0.54,0.67,1.25,0.58,0.8656716417910446,high,True,KGeHO3,p2_111,p2_111,False,False,new_composition,,,,,,,,562,6.1524248123168945,True,6-8
LiHCO3,2CHKO3-1,KHCO3,p2_111,9,P2_1,Rectangular (op),6.2155469319672925,0.0,Yes,K→Li,0.91,0.82,0.98,0.16000000000000003,2.43,1.67,0.7600000000000002,0.3127572016460906,high,True,LiHCO3,p2_111,p2_111,False,False,new_composition,,,,,,,,563,6.8709716796875,True,6-8
PCO3F,2FGePO3-1,GePO3F,p11a,5,Pc,Oblique (mp),5.82680167459753,0.0,Yes,Ge→C,0.635,2.01,2.55,0.54,1.25,0.67,0.58,0.46399999999999997,high,True,PCO3F,p11a,p11a,False,False,new_composition,,,,,,,,567,7.165026664733887,True,6-8
SiPO3F,2FGePO3-1,GePO3F,p11a,5,Pc,Oblique (mp),5.82680167459753,0.0,Yes,Ge→Si,0.62,2.01,1.9,0.10999999999999988,1.25,1.11,0.1399999999999999,0.11199999999999992,low,False,SiPO3F,p11a,p11a,False,False,new_composition,,,,,,,,568,7.291815280914307,True,6-8
GeNO3F,2FGePO3-1,GePO3F,p11a,5,Pc,Oblique (mp),5.82680167459753,0.0,Yes,P→N,0.575,2.19,3.04,0.8500000000000001,0.98,0.56,0.41999999999999993,0.4285714285714285,high,True,GeNO3F,p11a,p11a,False,False,new_composition,,,,,,,,569,4.1696014404296875,True,4-6
GePBrO3,2FGePO3-1,GePO3F,p11a,5,Pc,Oblique (mp),5.82680167459753,0.0,Yes,F→Br,0.515,3.98,2.96,1.02,0.42,0.94,0.52,1.2380952380952381,high,True,GePBrO3,p11a,p11a,False,False,new_composition,,,,,,,,573,1.1832904815673828,False,0-2
PbNO3F,2AsFPbO3-1,AsPbO3F,p11a,5,Pc,Oblique (mp),4.677023815794093,0.05883618356354662,Yes,As→N,0.51,2.18,3.04,0.8599999999999999,1.14,0.56,0.5799999999999998,0.5087719298245613,high,True,PbNO3F,p11a,p11a,False,False,new_composition,,,,,,,,575,3.24997615814209,False,2-4
SrVIF3,1ISrVCl3-1,SrVICl3,pm11,11,Pm,Rectangular (op),3.718521867139426,0.06647263153372703,Yes,Cl→F,0.82,3.16,3.98,0.8199999999999998,0.79,0.42,0.37000000000000005,0.4683544303797469,high,True,SrVIF3,pm11,pm11,False,False,new_composition,,,,,,,,577,3.532721519470215,True,2-4
SrVIBr3,1ISrVCl3-1,SrVICl3,pm11,11,Pm,Rectangular (op),3.718521867139426,0.06647263153372703,Yes,Cl→Br,0.795,3.16,2.96,0.20000000000000018,0.79,0.94,0.1499999999999999,0.18987341772151886,medium,True,SrVIBr3,pm11,pm11,False,False,new_composition,,,,,,,,578,1.814958930015564,False,0-2
SrVI4,1ISrVCl3-1,SrVICl3,pm11,11,Pm,Rectangular (op),3.718521867139426,0.06647263153372703,Yes,Cl→I,0.765,3.16,2.66,0.5,0.79,1.15,0.3599999999999999,0.4556962025316454,high,True,SrVI4,pm11,pm11,False,False,new_composition,,,,,,,,579,0.658538281917572,False,0-2
BeVICl3,1ISrVCl3-1,SrVICl3,pm11,11,Pm,Rectangular (op),3.718521867139426,0.06647263153372703,Yes,Sr→Be,0.615,0.95,1.57,0.6200000000000001,2.19,1.12,1.0699999999999998,0.48858447488584467,high,True,BeVICl3,pm11,pm11,False,False,new_composition,,,,,,,,580,3.2346081733703613,False,2-4
MgVICl3,1ISrVCl3-1,SrVICl3,pm11,11,Pm,Rectangular (op),3.718521867139426,0.06647263153372703,Yes,Sr→Mg,0.755,0.95,1.31,0.3600000000000001,2.19,1.45,0.74,0.3378995433789954,high,True,MgVICl3,pm11,pm11,False,False,new_composition,,,,,,,,581,1.6825073957443237,False,0-2
CaVICl3,1ISrVCl3-1,SrVICl3,pm11,11,Pm,Rectangular (op),3.718521867139426,0.06647263153372703,Yes,Sr→Ca,0.85,0.95,1.0,0.050000000000000044,2.19,1.94,0.25,0.11415525114155252,low,False,CaVICl3,pm11,pm11,False,False,new_composition,,,,,,,,582,2.475900173187256,False,2-4
BaVICl3,1ISrVCl3-1,SrVICl3,pm11,11,Pm,Rectangular (op),3.718521867139426,0.06647263153372703,Yes,Sr→Ba,0.805,0.95,0.89,0.05999999999999994,2.19,2.53,0.33999999999999986,0.15525114155251135,medium,True,BaVICl3,pm11,pm11,False,False,new_composition,,,,,,,,583,3.553462505340576,True,2-4
SrVCl3F,1ISrVCl3-1,SrVICl3,pm11,11,Pm,Rectangular (op),3.718521867139426,0.06647263153372703,Yes,I→F,0.775,2.66,3.98,1.3199999999999998,1.15,0.42,0.73,0.6347826086956522,high,True,SrVCl3F,pm11,pm11,False,False,new_composition,,,,,,,,584,4.113797664642334,True,4-6
SrVCl4,1ISrVCl3-1,SrVICl3,pm11,11,Pm,Rectangular (op),3.718521867139426,0.06647263153372703,Yes,I→Cl,0.915,2.66,3.16,0.5,1.15,0.79,0.3599999999999999,0.3130434782608695,high,True,SrVCl4,pm11,pm11,False,False,new_composition,,,,,,,,585,3.9433212280273438,True,2-4
SrVBrCl3,1ISrVCl3-1,SrVICl3,pm11,11,Pm,Rectangular (op),3.718521867139426,0.06647263153372703,Yes,I→Br,0.825,2.66,2.96,0.2999999999999998,1.15,0.94,0.20999999999999996,0.18260869565217389,medium,True,SrVBrCl3,pm11,pm11,False,False,new_composition,,,,,,,,586,4.394639492034912,True,4-6
SrNbICl3,1ISrVCl3-1,SrVICl3,pm11,11,Pm,Rectangular (op),3.718521867139426,0.06647263153372703,Yes,V→Nb,0.85,1.63,1.6,0.029999999999999805,1.71,1.98,0.27,0.15789473684210528,medium,True,SrNbICl3,pm11,pm11,False,False,new_composition,,,,,,,,587,-0.16186940670013428,False,
SrTaICl3,1ISrVCl3-1,SrVICl3,pm11,11,Pm,Rectangular (op),3.718521867139426,0.06647263153372703,Yes,V→Ta,0.705,1.63,1.5,0.1299999999999999,1.71,2.0,0.29000000000000004,0.16959064327485382,medium,True,SrTaICl3,pm11,pm11,False,False,new_composition,,,,,,,,588,0.8311635851860046,False,0-2
SnNClO3,2ClPSnO3-1,SnPClO3,p11a,5,Pc,Oblique (mp),5.166210715542963,0.0,Yes,P→N,0.5,2.19,3.04,0.8500000000000001,0.98,0.56,0.41999999999999993,0.4285714285714285,high,True,SnNClO3,p11a,p11a,False,False,new_composition,,,,,,,,589,3.96388578414917,True,2-4
NaSiHO3,2CHNaO3-1,NaHCO3,p2_111,9,P2_1,Rectangular (op),6.301388084470219,0.0,Yes,C→Si,0.905,2.55,1.9,0.6499999999999999,0.67,1.11,0.44000000000000006,0.6567164179104478,high,True,NaSiHO3,p2_111,p2_111,False,False,new_composition,,,,,,,,592,5.572674751281738,True,4-6
NaGeHO3,2CHNaO3-1,NaHCO3,p2_111,9,P2_1,Rectangular (op),6.301388084470219,0.0,Yes,C→Ge,0.905,2.55,2.01,0.54,0.67,1.25,0.58,0.8656716417910446,high,True,NaGeHO3,p2_111,p2_111,False,False,new_composition,,,,,,,,593,3.026174545288086,False,2-4
PHCO3,2GeHPO3-1,GePHO3,p11a,5,Pc,Oblique (mp),6.084393950689768,0.0,Yes,Ge→C,0.72,2.01,2.55,0.54,1.25,0.67,0.58,0.46399999999999997,high,True,PHCO3,p11a,p11a,False,False,new_composition,,,,,,,,597,7.062123775482178,True,6-8
SiPHO3,2GeHPO3-1,GePHO3,p11a,5,Pc,Oblique (mp),6.084393950689768,0.0,Yes,Ge→Si,0.7,2.01,1.9,0.10999999999999988,1.25,1.11,0.1399999999999999,0.11199999999999992,low,False,SiPHO3,p11a,p11a,False,False,new_composition,,,,,,,,598,6.722982406616211,True,6-8
GeHNO3,2GeHPO3-1,GePHO3,p11a,5,Pc,Oblique (mp),6.084393950689768,0.0,Yes,P→N,0.6,2.19,3.04,0.8500000000000001,0.98,0.56,0.41999999999999993,0.4285714285714285,high,True,GeHNO3,p11a,p11a,False,False,new_composition,,,,,,,,599,3.658820152282715,True,2-4
RbSiHO3,2CHRbO3-1,RbHCO3,p2_111,9,P2_1,Rectangular (op),6.135748248100355,2.9605947323337506e-16,Yes,C→Si,0.935,2.55,1.9,0.6499999999999999,0.67,1.11,0.44000000000000006,0.6567164179104478,high,True,RbSiHO3,p2_111,p2_111,False,False,new_composition,,,,,,,,602,5.158219337463379,True,4-6
RbGeHO3,2CHRbO3-1,RbHCO3,p2_111,9,P2_1,Rectangular (op),6.135748248100355,2.9605947323337506e-16,Yes,C→Ge,0.845,2.55,2.01,0.54,0.67,1.25,0.58,0.8656716417910446,high,True,RbGeHO3,p2_111,p2_111,False,False,new_composition,,,,,,,,603,6.325091361999512,True,6-8
CsSiHO3,2CCsHO3-1,CsHCO3,p2_111,9,P2_1,Rectangular (op),6.0467067805000605,5.921189464667501e-16,Yes,C→Si,0.775,2.55,1.9,0.6499999999999999,0.67,1.11,0.44000000000000006,0.6567164179104478,high,True,CsSiHO3,p2_111,p2_111,False,False,new_composition,,,,,,,,604,5.146484375,True,4-6
CsGeHO3,2CCsHO3-1,CsHCO3,p2_111,9,P2_1,Rectangular (op),6.0467067805000605,5.921189464667501e-16,Yes,C→Ge,0.715,2.55,2.01,0.54,0.67,1.25,0.58,0.8656716417910446,high,True,CsGeHO3,p2_111,p2_111,False,False,new_composition,,,,,,,,605,5.923512935638428,True,4-6
SnHNO3,2HPSnO3-1,SnPHO3,p11a,5,Pc,Oblique (mp),5.33722552589434,0.0,Yes,P→N,0.605,2.19,3.04,0.8500000000000001,0.98,0.56,0.41999999999999993,0.4285714285714285,high,True,SnHNO3,p11a,p11a,False,False,new_composition,,,,,,,,606,4.87886905670166,True,4-6
Be(BH4)2,1MgB2H8-1,Mg(BH4)2,p-3m1,72,P-3m1,Hexagonal (hp),7.486423969633201,0.03965224830509972,Yes,Mg→Be,0.615,1.31,1.57,0.26,1.45,1.12,0.32999999999999985,0.22758620689655162,medium,True,Be(BH4)2,p-3m1,p-3m1,False,False,new_composition,,,,,,,,609,8.436591148376465,True,8-10
Ca(BH4)2,1MgB2H8-1,Mg(BH4)2,p-3m1,72,P-3m1,Hexagonal (hp),7.486423969633201,0.03965224830509972,Yes,Mg→Ca,0.51,1.31,1.0,0.31000000000000005,1.45,1.94,0.49,0.33793103448275863,high,True,Ca(BH4)2,p-3m1,p-3m1,False,False,new_composition,,,,,,,,610,7.169585227966309,True,6-8
Sr(BH4)2,1MgB2H8-1,Mg(BH4)2,p-3m1,72,P-3m1,Hexagonal (hp),7.486423969633201,0.03965224830509972,Yes,Mg→Sr,0.565,1.31,0.95,0.3600000000000001,1.45,2.19,0.74,0.5103448275862069,high,True,Sr(BH4)2,p-3m1,p-3m1,False,False,new_composition,,,,,,,,611,7.190056800842285,True,6-8
Ba(BH4)2,1MgB2H8-1,Mg(BH4)2,p-3m1,72,P-3m1,Hexagonal (hp),7.486423969633201,0.03965224830509972,Yes,Mg→Ba,0.575,1.31,0.89,0.42000000000000004,1.45,2.53,1.0799999999999998,0.7448275862068965,high,True,Ba(BH4)2,p-3m1,p-3m1,False,False,new_composition,,,,,,,,612,6.729569435119629,True,6-8
Mg(AlH4)2,1MgB2H8-1,Mg(BH4)2,p-3m1,72,P-3m1,Hexagonal (hp),7.486423969633201,0.03965224830509972,Yes,B→Al,0.59,2.04,1.61,0.42999999999999994,0.87,1.18,0.30999999999999994,0.3563218390804597,high,True,Mg(AlH4)2,p-3m1,p-3m1,False,False,new_composition,,,,,,,,613,6.527933597564697,True,6-8
Cd(InCl4)2,1CdIn2F8-1,CdIn2F8,c2/m11,18,C2/m,Centered rectangular (oc),6.03510030018629,0.07292531088428172,Yes,F→Cl,0.63,3.98,3.16,0.8199999999999998,0.42,0.79,0.37000000000000005,0.8809523809523812,high,True,Cd(InCl4)2,c2/m11,c2/m11,False,False,new_composition,,,,,,,,614,3.2215394973754883,False,2-4
Ti(MoO4)2,1ZrMo2O8-1,Zr(MoO4)2,p-3m1,72,P-3m1,Hexagonal (hp),5.053658305514012,0.010557174425306732,Yes,Zr→Ti,0.535,1.33,1.54,0.20999999999999996,2.06,1.76,0.30000000000000004,0.14563106796116507,low,False,Ti(MoO4)2,p-3m1,p-3m1,False,False,new_composition,,,,,,,,616,2.927031993865967,False,2-4
BeB2F8,1MgB2F8-1,MgB2F8,p-3m1,72,P-3m1,Hexagonal (hp),10.617772574966027,0.0,Yes,Mg→Be,0.83,1.31,1.57,0.26,1.45,1.12,0.32999999999999985,0.22758620689655162,medium,True,BeB2F8,p-3m1,p-3m1,False,False,new_composition,,,,,,,,617,10.687213897705078,True,10-12
CaB2F8,1MgB2F8-1,MgB2F8,p-3m1,72,P-3m1,Hexagonal (hp),10.617772574966027,0.0,Yes,Mg→Ca,0.935,1.31,1.0,0.31000000000000005,1.45,1.94,0.49,0.33793103448275863,high,True,CaB2F8,p-3m1,p-3m1,False,False,new_composition,,,,,,,,618,10.52078628540039,True,10-12
SrB2F8,1MgB2F8-1,MgB2F8,p-3m1,72,P-3m1,Hexagonal (hp),10.617772574966027,0.0,Yes,Mg→Sr,0.925,1.31,0.95,0.3600000000000001,1.45,2.19,0.74,0.5103448275862069,high,True,SrB2F8,p-3m1,p-3m1,False,False,new_composition,,,,,,,,619,10.266165733337402,True,10-12
BaB2F8,1MgB2F8-1,MgB2F8,p-3m1,72,P-3m1,Hexagonal (hp),10.617772574966027,0.0,Yes,Mg→Ba,0.885,1.31,0.89,0.42000000000000004,1.45,2.53,1.0799999999999998,0.7448275862068965,high,True,BaB2F8,p-3m1,p-3m1,False,False,new_composition,,,,,,,,620,10.038864135742188,True,10-12
MgAl2F8,1MgB2F8-1,MgB2F8,p-3m1,72,P-3m1,Hexagonal (hp),10.617772574966027,0.0,Yes,B→Al,0.865,2.04,1.61,0.42999999999999994,0.87,1.18,0.30999999999999994,0.3563218390804597,high,True,MgAl2F8,p-3m1,p-3m1,False,False,new_composition,,,,,,,,621,9.774998664855957,True,8-10
MgGa2F8,1MgB2F8-1,MgB2F8,p-3m1,72,P-3m1,Hexagonal (hp),10.617772574966027,0.0,Yes,B→Ga,0.865,2.04,1.81,0.22999999999999998,0.87,1.36,0.4900000000000001,0.5632183908045978,high,True,MgGa2F8,p-3m1,p-3m1,False,False,new_composition,,,,,,,,622,6.472518444061279,True,6-8
Mg(BCl4)2,1MgB2F8-1,MgB2F8,p-3m1,72,P-3m1,Hexagonal (hp),10.617772574966027,0.0,Yes,F→Cl,0.89,3.98,3.16,0.8199999999999998,0.42,0.79,0.37000000000000005,0.8809523809523812,high,True,Mg(BCl4)2,p-3m1,p-3m1,False,False,new_composition,,,,,,,,623,5.395674228668213,True,4-6
Mg(BBr4)2,1MgB2F8-1,MgB2F8,p-3m1,72,P-3m1,Hexagonal (hp),10.617772574966027,0.0,Yes,F→Br,0.845,3.98,2.96,1.02,0.42,0.94,0.52,1.2380952380952381,high,True,Mg(BBr4)2,p-3m1,p-3m1,False,False,new_composition,,,,,,,,624,3.473402976989746,True,2-4
Mg(BI4)2,1MgB2F8-1,MgB2F8,p-3m1,72,P-3m1,Hexagonal (hp),10.617772574966027,0.0,Yes,F→I,0.805,3.98,2.66,1.3199999999999998,0.42,1.15,0.73,1.7380952380952381,high,True,Mg(BI4)2,p-3m1,p-3m1,False,False,new_composition,,,,,,,,625,3.0294318199157715,False,2-4
Ti(WO4)2,1ZrW2O8-1,Zr(WO4)2,p-3m1,72,P-3m1,Hexagonal (hp),5.321061306270534,0.023851201757125618,Yes,Zr→Ti,0.565,1.33,1.54,0.20999999999999996,2.06,1.76,0.30000000000000004,0.14563106796116507,low,False,Ti(WO4)2,p-3m1,p-3m1,False,False,new_composition,,,,,,,,627,3.270876884460449,False,2-4
BF3,2AlF3-2,AlF3,p-31m,71,P-31m,Hexagonal (hp),10.79158427023818,0.032977181729056504,Yes,Al→B,0.58,1.61,2.04,0.42999999999999994,1.18,0.87,0.30999999999999994,0.2627118644067796,medium,True,BF3,p-31m,p-31m,False,False,new_composition,,,,,,,,650,11.405045509338379,True,10-12
PF3,2SbF3-1,SbF3,p-3,66,P-3,Hexagonal (hp),6.459002884347144,0.0,Yes,Sb→P,0.56,2.05,2.19,0.14000000000000012,1.33,0.98,0.3500000000000001,0.26315789473684215,medium,True,PF3,p-3,p-3,False,False,new_composition,,,,,,,,651,6.621382713317871,True,6-8
Hf3ScP3Br4O,1OScHf3N3Br4-1,Hf3ScBr4N3O,cm11,13,Cm,Centered rectangular (oc),4.148427150011814,0.027299923043004586,Yes,N→P,0.545,3.04,2.19,0.8500000000000001,0.56,0.98,0.41999999999999993,0.7499999999999998,high,True,Hf3ScP3Br4O,cm11,cm11,False,False,new_composition,,,,,,,,652,1.8285831212997437,False,0-2
Hf3ScAs3Br4O,1OScHf3N3Br4-1,Hf3ScBr4N3O,cm11,13,Cm,Centered rectangular (oc),4.148427150011814,0.027299923043004586,Yes,N→As,0.505,3.04,2.18,0.8599999999999999,0.56,1.14,0.5799999999999998,1.0357142857142854,high,True,Hf3ScAs3Br4O,cm11,cm11,False,False,new_composition,,,,,,,,653,3.0642471313476562,False,2-4
Hf3ScSb3Br4O,1OScHf3N3Br4-1,Hf3ScBr4N3O,cm11,13,Cm,Centered rectangular (oc),4.148427150011814,0.027299923043004586,Yes,N→Sb,0.525,3.04,2.05,0.9900000000000002,0.56,1.33,0.77,1.375,high,True,Hf3ScSb3Br4O,cm11,cm11,False,False,new_composition,,,,,,,,654,1.9938914775848389,False,0-2
Ca2Be(SBr)2,1SrBr2Ca2S2-1,SrCa2(SBr)2,p-3m1,72,P-3m1,Hexagonal (hp),4.244068025794117,0.04163911727115251,Yes,Sr→Be,0.65,0.95,1.57,0.6200000000000001,2.19,1.12,1.0699999999999998,0.48858447488584467,high,True,Ca2Be(SBr)2,p-3m1,p-3m1,False,False,new_composition,,,,,,,,661,3.485354423522949,True,2-4
Ca2Mg(SBr)2,1SrBr2Ca2S2-1,SrCa2(SBr)2,p-3m1,72,P-3m1,Hexagonal (hp),4.244068025794117,0.04163911727115251,Yes,Sr→Mg,0.645,0.95,1.31,0.3600000000000001,2.19,1.45,0.74,0.3378995433789954,high,True,Ca2Mg(SBr)2,p-3m1,p-3m1,False,False,new_composition,,,,,,,,662,3.997565269470215,True,2-4
Ca3(SBr)2,1SrBr2Ca2S2-1,SrCa2(SBr)2,p-3m1,72,P-3m1,Hexagonal (hp),4.244068025794117,0.04163911727115251,Yes,Sr→Ca,0.6,0.95,1.0,0.050000000000000044,2.19,1.94,0.25,0.11415525114155252,low,False,Ca3(SBr)2,p-3m1,p-3m1,False,False,new_composition,,,,,,,,663,4.071579933166504,True,4-6
BaCa2(SBr)2,1SrBr2Ca2S2-1,SrCa2(SBr)2,p-3m1,72,P-3m1,Hexagonal (hp),4.244068025794117,0.04163911727115251,Yes,Sr→Ba,0.69,0.95,0.89,0.05999999999999994,2.19,2.53,0.33999999999999986,0.15525114155251135,medium,True,BaCa2(SBr)2,p-3m1,p-3m1,False,False,new_composition,,,,,,,,664,3.6503262519836426,True,2-4
SrBe2(SBr)2,1SrBr2Ca2S2-1,SrCa2(SBr)2,p-3m1,72,P-3m1,Hexagonal (hp),4.244068025794117,0.04163911727115251,Yes,Ca→Be,0.69,1.0,1.57,0.5700000000000001,1.94,1.12,0.8199999999999998,0.42268041237113396,high,True,SrBe2(SBr)2,p-3m1,p-3m1,False,False,new_composition,,,,,,,,665,3.6457314491271973,True,2-4
SrMg2(SBr)2,1SrBr2Ca2S2-1,SrCa2(SBr)2,p-3m1,72,P-3m1,Hexagonal (hp),4.244068025794117,0.04163911727115251,Yes,Ca→Mg,0.715,1.0,1.31,0.31000000000000005,1.94,1.45,0.49,0.25257731958762886,medium,True,SrMg2(SBr)2,p-3m1,p-3m1,False,False,new_composition,,,,,,,,666,4.179530620574951,True,4-6
Sr3(SBr)2,1SrBr2Ca2S2-1,SrCa2(SBr)2,p-3m1,72,P-3m1,Hexagonal (hp),4.244068025794117,0.04163911727115251,Yes,Ca→Sr,0.66,1.0,0.95,0.050000000000000044,1.94,2.19,0.25,0.1288659793814433,low,False,Sr3(SBr)2,p-3m1,p-3m1,False,False,new_composition,,,,,,,,667,3.922530174255371,True,2-4
Ba2Sr(SBr)2,1SrBr2Ca2S2-1,SrCa2(SBr)2,p-3m1,72,P-3m1,Hexagonal (hp),4.244068025794117,0.04163911727115251,Yes,Ca→Ba,0.65,1.0,0.89,0.10999999999999999,1.94,2.53,0.5899999999999999,0.3041237113402061,high,True,Ba2Sr(SBr)2,p-3m1,p-3m1,False,False,new_composition,,,,,,,,668,3.5746288299560547,True,2-4
SrCa2(SF)2,1SrBr2Ca2S2-1,SrCa2(SBr)2,p-3m1,72,P-3m1,Hexagonal (hp),4.244068025794117,0.04163911727115251,Yes,Br→F,0.575,2.96,3.98,1.02,0.94,0.42,0.52,0.5531914893617021,high,True,SrCa2(SF)2,p-3m1,p-3m1,False,False,new_composition,,,,,,,,669,3.772207260131836,True,2-4
SrCa2(SCl)2,1SrBr2Ca2S2-1,SrCa2(SBr)2,p-3m1,72,P-3m1,Hexagonal (hp),4.244068025794117,0.04163911727115251,Yes,Br→Cl,0.68,2.96,3.16,0.20000000000000018,0.94,0.79,0.1499999999999999,0.1595744680851063,medium,True,SrCa2(SCl)2,p-3m1,p-3m1,False,False,new_composition,,,,,,,,670,3.893956184387207,True,2-4
SrCa2(SI)2,1SrBr2Ca2S2-1,SrCa2(SBr)2,p-3m1,72,P-3m1,Hexagonal (hp),4.244068025794117,0.04163911727115251,Yes,Br→I,0.635,2.96,2.66,0.2999999999999998,0.94,1.15,0.20999999999999996,0.2234042553191489,medium,True,SrCa2(SI)2,p-3m1,p-3m1,False,False,new_composition,,,,,,,,671,3.951012134552002,True,2-4
BePb(SO4)2,1PbSrS2O8-1,SrPb(SO4)2,cm11,13,Cm,Centered rectangular (oc),5.262355922733788,0.02490888165862189,Yes,Sr→Be,0.68,0.95,1.57,0.6200000000000001,2.19,1.12,1.0699999999999998,0.48858447488584467,high,True,BePb(SO4)2,cm11,cm11,False,False,new_composition,,,,,,,,672,5.594615936279297,True,4-6
MgPb(SO4)2,1PbSrS2O8-1,SrPb(SO4)2,cm11,13,Cm,Centered rectangular (oc),5.262355922733788,0.02490888165862189,Yes,Sr→Mg,0.675,0.95,1.31,0.3600000000000001,2.19,1.45,0.74,0.3378995433789954,high,True,MgPb(SO4)2,cm11,cm11,False,False,new_composition,,,,,,,,673,5.731950759887695,True,4-6
CaPb(SO4)2,1PbSrS2O8-1,SrPb(SO4)2,cm11,13,Cm,Centered rectangular (oc),5.262355922733788,0.02490888165862189,Yes,Sr→Ca,0.775,0.95,1.0,0.050000000000000044,2.19,1.94,0.25,0.11415525114155252,low,False,CaPb(SO4)2,cm11,cm11,False,False,new_composition,,,,,,,,674,5.366857051849365,True,4-6
BaPb(SO4)2,1PbSrS2O8-1,SrPb(SO4)2,cm11,13,Cm,Centered rectangular (oc),5.262355922733788,0.02490888165862189,Yes,Sr→Ba,0.73,0.95,0.89,0.05999999999999994,2.19,2.53,0.33999999999999986,0.15525114155251135,medium,True,BaPb(SO4)2,cm11,cm11,False,False,new_composition,,,,,,,,675,5.225359916687012,True,4-6
Hf3O5F2,1Br2Hf3O5-1,Hf3Br2O5,p1,1,P1,Oblique (mp),4.925663945295126,0.06488929898179414,Yes,Br→F,0.62,2.96,3.98,1.02,0.94,0.42,0.52,0.5531914893617021,high,True,Hf3O5F2,p1,p1,False,False,new_composition,,,,,,,,676,5.89437198638916,True,4-6
Zr3Br2O5,1Br2Hf3O5-1,Hf3Br2O5,p1,1,P1,Oblique (mp),4.925663945295126,0.06488929898179414,Yes,Hf→Zr,0.505,1.3,1.33,0.030000000000000027,2.08,2.06,0.020000000000000018,0.009615384615384623,low,False,Zr3Br2O5,p1,p1,False,False,new_composition,,,,,,,,678,5.085004806518555,True,4-6
MgAs2(OF)4,1BeAs2F4O4-1,BeAs2(OF)4,c211,10,C2,Centered rectangular (oc),6.123718725945416,0.0,Yes,Be→Mg,0.79,1.57,1.31,0.26,1.12,1.45,0.32999999999999985,0.294642857142857,medium,True,MgAs2(OF)4,c211,c211,False,False,new_composition,,,,,,,,679,5.60241174697876,True,4-6
CaAs2(OF)4,1BeAs2F4O4-1,BeAs2(OF)4,c211,10,C2,Centered rectangular (oc),6.123718725945416,0.0,Yes,Be→Ca,0.76,1.57,1.0,0.5700000000000001,1.12,1.94,0.8199999999999998,0.732142857142857,high,True,CaAs2(OF)4,c211,c211,False,False,new_composition,,,,,,,,680,5.530741214752197,True,4-6
SrAs2(OF)4,1BeAs2F4O4-1,BeAs2(OF)4,c211,10,C2,Centered rectangular (oc),6.123718725945416,0.0,Yes,Be→Sr,0.67,1.57,0.95,0.6200000000000001,1.12,2.19,1.0699999999999998,0.9553571428571426,high,True,SrAs2(OF)4,c211,c211,False,False,new_composition,,,,,,,,681,5.747626304626465,True,4-6
BaAs2(OF)4,1BeAs2F4O4-1,BeAs2(OF)4,c211,10,C2,Centered rectangular (oc),6.123718725945416,0.0,Yes,Be→Ba,0.62,1.57,0.89,0.68,1.12,2.53,1.4099999999999997,1.258928571428571,high,True,BaAs2(OF)4,c211,c211,False,False,new_composition,,,,,,,,682,5.7182698249816895,True,4-6
BeN2(OF)4,1BeAs2F4O4-1,BeAs2(OF)4,c211,10,C2,Centered rectangular (oc),6.123718725945416,0.0,Yes,As→N,0.765,2.18,3.04,0.8599999999999999,1.14,0.56,0.5799999999999998,0.5087719298245613,high,True,BeN2(OF)4,c211,c211,False,False,new_composition,,,,,,,,683,4.6570234298706055,True,4-6
BeSb2(OF)4,1BeAs2F4O4-1,BeAs2(OF)4,c211,10,C2,Centered rectangular (oc),6.123718725945416,0.0,Yes,As→Sb,0.735,2.18,2.05,0.13000000000000034,1.14,1.33,0.19000000000000017,0.16666666666666682,medium,True,BeSb2(OF)4,c211,c211,False,False,new_composition,,,,,,,,685,4.297384262084961,True,4-6
BeAs2(ClO)4,1BeAs2F4O4-1,BeAs2(OF)4,c211,10,C2,Centered rectangular (oc),6.123718725945416,0.0,Yes,F→Cl,0.665,3.98,3.16,0.8199999999999998,0.42,0.79,0.37000000000000005,0.8809523809523812,high,True,BeAs2(ClO)4,c211,c211,False,False,new_composition,,,,,,,,686,3.1757707595825195,False,2-4
BeAs2(BrO)4,1BeAs2F4O4-1,BeAs2(OF)4,c211,10,C2,Centered rectangular (oc),6.123718725945416,0.0,Yes,F→Br,0.635,3.98,2.96,1.02,0.42,0.94,0.52,1.2380952380952381,high,True,BeAs2(BrO)4,c211,c211,False,False,new_composition,,,,,,,,687,2.6556649208068848,False,2-4
BeAs2(IO)4,1BeAs2F4O4-1,BeAs2(OF)4,c211,10,C2,Centered rectangular (oc),6.123718725945416,0.0,Yes,F→I,0.54,3.98,2.66,1.3199999999999998,0.42,1.15,0.73,1.7380952380952381,high,True,BeAs2(IO)4,c211,c211,False,False,new_composition,,,,,,,,688,2.551893711090088,False,2-4
MgP2(SF)4,1BeP2F4S4-1,BeP2(SF)4,c211,10,C2,Centered rectangular (oc),5.121608088983676,0.08047915839698176,Yes,Be→Mg,0.76,1.57,1.31,0.26,1.12,1.45,0.32999999999999985,0.294642857142857,medium,True,MgP2(SF)4,c211,c211,False,False,new_composition,,,,,,,,689,3.2702460289001465,False,2-4
CaP2(SF)4,1BeP2F4S4-1,BeP2(SF)4,c211,10,C2,Centered rectangular (oc),5.121608088983676,0.08047915839698176,Yes,Be→Ca,0.685,1.57,1.0,0.5700000000000001,1.12,1.94,0.8199999999999998,0.732142857142857,high,True,CaP2(SF)4,c211,c211,False,False,new_composition,,,,,,,,690,5.331434726715088,True,4-6
SrP2(SF)4,1BeP2F4S4-1,BeP2(SF)4,c211,10,C2,Centered rectangular (oc),5.121608088983676,0.08047915839698176,Yes,Be→Sr,0.545,1.57,0.95,0.6200000000000001,1.12,2.19,1.0699999999999998,0.9553571428571426,high,True,SrP2(SF)4,c211,c211,False,False,new_composition,,,,,,,,691,5.804643154144287,True,4-6
BeS4(NF2)2,1BeP2F4S4-1,BeP2(SF)4,c211,10,C2,Centered rectangular (oc),5.121608088983676,0.08047915839698176,Yes,P→N,0.785,2.19,3.04,0.8500000000000001,0.98,0.56,0.41999999999999993,0.4285714285714285,high,True,BeS4(NF2)2,c211,c211,False,False,new_composition,,,,,,,,692,4.094064712524414,True,4-6
BeP2(SCl)4,1BeP2F4S4-1,BeP2(SF)4,c211,10,C2,Centered rectangular (oc),5.121608088983676,0.08047915839698176,Yes,F→Cl,0.715,3.98,3.16,0.8199999999999998,0.42,0.79,0.37000000000000005,0.8809523809523812,high,True,BeP2(SCl)4,c211,c211,False,False,new_composition,,,,,,,,695,3.9882068634033203,True,2-4
BeP2(SBr)4,1BeP2F4S4-1,BeP2(SF)4,c211,10,C2,Centered rectangular (oc),5.121608088983676,0.08047915839698176,Yes,F→Br,0.6,3.98,2.96,1.02,0.42,0.94,0.52,1.2380952380952381,high,True,BeP2(SBr)4,c211,c211,False,False,new_composition,,,,,,,,696,3.084807872772217,False,2-4
